[
  {
    "id":"1193013158128571793"
   ,"Identification":{
      "Name":"Set First Run Preference"
    }
   ,"Execution":{
      "Sequence":560
    }
  }
 ,{
    "id":"1389551840454490877"
   ,"Identification":{
      "Name":"Create eba_cust_acl_features"
    }
   ,"Execution":{
      "Sequence":420
    }
  }
 ,{
    "id":"1389596874406580376"
   ,"Identification":{
      "Name":"populate eba_cust_acl_features"
    }
   ,"Execution":{
      "Sequence":570
    }
  }
 ,{
    "id":"2595443490436392161"
   ,"Identification":{
      "Name":"issues"
    }
   ,"Execution":{
      "Sequence":330
    }
  }
 ,{
    "id":"4043518700598987163"
   ,"Identification":{
      "Name":"customer after delete trigger"
    }
   ,"Execution":{
      "Sequence":580
    }
  }
 ,{
    "id":"14309331941191183105"
   ,"Identification":{
      "Name":"product statuses"
    }
   ,"Execution":{
      "Sequence":260
    }
  }
 ,{
    "id":"14962544044288121446"
   ,"Identification":{
      "Name":"Click Counting Table"
    }
   ,"Execution":{
      "Sequence":490
    }
  }
 ,{
    "id":"14962982340753627498"
   ,"Identification":{
      "Name":"Content Validation Table"
    }
   ,"Execution":{
      "Sequence":500
    }
  }
 ,{
    "id":"15640396689915650180"
   ,"Identification":{
      "Name":"Reference Types"
    }
   ,"Execution":{
      "Sequence":270
    }
  }
 ,{
    "id":"15848145887956602073"
   ,"Identification":{
      "Name":"phase"
    }
   ,"Execution":{
      "Sequence":510
    }
  }
 ,{
    "id":"15926602260040678074"
   ,"Identification":{
      "Name":"eba_cust_sales_channel"
    }
   ,"Execution":{
      "Sequence":210
    }
  }
 ,{
    "id":"15954548937578735292"
   ,"Identification":{
      "Name":"eba_cust spec"
    }
   ,"Execution":{
      "Sequence":60
    }
  }
 ,{
    "id":"15954610327798751387"
   ,"Identification":{
      "Name":"eba_cust body"
    }
   ,"Execution":{
      "Sequence":430
    }
  }
 ,{
    "id":"15955719419824023548"
   ,"Identification":{
      "Name":"load acl data"
    }
   ,"Execution":{
      "Sequence":410
    }
  }
 ,{
    "id":"16317094319388139573"
   ,"Identification":{
      "Name":"notifications"
    }
   ,"Execution":{
      "Sequence":440
    }
  }
 ,{
    "id":"16452422328170864760"
   ,"Identification":{
      "Name":"notes"
    }
   ,"Execution":{
      "Sequence":450
    }
  }
 ,{
    "id":"16617299338390856875"
   ,"Identification":{
      "Name":"eba_cust_sample_data spec"
    }
   ,"Execution":{
      "Sequence":70
    }
  }
 ,{
    "id":"16617300041638867265"
   ,"Identification":{
      "Name":"eba_cust_sample_data body"
    }
   ,"Execution":{
      "Sequence":460
    }
  }
 ,{
    "id":"16623979818802269199"
   ,"Identification":{
      "Name":"countries"
    }
   ,"Execution":{
      "Sequence":90
    }
  }
 ,{
    "id":"16628340440308790449"
   ,"Identification":{
      "Name":"history"
    }
   ,"Execution":{
      "Sequence":100
    }
  }
 ,{
    "id":"16628356323152022031"
   ,"Identification":{
      "Name":"eba_cust_customers trigger"
    }
   ,"Execution":{
      "Sequence":380
    }
  }
 ,{
    "id":"16630234621077134126"
   ,"Identification":{
      "Name":"view"
    }
   ,"Execution":{
      "Sequence":480
    }
  }
 ,{
    "id":"16640404119888176362"
   ,"Identification":{
      "Name":"timezone"
    }
   ,"Execution":{
      "Sequence":50
    }
  }
 ,{
    "id":"16641460832403834293"
   ,"Identification":{
      "Name":"Load base data"
    }
   ,"Execution":{
      "Sequence":400
    }
  }
 ,{
    "id":"16689641448974737211"
   ,"Identification":{
      "Name":"lookup"
    }
   ,"Execution":{
      "Sequence":120
    }
  }
 ,{
    "id":"16689641624863739677"
   ,"Identification":{
      "Name":"preferences"
    }
   ,"Execution":{
      "Sequence":130
    }
  }
 ,{
    "id":"16689641834214742405"
   ,"Identification":{
      "Name":"industries"
    }
   ,"Execution":{
      "Sequence":140
    }
  }
 ,{
    "id":"16689642042179744684"
   ,"Identification":{
      "Name":"geographies"
    }
   ,"Execution":{
      "Sequence":80
    }
  }
 ,{
    "id":"16689642217376746993"
   ,"Identification":{
      "Name":"categories"
    }
   ,"Execution":{
      "Sequence":150
    }
  }
 ,{
    "id":"16689642424648749102"
   ,"Identification":{
      "Name":"Customer Statuses"
    }
   ,"Execution":{
      "Sequence":160
    }
  }
 ,{
    "id":"16689642632267751308"
   ,"Identification":{
      "Name":"products"
    }
   ,"Execution":{
      "Sequence":200
    }
  }
 ,{
    "id":"16689642817853756601"
   ,"Identification":{
      "Name":"customers"
    }
   ,"Execution":{
      "Sequence":220
    }
  }
 ,{
    "id":"16689643025472758820"
   ,"Identification":{
      "Name":"product uses"
    }
   ,"Execution":{
      "Sequence":250
    }
  }
 ,{
    "id":"16689643233090761020"
   ,"Identification":{
      "Name":"contact types"
    }
   ,"Execution":{
      "Sequence":230
    }
  }
 ,{
    "id":"16689643440363763041"
   ,"Identification":{
      "Name":"contacts"
    }
   ,"Execution":{
      "Sequence":240
    }
  }
 ,{
    "id":"16689643646943765026"
   ,"Identification":{
      "Name":"customer files"
    }
   ,"Execution":{
      "Sequence":280
    }
  }
 ,{
    "id":"16689643821101767029"
   ,"Identification":{
      "Name":"customer links"
    }
   ,"Execution":{
      "Sequence":290
    }
  }
 ,{
    "id":"16689644029412769352"
   ,"Identification":{
      "Name":"customer view log"
    }
   ,"Execution":{
      "Sequence":300
    }
  }
 ,{
    "id":"16689644236684771530"
   ,"Identification":{
      "Name":"customer admins"
    }
   ,"Execution":{
      "Sequence":310
    }
  }
 ,{
    "id":"16689644446381774242"
   ,"Identification":{
      "Name":"tags"
    }
   ,"Execution":{
      "Sequence":320
    }
  }
 ,{
    "id":"16736379724716464848"
   ,"Identification":{
      "Name":"error log"
    }
   ,"Execution":{
      "Sequence":20
    }
  }
 ,{
    "id":"16738657119194195608"
   ,"Identification":{
      "Name":"Framework Spec"
    }
   ,"Execution":{
      "Sequence":30
    }
  }
 ,{
    "id":"16738657325081197317"
   ,"Identification":{
      "Name":"Framework Body"
    }
   ,"Execution":{
      "Sequence":390
    }
  }
 ,{
    "id":"16793429018799557549"
   ,"Identification":{
      "Name":"Set plscope_settings"
    }
   ,"Execution":{
      "Sequence":10
    }
  }
 ,{
    "id":"17143909997683454821"
   ,"Identification":{
      "Name":"Customer Types"
    }
   ,"Execution":{
      "Sequence":170
    }
  }
 ,{
    "id":"17146589266254530400"
   ,"Identification":{
      "Name":"Customer Use Cases"
    }
   ,"Execution":{
      "Sequence":180
    }
  }
 ,{
    "id":"17742467186708694665"
   ,"Identification":{
      "Name":"Competitors"
    }
   ,"Execution":{
      "Sequence":350
    }
  }
 ,{
    "id":"17742471719061640516"
   ,"Identification":{
      "Name":"Implementation Partners"
    }
   ,"Execution":{
      "Sequence":340
    }
  }
 ,{
    "id":"17784360690245627831"
   ,"Identification":{
      "Name":"Product Families"
    }
   ,"Execution":{
      "Sequence":190
    }
  }
 ,{
    "id":"17822630273676160517"
   ,"Identification":{
      "Name":"access levels and users"
    }
   ,"Execution":{
      "Sequence":110
    }
  }
 ,{
    "id":"17822631284422201102"
   ,"Identification":{
      "Name":"add ddl comments"
    }
   ,"Execution":{
      "Sequence":470
    }
  }
 ,{
    "id":"17823721356248798131"
   ,"Identification":{
      "Name":"create sequence"
    }
   ,"Execution":{
      "Sequence":40
    }
  }
 ,{
    "id":"17837488750876014642"
   ,"Identification":{
      "Name":"create triggers"
    }
   ,"Execution":{
      "Sequence":370
    }
  }
 ,{
    "id":"18164815713750898029"
   ,"Identification":{
      "Name":"Activities"
    }
   ,"Execution":{
      "Sequence":360
    }
  }
 ,{
    "id":"18759502265234300470"
   ,"Identification":{
      "Name":"Feedback tables, data, and triggers"
    }
   ,"Execution":{
      "Sequence":520
    }
  }
 ,{
    "id":"18763924057245303257"
   ,"Identification":{
      "Name":"email log DDL"
    }
   ,"Execution":{
      "Sequence":530
    }
  }
 ,{
    "id":"18764150686924380611"
   ,"Identification":{
      "Name":"eba_cust_email package spec"
    }
   ,"Execution":{
      "Sequence":540
    }
  }
 ,{
    "id":"18764237797013397224"
   ,"Identification":{
      "Name":"eba_cust_email package body"
    }
   ,"Execution":{
      "Sequence":550
    }
  }
]
