{
  "id":"12"
 ,"Identification":{
    "Name":"EMPS"
   ,"Alias":"EMPS1"
   ,"Title":"EMPS"
  }
 ,"Appearance":{
    "Page Mode":"Normal"
   ,"Page Template":"Theme Default"
   ,"Template Options":[
      "#DEFAULT#"
    ]
  }
 ,"Navigation Menu":{
    "Override User Interface Level":false
  }
 ,"Navigation":{
    "Cursor Focus":"Do not focus cursor"
   ,"Warn on Unsaved Changes":true
  }
 ,"Security":{
    "Authentication":"Page Requires Authentication"
   ,"Deep Linking":"Application Default"
   ,"Page Access Protection":"Arguments Must Have Checksum"
   ,"Form Auto Complete":"Off"
   ,"Browser Cache":"Application Default"
  }
 ,"Session Management":{
    "Rejoin Sessions":"Application Default"
  }
 ,"Advanced":{
    "Enable duplicate page submissions":"Yes - Enable page to be re-posted"
   ,"Reload on Submit":"Only for Success"
  }
 ,"Server Cache":{
    "Caching":"Disabled"
  }
 ,"Regions":[
    {
      "id":"18161611927563190"
     ,"Identification":{
        "Title":"Form on DEPT"
       ,"Type":"Form"
      }
     ,"Source":{
        "Location":"Local Database"
       ,"Type":"Table \/ View"
       ,"Table Owner":"Parsing Schema"
       ,"Table Name":"DEPT"
       ,"Include ROWID Column":false
       ,"Order By Clause":"DEPTNO"
      }
     ,"Layout":{
        "Sequence":10
       ,"Parent Region":"No Parent"
       ,"Position":"BODY"
       ,"Start New Layout":false
       ,"Start New Row":true
       ,"Column":"Automatic"
       ,"New Column":true
       ,"Column Span":"Automatic"
      }
     ,"Appearance":{
        "Template":"Standard (13849955699228546)"
       ,"Template Options":[
          "#DEFAULT#"
         ,"t-Region--scrollBody"
        ]
       ,"Render Components":"Above Content"
      }
     ,"Advanced":{
        "Region Display Selector":false
       ,"Exclude Title from Translation":false
      }
     ,"Server Cache":{
        "Caching":"Disabled"
      }
     ,"Customization":{
        "Customizable":"Not Customizable By End Users"
      }
     ,"Attributes":{
        "Edit":{
          "Enabled":true
         ,"Allowed Operations":[
            "Add Row"
           ,"Update Row"
           ,"Delete Row"
          ]
         ,"Lost Update Type":"Row Values"
        }
      }
    }
   ,{
      "id":"18174359604563205"
     ,"Identification":{
        "Title":"Breadcrumb"
       ,"Type":"Breadcrumb"
      }
     ,"Source":{
        "Breadcrumb":"Breadcrumb (13799618844228479)"
      }
     ,"Layout":{
        "Sequence":10
       ,"Parent Region":"No Parent"
       ,"Position":"REGION_POSITION_01"
       ,"Start New Layout":false
       ,"Start New Row":true
       ,"Column":"Automatic"
       ,"New Column":true
       ,"Column Span":"Automatic"
      }
     ,"Appearance":{
        "Template":"Title Bar (13859311033228553)"
       ,"Template Options":[
          "#DEFAULT#"
         ,"t-BreadcrumbRegion--useBreadcrumbTitle"
        ]
       ,"Render Components":"Above Content"
      }
     ,"Advanced":{
        "Region Display Selector":false
       ,"Exclude Title from Translation":false
      }
     ,"Server Cache":{
        "Caching":"Disabled"
      }
     ,"Customization":{
        "Customizable":"Not Customizable By End Users"
      }
     ,"Attributes":{
        "Appearance":{
          "Breadcrumb Template":"Breadcrumb (13907436204228599)"
         ,"Template Options":[
            "#DEFAULT#"
          ]
        }
      }
    }
   ,{
      "id":"18174980359563223"
     ,"Identification":{
        "Title":"EMPS"
       ,"Type":"Interactive Grid"
      }
     ,"Source":{
        "Location":"Local Database"
       ,"Type":"Table \/ View"
       ,"Table Owner":"Parsing Schema"
       ,"Table Name":"EMP"
       ,"Include ROWID Column":false
       ,"Where Clause":"DEPTNO = :P12_DEPTNO"
       ,"Page Items to Submit":[
          "P12_DEPTNO"
        ]
      }
     ,"Layout":{
        "Sequence":30
       ,"Parent Region":"No Parent"
       ,"Position":"BODY"
       ,"Start New Layout":false
       ,"Start New Row":true
       ,"Column":"Automatic"
       ,"New Column":true
       ,"Column Span":"Automatic"
      }
     ,"Appearance":{
        "Template":"Interactive Report (13848872653228545)"
       ,"Template Options":[
          "#DEFAULT#"
        ]
       ,"Render Components":"Above Content"
      }
     ,"Advanced":{
        "Region Display Selector":false
       ,"Exclude Title from Translation":false
      }
     ,"Server-side Condition":{
        "Type":"Item is NOT NULL"
       ,"Item":"P12_DEPTNO"
      }
     ,"Server Cache":{
        "Caching":"Disabled"
      }
     ,"Customization":{
        "Customizable":"Not Customizable By End Users"
      }
     ,"Attributes":{
        "id":"18175437718563224"
       ,"Edit":{
          "Enabled":true
         ,"Allowed Operations":[
            "Add Row"
           ,"Update Row"
           ,"Delete Row"
          ]
         ,"Lost Update Type":"Row Values"
         ,"Add Row If Empty":true
        }
       ,"Performance":{
          "Lazy Loading":false
        }
       ,"Appearance":{
          "Select First Row":true
         ,"Fixed Row Height":true
        }
       ,"Pagination":{
          "Type":"Scroll"
         ,"Show Total Count":true
        }
       ,"Toolbar":{
          "Show":true
         ,"Controls":[
            "Search Column Selection"
           ,"Search Field"
           ,"Actions Menu"
           ,"Reset Button"
          ]
        }
       ,"Enable Users To":{
          "Save Public Report":false
         ,"Flashback":true
         ,"Define Chart View":true
         ,"Download":true
        }
       ,"Download":{
          "Formats":[
            "CSV"
           ,"HTML"
           ,"PDF"
           ,"Excel"
          ]
         ,"Send as Email":true
        }
       ,"Heading":{
          "Fixed To":"Page"
        }
       ,"Icon View":{
          "Show":false
        }
       ,"Detail View":{
          "Show":false
        }
       ,"Saved Reports":[
          {
            "id":"18175851165563224"
           ,"Identification":{
              "Name":"Primary Report"
             ,"Alias":"181759"
            }
          }
        ]
      }
     ,"Columns":[
        {
          "id":"18176222726563225"
         ,"Identification":{
            "Column Name":"APEX$ROW_SELECTOR"
           ,"Type":"Row Selector"
          }
         ,"Settings":{
            "Enable Multi Select":true
           ,"Show Select All":true
           ,"Hide Control":false
          }
         ,"Layout":{
            "Sequence":10
          }
        }
       ,{
          "id":"18176799357563225"
         ,"Identification":{
            "Column Name":"APEX$ROW_ACTION"
           ,"Type":"Actions Menu"
          }
         ,"Layout":{
            "Sequence":20
          }
        }
       ,{
          "id":"18177705763563226"
         ,"Identification":{
            "Column Name":"EMPNO"
           ,"Type":"Hidden"
          }
         ,"Settings":{
            "Value Protected":true
          }
         ,"Layout":{
            "Sequence":30
          }
         ,"Accessibility":{
            "Value Identifies Row":false
          }
         ,"Source":{
            "Type":"Database Column"
           ,"Database Column":"EMPNO"
           ,"Data Type":"NUMBER"
           ,"Query Only":false
           ,"Primary Key":true
          }
         ,"Default":{
            "Duplicate Copies Existing Value":true
          }
         ,"Session State":{
            "Data Type":"VARCHAR2"
          }
         ,"Export \/ Printing":{
            "Include In Export \/ Print":false
          }
         ,"Enable Users To":{
            "Sort":true
           ,"Control Break\/Aggregate":true
          }
        }
       ,{
          "id":"18178713001563227"
         ,"Identification":{
            "Column Name":"ENAME"
           ,"Type":"Text Field"
          }
         ,"Heading":{
            "Heading":"Ename"
           ,"Alignment":"start"
          }
         ,"Settings":{
            "Trim Spaces":"Leading and Trailing"
           ,"Text Case":"NO CHANGE"
          }
         ,"Layout":{
            "Sequence":40
           ,"Column Alignment":"start"
           ,"Stretch":"Use Report Setting"
          }
         ,"Accessibility":{
            "Value Identifies Row":false
          }
         ,"Validation":{
            "Value Required":false
           ,"Maximum Length":10
          }
         ,"Source":{
            "Type":"Database Column"
           ,"Database Column":"ENAME"
           ,"Data Type":"VARCHAR2"
           ,"Query Only":false
           ,"Primary Key":false
          }
         ,"Default":{
            "Duplicate Copies Existing Value":true
          }
         ,"Column Filter":{
            "Enabled":true
           ,"Performance Impacting Operators":[
              "Contains"
             ,"Starts With"
             ,"Case Insensitive"
             ,"Regular Expression"
            ]
           ,"Text Case":"Mixed"
           ,"LOV Type":"Distinct Column"
           ,"Exact Match":true
          }
         ,"Export \/ Printing":{
            "Include In Export \/ Print":true
          }
         ,"Enable Users To":{
            "Sort":true
           ,"Control Break\/Aggregate":true
           ,"Hide":true
          }
        }
       ,{
          "id":"18179713937563227"
         ,"Identification":{
            "Column Name":"JOB"
           ,"Type":"Text Field"
          }
         ,"Heading":{
            "Heading":"Job"
           ,"Alignment":"start"
          }
         ,"Settings":{
            "Trim Spaces":"Leading and Trailing"
           ,"Text Case":"NO CHANGE"
          }
         ,"Layout":{
            "Sequence":50
           ,"Column Alignment":"start"
           ,"Stretch":"Use Report Setting"
          }
         ,"Accessibility":{
            "Value Identifies Row":false
          }
         ,"Validation":{
            "Value Required":false
           ,"Maximum Length":9
          }
         ,"Source":{
            "Type":"Database Column"
           ,"Database Column":"JOB"
           ,"Data Type":"VARCHAR2"
           ,"Query Only":false
           ,"Primary Key":false
          }
         ,"Default":{
            "Duplicate Copies Existing Value":true
          }
         ,"Column Filter":{
            "Enabled":true
           ,"Performance Impacting Operators":[
              "Contains"
             ,"Starts With"
             ,"Case Insensitive"
             ,"Regular Expression"
            ]
           ,"Text Case":"Mixed"
           ,"LOV Type":"Distinct Column"
           ,"Exact Match":true
          }
         ,"Export \/ Printing":{
            "Include In Export \/ Print":true
          }
         ,"Enable Users To":{
            "Sort":true
           ,"Control Break\/Aggregate":true
           ,"Hide":true
          }
        }
       ,{
          "id":"18180730778563228"
         ,"Identification":{
            "Column Name":"MGR"
           ,"Type":"Number Field"
          }
         ,"Heading":{
            "Heading":"Mgr"
           ,"Alignment":"end"
          }
         ,"Settings":{
            "Number Alignment":"Start"
           ,"Virtual Keyboard":"Decimal"
          }
         ,"Layout":{
            "Sequence":60
           ,"Column Alignment":"end"
           ,"Stretch":"Use Report Setting"
          }
         ,"Accessibility":{
            "Value Identifies Row":false
          }
         ,"Validation":{
            "Value Required":false
          }
         ,"Source":{
            "Type":"Database Column"
           ,"Database Column":"MGR"
           ,"Data Type":"NUMBER"
           ,"Query Only":false
           ,"Primary Key":false
          }
         ,"Default":{
            "Duplicate Copies Existing Value":true
          }
         ,"Column Filter":{
            "Enabled":true
           ,"LOV Type":"None"
          }
         ,"Export \/ Printing":{
            "Include In Export \/ Print":true
          }
         ,"Enable Users To":{
            "Sort":true
           ,"Control Break\/Aggregate":true
           ,"Hide":true
          }
        }
       ,{
          "id":"18181716305563228"
         ,"Identification":{
            "Column Name":"HIREDATE"
           ,"Type":"Date Picker"
          }
         ,"Heading":{
            "Heading":"Hiredate"
           ,"Alignment":"start"
          }
         ,"Settings":{
            "Show Time":false
           ,"Display As":"Popup"
           ,"Minimum Date":"None"
           ,"Maximum Date":"None"
           ,"Multiple Months":"No"
           ,"Use Defaults":true
          }
         ,"Layout":{
            "Sequence":70
           ,"Column Alignment":"start"
           ,"Stretch":"Use Report Setting"
          }
         ,"Accessibility":{
            "Value Identifies Row":false
          }
         ,"Validation":{
            "Value Required":false
          }
         ,"Source":{
            "Type":"Database Column"
           ,"Database Column":"HIREDATE"
           ,"Data Type":"DATE"
           ,"Query Only":false
           ,"Primary Key":false
          }
         ,"Default":{
            "Duplicate Copies Existing Value":true
          }
         ,"Column Filter":{
            "Enabled":true
           ,"LOV Type":"Distinct Column"
           ,"Date Ranges":"All"
          }
         ,"Export \/ Printing":{
            "Include In Export \/ Print":true
          }
         ,"Enable Users To":{
            "Sort":true
           ,"Control Break\/Aggregate":true
           ,"Hide":true
          }
        }
       ,{
          "id":"18182727564563229"
         ,"Identification":{
            "Column Name":"SAL"
           ,"Type":"Number Field"
          }
         ,"Heading":{
            "Heading":"Sal"
           ,"Alignment":"end"
          }
         ,"Settings":{
            "Number Alignment":"Start"
           ,"Virtual Keyboard":"Decimal"
          }
         ,"Layout":{
            "Sequence":80
           ,"Column Alignment":"end"
           ,"Stretch":"Use Report Setting"
          }
         ,"Accessibility":{
            "Value Identifies Row":false
          }
         ,"Validation":{
            "Value Required":false
          }
         ,"Source":{
            "Type":"Database Column"
           ,"Database Column":"SAL"
           ,"Data Type":"NUMBER"
           ,"Query Only":false
           ,"Primary Key":false
          }
         ,"Default":{
            "Duplicate Copies Existing Value":true
          }
         ,"Column Filter":{
            "Enabled":true
           ,"LOV Type":"None"
          }
         ,"Export \/ Printing":{
            "Include In Export \/ Print":true
          }
         ,"Enable Users To":{
            "Sort":true
           ,"Control Break\/Aggregate":true
           ,"Hide":true
          }
        }
       ,{
          "id":"18183753455563230"
         ,"Identification":{
            "Column Name":"COMM"
           ,"Type":"Number Field"
          }
         ,"Heading":{
            "Heading":"Comm"
           ,"Alignment":"end"
          }
         ,"Settings":{
            "Number Alignment":"Start"
           ,"Virtual Keyboard":"Decimal"
          }
         ,"Layout":{
            "Sequence":90
           ,"Column Alignment":"end"
           ,"Stretch":"Use Report Setting"
          }
         ,"Accessibility":{
            "Value Identifies Row":false
          }
         ,"Validation":{
            "Value Required":false
          }
         ,"Source":{
            "Type":"Database Column"
           ,"Database Column":"COMM"
           ,"Data Type":"NUMBER"
           ,"Query Only":false
           ,"Primary Key":false
          }
         ,"Default":{
            "Duplicate Copies Existing Value":true
          }
         ,"Column Filter":{
            "Enabled":true
           ,"LOV Type":"None"
          }
         ,"Export \/ Printing":{
            "Include In Export \/ Print":true
          }
         ,"Enable Users To":{
            "Sort":true
           ,"Control Break\/Aggregate":true
           ,"Hide":true
          }
        }
       ,{
          "id":"18184742343563230"
         ,"Identification":{
            "Column Name":"DEPTNO"
           ,"Type":"Hidden"
          }
         ,"Settings":{
            "Value Protected":true
          }
         ,"Layout":{
            "Sequence":100
          }
         ,"Accessibility":{
            "Value Identifies Row":false
          }
         ,"Source":{
            "Type":"Database Column"
           ,"Database Column":"DEPTNO"
           ,"Data Type":"NUMBER"
           ,"Query Only":false
           ,"Primary Key":false
          }
         ,"Default":{
            "Type":"Item"
           ,"Item":"P12_DEPTNO"
           ,"Duplicate Copies Existing Value":true
          }
         ,"Session State":{
            "Data Type":"VARCHAR2"
          }
         ,"Export \/ Printing":{
            "Include In Export \/ Print":false
          }
         ,"Enable Users To":{
            "Sort":true
           ,"Control Break\/Aggregate":true
          }
        }
      ]
     ,"Printing":{
        "Page":{
          "Size":"Letter"
         ,"Orientation":"Landscape"
         ,"Units":"Inches"
         ,"Width":11
         ,"Height":8.5
         ,"Border Width":0.5
         ,"Border Color":"#666666"
        }
       ,"Page Header":{
          "Font":"Helvetica"
         ,"Font Weight":"Normal"
         ,"Font Size":12
         ,"Font Color":"#000000"
         ,"Alignment":"center"
         ,"Page Header Text":"EMPS"
        }
       ,"Column Headings":{
          "Font":"Helvetica"
         ,"Font Weight":"Bold"
         ,"Font Size":10
         ,"Font Color":"#000000"
         ,"Background Color":"#EEEEEE"
        }
       ,"Columns":{
          "Font":"Helvetica"
         ,"Font Weight":"Normal"
         ,"Font Size":10
         ,"Font Color":"#000000"
         ,"Background Color":"#FFFFFF"
        }
       ,"Page Footer":{
          "Font":"Helvetica"
         ,"Font Weight":"Normal"
         ,"Font Size":12
         ,"Font Color":"#000000"
         ,"Alignment":"center"
        }
      }
    }
  ]
 ,"Page Items":[
    {
      "id":"18162022166563190"
     ,"Identification":{
        "Name":"P12_DEPTNO"
       ,"Type":"Hidden"
      }
     ,"Settings":{
        "Value Protected":true
      }
     ,"Layout":{
        "Sequence":10
       ,"Region":"Form on DEPT (18161611927563190)"
       ,"Position":"BODY"
      }
     ,"Advanced":{
        "Warn on Unsaved Changes":"Page Default"
      }
     ,"Source":{
        "Form Region":"Form on DEPT (18161611927563190)"
       ,"Column":"DEPTNO"
       ,"Data Type":"NUMBER"
       ,"Query Only":false
       ,"Primary Key":true
      }
     ,"Session State":{
        "Data Type":"VARCHAR2"
       ,"Storage":"Per Request (Memory Only)"
      }
     ,"Security":{
        "Session State Protection":"Checksum Required - Session Level"
       ,"Store value encrypted in session state":true
       ,"Restricted Characters":"All characters can be saved."
      }
    }
   ,{
      "id":"18162494990563191"
     ,"Identification":{
        "Name":"P12_DEPTNO_PREV"
       ,"Type":"Hidden"
      }
     ,"Settings":{
        "Value Protected":true
      }
     ,"Layout":{
        "Sequence":20
       ,"Region":"Form on DEPT (18161611927563190)"
       ,"Position":"BODY"
      }
     ,"Advanced":{
        "Warn on Unsaved Changes":"Page Default"
      }
     ,"Source":{
        "Type":"Null"
       ,"Used":"Only when current value in session state is null"
      }
     ,"Session State":{
        "Data Type":"VARCHAR2"
       ,"Storage":"Per Request (Memory Only)"
      }
     ,"Security":{
        "Session State Protection":"Checksum Required - Session Level"
       ,"Store value encrypted in session state":true
       ,"Restricted Characters":"All characters can be saved."
      }
    }
   ,{
      "id":"18162853741563191"
     ,"Identification":{
        "Name":"P12_DEPTNO_NEXT"
       ,"Type":"Hidden"
      }
     ,"Settings":{
        "Value Protected":true
      }
     ,"Layout":{
        "Sequence":30
       ,"Region":"Form on DEPT (18161611927563190)"
       ,"Position":"BODY"
      }
     ,"Advanced":{
        "Warn on Unsaved Changes":"Page Default"
      }
     ,"Source":{
        "Type":"Null"
       ,"Used":"Only when current value in session state is null"
      }
     ,"Session State":{
        "Data Type":"VARCHAR2"
       ,"Storage":"Per Request (Memory Only)"
      }
     ,"Security":{
        "Session State Protection":"Checksum Required - Session Level"
       ,"Store value encrypted in session state":true
       ,"Restricted Characters":"All characters can be saved."
      }
    }
   ,{
      "id":"18163278747563191"
     ,"Identification":{
        "Name":"P12_DNAME"
       ,"Type":"Text Field"
      }
     ,"Label":{
        "Label":"Dname"
       ,"Alignment":"Right"
      }
     ,"Settings":{
        "Subtype":"Text"
       ,"Trim Spaces":"None"
       ,"Text Case":"NO CHANGE"
       ,"Submit when Enter pressed":false
       ,"Disabled":false
      }
     ,"Layout":{
        "Sequence":40
       ,"Region":"Form on DEPT (18161611927563190)"
       ,"Position":"BODY"
       ,"Alignment":"Left"
       ,"Start New Layout":false
       ,"Start New Row":true
       ,"Column":"Automatic"
       ,"New Column":true
       ,"Column Span":"Automatic"
       ,"Label Column Span":"Page Template Default"
      }
     ,"Appearance":{
        "Template":"Optional - Floating (13904959950228594)"
       ,"Template Options":[
          "#DEFAULT#"
        ]
       ,"Width":32
      }
     ,"Validation":{
        "Value Required":false
       ,"Maximum Length":14
      }
     ,"Advanced":{
        "Warn on Unsaved Changes":"Page Default"
      }
     ,"Source":{
        "Form Region":"Form on DEPT (18161611927563190)"
       ,"Column":"DNAME"
       ,"Data Type":"VARCHAR2"
       ,"Query Only":false
       ,"Primary Key":false
      }
     ,"Session State":{
        "Storage":"Per Request (Memory Only)"
      }
     ,"Quick Picks":{
        "Show Quick Picks":false
      }
     ,"Security":{
        "Session State Protection":"Unrestricted"
       ,"Store value encrypted in session state":true
       ,"Restricted Characters":"All characters can be saved."
      }
    }
   ,{
      "id":"18163637174563192"
     ,"Identification":{
        "Name":"P12_LOC"
       ,"Type":"Text Field"
      }
     ,"Label":{
        "Label":"Loc"
       ,"Alignment":"Right"
      }
     ,"Settings":{
        "Subtype":"Text"
       ,"Trim Spaces":"None"
       ,"Text Case":"NO CHANGE"
       ,"Submit when Enter pressed":false
       ,"Disabled":false
      }
     ,"Layout":{
        "Sequence":50
       ,"Region":"Form on DEPT (18161611927563190)"
       ,"Position":"BODY"
       ,"Alignment":"Left"
       ,"Start New Layout":false
       ,"Start New Row":true
       ,"Column":"Automatic"
       ,"New Column":true
       ,"Column Span":"Automatic"
       ,"Label Column Span":"Page Template Default"
      }
     ,"Appearance":{
        "Template":"Optional - Floating (13904959950228594)"
       ,"Template Options":[
          "#DEFAULT#"
        ]
       ,"Width":32
      }
     ,"Validation":{
        "Value Required":false
       ,"Maximum Length":13
      }
     ,"Advanced":{
        "Warn on Unsaved Changes":"Page Default"
      }
     ,"Source":{
        "Form Region":"Form on DEPT (18161611927563190)"
       ,"Column":"LOC"
       ,"Data Type":"VARCHAR2"
       ,"Query Only":false
       ,"Primary Key":false
      }
     ,"Session State":{
        "Storage":"Per Request (Memory Only)"
      }
     ,"Quick Picks":{
        "Show Quick Picks":false
      }
     ,"Security":{
        "Session State Protection":"Unrestricted"
       ,"Store value encrypted in session state":true
       ,"Restricted Characters":"All characters can be saved."
      }
    }
   ,{
      "id":"18165681502563195"
     ,"Identification":{
        "Name":"P12_DEPTNO_COUNT"
       ,"Type":"Display Only"
      }
     ,"Label":{
        "Alignment":"Left"
      }
     ,"Settings":{
        "Format":"Plain Text"
       ,"Based On":"Item Value"
       ,"Show Line Breaks":false
       ,"Send On Page Submit":false
      }
     ,"Layout":{
        "Sequence":60
       ,"Region":"Form on DEPT (18161611927563190)"
       ,"Position":"BODY"
       ,"Alignment":"Left"
       ,"Start New Layout":false
       ,"Start New Row":true
       ,"Column":"Automatic"
       ,"New Column":true
       ,"Column Span":"Automatic"
       ,"Label Column Span":"Page Template Default"
      }
     ,"Advanced":{
        "Custom Attributes":[
          "class=\"fielddata\""
        ]
       ,"Warn on Unsaved Changes":"Page Default"
      }
     ,"Source":{
        "Type":"Null"
       ,"Used":"Only when current value in session state is null"
      }
     ,"Session State":{
        "Data Type":"VARCHAR2"
       ,"Storage":"Per Request (Memory Only)"
      }
     ,"Security":{
        "Session State Protection":"Unrestricted"
       ,"Store value encrypted in session state":true
       ,"Restricted Characters":"All characters can be saved."
      }
     ,"Comments":{
        "Comments":"This item is needed for Get Next or Previous Primary Key Value process."
      }
    }
  ]
 ,"Buttons":[
    {
      "id":"18165998886563195"
     ,"Identification":{
        "Button Name":"CANCEL"
       ,"Label":"Cancel"
      }
     ,"Layout":{
        "Sequence":10
       ,"Region":"Form on DEPT (18161611927563190)"
       ,"Position":"CLOSE"
       ,"Start New Layout":false
       ,"Start New Row":true
       ,"Column":"Automatic"
       ,"New Column":true
       ,"Column Span":"Automatic"
      }
     ,"Appearance":{
        "Button Template":"Text (13906049434228598)"
       ,"Hot":false
       ,"Template Options":[
          "#DEFAULT#"
        ]
      }
     ,"Behavior":{
        "Action":"Redirect to Page in this Application"
       ,"Target":{
          "url":"f?p=\u0026APP_ID.:11:\u0026APP_SESSION.::\u0026DEBUG.:::"
         ,"Page":"11"
        }
       ,"Warn on Unsaved Changes":"Do Not Check"
      }
    }
   ,{
      "id":"18166593440563195"
     ,"Identification":{
        "Button Name":"DELETE"
       ,"Label":"Delete"
      }
     ,"Layout":{
        "Sequence":20
       ,"Region":"Form on DEPT (18161611927563190)"
       ,"Position":"DELETE"
       ,"Start New Layout":false
       ,"Start New Row":true
       ,"Column":"Automatic"
       ,"New Column":true
       ,"Column Span":"Automatic"
      }
     ,"Appearance":{
        "Button Template":"Text (13906049434228598)"
       ,"Hot":false
       ,"Template Options":[
          "#DEFAULT#"
        ]
      }
     ,"Behavior":{
        "Action":"Submit Page"
       ,"Execute Validations":false
       ,"Warn on Unsaved Changes":"Do Not Check"
       ,"Database Action":"SQL DELETE action"
      }
     ,"Confirmation":{
        "Message":"\u0026APP_TEXT$DELETE_MSG!RAW."
       ,"Style":"Danger"
      }
     ,"Server-side Condition":{
        "Type":"Item is NOT NULL"
       ,"Item":"P12_DEPTNO"
      }
    }
   ,{
      "id":"18166916106563196"
     ,"Identification":{
        "Button Name":"SAVE"
       ,"Label":"Apply Changes"
      }
     ,"Layout":{
        "Sequence":30
       ,"Region":"Form on DEPT (18161611927563190)"
       ,"Position":"CHANGE"
       ,"Start New Layout":false
       ,"Start New Row":true
       ,"Column":"Automatic"
       ,"New Column":true
       ,"Column Span":"Automatic"
      }
     ,"Appearance":{
        "Button Template":"Text (13906049434228598)"
       ,"Hot":true
       ,"Template Options":[
          "#DEFAULT#"
        ]
      }
     ,"Behavior":{
        "Action":"Submit Page"
       ,"Execute Validations":true
       ,"Warn on Unsaved Changes":"Do Not Check"
       ,"Database Action":"SQL UPDATE action"
      }
     ,"Server-side Condition":{
        "Type":"Item is NOT NULL"
       ,"Item":"P12_DEPTNO"
      }
    }
   ,{
      "id":"18167320719563196"
     ,"Identification":{
        "Button Name":"CREATE"
       ,"Label":"Create"
      }
     ,"Layout":{
        "Sequence":40
       ,"Region":"Form on DEPT (18161611927563190)"
       ,"Position":"CREATE"
       ,"Start New Layout":false
       ,"Start New Row":true
       ,"Column":"Automatic"
       ,"New Column":true
       ,"Column Span":"Automatic"
      }
     ,"Appearance":{
        "Button Template":"Text (13906049434228598)"
       ,"Hot":true
       ,"Template Options":[
          "#DEFAULT#"
        ]
      }
     ,"Behavior":{
        "Action":"Submit Page"
       ,"Execute Validations":true
       ,"Warn on Unsaved Changes":"Do Not Check"
       ,"Database Action":"SQL INSERT action"
      }
     ,"Server-side Condition":{
        "Type":"Item is NULL"
       ,"Item":"P12_DEPTNO"
      }
    }
   ,{
      "id":"18167604605563196"
     ,"Identification":{
        "Button Name":"GET_PREVIOUS_DEPTNO"
       ,"Label":"Previous"
      }
     ,"Layout":{
        "Sequence":50
       ,"Region":"Form on DEPT (18161611927563190)"
       ,"Position":"PREVIOUS"
       ,"Start New Layout":false
       ,"Start New Row":true
       ,"Column":"Automatic"
       ,"New Column":true
       ,"Column Span":"Automatic"
      }
     ,"Appearance":{
        "Button Template":"Icon (13905334818228595)"
       ,"Hot":false
       ,"Template Options":[
          "#DEFAULT#"
        ]
       ,"Icon":"fa-chevron-left"
      }
     ,"Behavior":{
        "Action":"Submit Page"
       ,"Execute Validations":true
       ,"Warn on Unsaved Changes":"Do Not Check"
      }
     ,"Server-side Condition":{
        "Type":"Item is NOT NULL"
       ,"Item":"P12_DEPTNO_PREV"
      }
     ,"Comments":{
        "Comments":"This button is needed for Get Next or Previous Primary Key Value process."
      }
    }
   ,{
      "id":"18167795639563196"
     ,"Identification":{
        "Button Name":"GET_NEXT_DEPTNO"
       ,"Label":"Next"
      }
     ,"Layout":{
        "Sequence":60
       ,"Region":"Form on DEPT (18161611927563190)"
       ,"Position":"NEXT"
       ,"Start New Layout":false
       ,"Start New Row":true
       ,"Column":"Automatic"
       ,"New Column":true
       ,"Column Span":"Automatic"
      }
     ,"Appearance":{
        "Button Template":"Icon (13905334818228595)"
       ,"Hot":false
       ,"Template Options":[
          "#DEFAULT#"
        ]
       ,"Icon":"fa-chevron-right"
      }
     ,"Behavior":{
        "Action":"Submit Page"
       ,"Execute Validations":true
       ,"Warn on Unsaved Changes":"Do Not Check"
      }
     ,"Server-side Condition":{
        "Type":"Item is NOT NULL"
       ,"Item":"P12_DEPTNO_NEXT"
      }
     ,"Comments":{
        "Comments":"This button is needed for Get Next or Previous Primary Key Value process."
      }
    }
  ]
 ,"Processes":[
    {
      "id":"18169741010563200"
     ,"Identification":{
        "Name":"Initialize form Form on DEPT"
       ,"Type":"Form - Initialization"
       ,"Execution Chain":"None"
       ,"Form Region":"Form on DEPT (18161611927563190)"
      }
     ,"Settings":{
        "Next Primary Key Item(s)":[
          "P12_DEPTNO_NEXT"
        ]
       ,"Previous Primary Key Item(s)":[
          "P12_DEPTNO_PREV"
        ]
       ,"Current Row\/Total Item":"P12_DEPTNO_COUNT"
      }
     ,"Execution":{
        "Sequence":10
       ,"Point":"Before Header"
       ,"Run Process":"Once Per Page Visit (default)"
      }
    }
   ,{
      "id":"18170186245563200"
     ,"Identification":{
        "Name":"Process form Form on DEPT"
       ,"Type":"Form - Automatic Row Processing (DML)"
       ,"Execution Chain":"None"
       ,"Form Region":"Form on DEPT (18161611927563190)"
      }
     ,"Settings":{
        "Target Type":"Region Source"
       ,"Prevent Lost Updates":true
       ,"Lock Row":"Yes"
       ,"Return Primary Key(s) after Insert":true
      }
     ,"Execution":{
        "Sequence":10
       ,"Point":"Processing"
       ,"Run Process":"Once Per Page Visit (default)"
      }
     ,"Error":{
        "Display Location":"Inline in Notification"
      }
    }
   ,{
      "id":"18185702592563231"
     ,"Identification":{
        "Name":"EMPS - Save Interactive Grid Data"
       ,"Type":"Interactive Grid - Automatic Row Processing (DML)"
       ,"Execution Chain":"None"
       ,"Editable Region":"EMPS (18174980359563223)"
      }
     ,"Settings":{
        "Target Type":"Region Source"
       ,"Prevent Lost Updates":true
       ,"Lock Row":"Yes"
       ,"Return Primary Key(s) after Insert":true
      }
     ,"Execution":{
        "Sequence":35
       ,"Point":"Processing"
       ,"Run Process":"Once Per Page Visit (default)"
      }
     ,"Error":{
        "Display Location":"Inline in Notification"
      }
     ,"Server-side Condition":{
        "Execution Scope":"For Created and Modified Rows"
      }
    }
  ]
 ,"Branches":[
    {
      "id":"18168534078563197"
     ,"Identification":{
        "Name":"Go To Page 12"
      }
     ,"Execution":{
        "Sequence":1
       ,"Point":"After Processing"
      }
     ,"Behavior":{
        "Type":"Page or URL (Redirect)"
       ,"Target":{
          "url":"f?p=\u0026APP_ID.:12:\u0026APP_SESSION.::\u0026DEBUG.::P12_DEPTNO:\u0026P12_DEPTNO_NEXT."
         ,"Page":"12"
         ,"Values":{
            "P12_DEPTNO":"\u0026P12_DEPTNO_NEXT."
          }
        }
      }
     ,"Server-side Condition":{
        "When Button Pressed":"GET_NEXT_DEPTNO (18167795639563196)"
      }
     ,"Comments":{
        "Comments":"This button is needed for Get Next or Previous Primary Key Value process."
      }
    }
   ,{
      "id":"18168905529563199"
     ,"Identification":{
        "Name":"Go To Page 12"
      }
     ,"Execution":{
        "Sequence":1
       ,"Point":"After Processing"
      }
     ,"Behavior":{
        "Type":"Page or URL (Redirect)"
       ,"Target":{
          "url":"f?p=\u0026APP_ID.:12:\u0026APP_SESSION.::\u0026DEBUG.::P12_DEPTNO:\u0026P12_DEPTNO_PREV."
         ,"Page":"12"
         ,"Values":{
            "P12_DEPTNO":"\u0026P12_DEPTNO_PREV."
          }
        }
      }
     ,"Server-side Condition":{
        "When Button Pressed":"GET_PREVIOUS_DEPTNO (18167604605563196)"
      }
     ,"Comments":{
        "Comments":"This button is needed for Get Next or Previous Primary Key Value process."
      }
    }
   ,{
      "id":"18169266437563199"
     ,"Identification":{
        "Name":"Go To Page 11"
      }
     ,"Execution":{
        "Sequence":1
       ,"Point":"After Processing"
      }
     ,"Behavior":{
        "Type":"Page or URL (Redirect)"
       ,"Target":{
          "url":"f?p=\u0026APP_ID.:11:\u0026APP_SESSION.::\u0026DEBUG.:::\u0026success_msg=#SUCCESS_MSG#"
         ,"Page":"11"
        }
      }
    }
  ]
}
