[
  {
    "id":"14749179244941290086"
   ,"Identification":{
      "Name":"Administration"
    }
  }
 ,{
    "id":"14749179346326290465"
   ,"Identification":{
      "Name":"ACL"
    }
  }
 ,{
    "id":"14749179447365290820"
   ,"Identification":{
      "Name":"Home"
    }
  }
 ,{
    "id":"14749179548750291138"
   ,"Identification":{
      "Name":"Help"
    }
  }
 ,{
    "id":"14749179617367291574"
   ,"Identification":{
      "Name":"Login"
    }
  }
 ,{
    "id":"14749179718753291941"
   ,"Identification":{
      "Name":"Reports"
    }
  }
 ,{
    "id":"14749179822908293214"
   ,"Identification":{
      "Name":"Customers"
    }
  }
 ,{
    "id":"14749179925332293830"
   ,"Identification":{
      "Name":"Contacts"
    }
  }
 ,{
    "id":"14749180026371294220"
   ,"Identification":{
      "Name":"Products"
    }
  }
 ,{
    "id":"14749180333644296275"
   ,"Identification":{
      "Name":"Mobile"
    }
  }
 ,{
    "id":"14750517446117261631"
   ,"Identification":{
      "Name":"Deprecated"
    }
  }
 ,{
    "id":"20140999852456966572"
   ,"Identification":{
      "Name":"Activities"
    }
  }
]
