[
  {
    "id":"561475454842660095"
   ,"Identification":{
      "File Name":"icons\/app-icon-32.png"
    }
   ,"Attributes":{
      "Mime Type":"image\/png"
     ,"File Character Set":"Unicode UTF-8"
    }
  }
 ,{
    "id":"561475672596660116"
   ,"Identification":{
      "File Name":"icons\/app-icon-192.png"
    }
   ,"Attributes":{
      "Mime Type":"image\/png"
     ,"File Character Set":"Unicode UTF-8"
    }
  }
 ,{
    "id":"561475890169660135"
   ,"Identification":{
      "File Name":"icons\/app-icon-512.png"
    }
   ,"Attributes":{
      "Mime Type":"image\/png"
     ,"File Character Set":"Unicode UTF-8"
    }
  }
]
