[
  {
    "id":"17827078389075879929"
   ,"Identification":{
      "Name":"Breadcrumb1"
    }
   ,"Entries":[
      {
        "id":"15858116225719107018"
       ,"Identification":{
          "Name":"User Details"
         ,"Page Number":"58"
        }
       ,"Execution":{
          "Sequence":10
        }
       ,"Appearance":{
          "Parent Entry":"Access Control List (15719359222908363217)"
        }
       ,"Link":{
          "Target":{
            "url":"f?p=\u0026APP_ID.:58:\u0026SESSION.::\u0026DEBUG.:::"
           ,"Page":"58"
          }
        }
      }
     ,{
        "id":"17827288283366916111"
       ,"Identification":{
          "Name":"Customer Details"
         ,"Page Number":"2"
        }
       ,"Execution":{
          "Sequence":10
        }
       ,"Appearance":{
          "Parent Entry":"Customers (17827312992558032322)"
        }
       ,"Link":{
          "Target":{
            "url":"f?p=\u0026APP_ID.:2:\u0026SESSION.:HOME_CUSTOMER_DETAILS:\u0026DEBUG.:RP,7::"
           ,"Page":"2"
           ,"Request":"HOME_CUSTOMER_DETAILS"
           ,"Clear Cache":"RP,7"
          }
        }
      }
     ,{
        "id":"17827312992558032322"
       ,"Identification":{
          "Name":"Customers"
         ,"Page Number":"1"
        }
       ,"Execution":{
          "Sequence":10
        }
       ,"Link":{
          "Target":{
            "url":"f?p=\u0026APP_ID.:1:\u0026SESSION.::\u0026DEBUG.:::"
           ,"Page":"1"
          }
        }
      }
    ]
  }
 ,{
    "id":"17869143586620226407"
   ,"Identification":{
      "Name":"Breadcrumb"
    }
   ,"Entries":[
      {
        "id":"1389518760828163076"
       ,"Identification":{
          "Name":"ACL Features"
         ,"Page Number":"123"
        }
       ,"Execution":{
          "Sequence":10
        }
       ,"Appearance":{
          "Parent Entry":" Administration (17869146699695249105)"
        }
       ,"Link":{
          "Target":{
            "url":"f?p=\u0026APP_ID.:123:\u0026SESSION."
           ,"Page":"123"
          }
        }
      }
     ,{
        "id":"2058835240339208395"
       ,"Identification":{
          "Name":"Application Timeline"
         ,"Page Number":"124"
        }
       ,"Execution":{
          "Sequence":10
        }
       ,"Appearance":{
          "Parent Entry":"Reports (17869288697625024278)"
        }
       ,"Link":{
          "Target":{
            "url":"f?p=\u0026APP_ID.:124:\u0026SESSION.::\u0026DEBUG.:::"
           ,"Page":"124"
          }
        }
      }
     ,{
        "id":"2595199866434657073"
       ,"Identification":{
          "Name":"Customer Issues"
         ,"Page Number":"131"
        }
       ,"Execution":{
          "Sequence":10
        }
       ,"Appearance":{
          "Parent Entry":"\u0026CUSTOMER. (16451691131059740178)"
        }
       ,"Link":{
          "Target":{
            "url":"f?p=\u0026APP_ID.:131:\u0026SESSION.::\u0026DEBUG.:::"
           ,"Page":"131"
          }
        }
      }
     ,{
        "id":"2595462986677550789"
       ,"Identification":{
          "Name":"Issue Statuses"
         ,"Page Number":"132"
        }
       ,"Execution":{
          "Sequence":10
        }
       ,"Appearance":{
          "Parent Entry":" Administration (17869146699695249105)"
        }
       ,"Link":{
          "Target":{
            "url":"f?p=\u0026APP_ID.:132:\u0026SESSION."
           ,"Page":"132"
          }
        }
      }
     ,{
        "id":"2595616800147419937"
       ,"Identification":{
          "Name":"Issues"
         ,"Page Number":"134"
        }
       ,"Execution":{
          "Sequence":10
        }
       ,"Link":{
          "Target":{
            "url":"f?p=\u0026APP_ID.:134:\u0026SESSION."
           ,"Page":"134"
          }
        }
      }
     ,{
        "id":"13571839330931155427"
       ,"Identification":{
          "Name":"All Customers"
         ,"Page Number":"93"
        }
       ,"Execution":{
          "Sequence":10
        }
       ,"Appearance":{
          "Parent Entry":"Reports (17869288697625024278)"
        }
       ,"Link":{
          "Target":{
            "url":"f?p=\u0026APP_ID.:93:\u0026SESSION."
           ,"Page":"93"
          }
        }
      }
     ,{
        "id":"14309658629303242846"
       ,"Identification":{
          "Name":"Reference Statuses"
         ,"Page Number":"94"
        }
       ,"Execution":{
          "Sequence":10
        }
       ,"Appearance":{
          "Parent Entry":" Administration (17869146699695249105)"
        }
       ,"Link":{
          "Target":{
            "url":"f?p=\u0026APP_ID.:94:\u0026SESSION.::\u0026DEBUG.:::"
           ,"Page":"94"
          }
        }
      }
     ,{
        "id":"14749185943365306277"
       ,"Identification":{
          "Name":"Page Privileges"
         ,"Page Number":"26"
        }
       ,"Execution":{
          "Sequence":10
        }
       ,"Appearance":{
          "Parent Entry":" Administration (17869146699695249105)"
        }
       ,"Link":{
          "Target":{
            "url":"f?p=\u0026APP_ID.:26:\u0026SESSION.::\u0026DEBUG.:::"
           ,"Page":"26"
          }
        }
      }
     ,{
        "id":"14766339745933765173"
       ,"Identification":{
          "Name":"Application Settings"
         ,"Page Number":"28"
        }
       ,"Execution":{
          "Sequence":10
        }
       ,"Appearance":{
          "Parent Entry":" Administration (17869146699695249105)"
        }
       ,"Link":{
          "Target":{
            "url":"f?p=\u0026APP_ID.:28:\u0026SESSION.::\u0026DEBUG.:::"
           ,"Page":"28"
          }
        }
      }
     ,{
        "id":"14844369826990635125"
       ,"Identification":{
          "Name":"Username Format"
         ,"Page Number":"16"
        }
       ,"Execution":{
          "Sequence":10
        }
       ,"Appearance":{
          "Parent Entry":" Administration (17869146699695249105)"
        }
       ,"Link":{
          "Target":{
            "url":"f?p=\u0026APP_ID.:16:\u0026SESSION."
           ,"Page":"16"
          }
        }
      }
     ,{
        "id":"14844379948906656899"
       ,"Identification":{
          "Name":"Add Multiple Users"
         ,"Page Number":"73"
        }
       ,"Execution":{
          "Sequence":10
        }
       ,"Appearance":{
          "Parent Entry":" Administration (17869146699695249105)"
        }
       ,"Link":{
          "Target":{
            "url":"f?p=\u0026APP_ID.:73:\u0026SESSION.::\u0026DEBUG.:::"
           ,"Page":"73"
          }
        }
      }
     ,{
        "id":"14844398021773695912"
       ,"Identification":{
          "Name":"Add Multiple Users"
         ,"Page Number":"74"
        }
       ,"Execution":{
          "Sequence":10
        }
       ,"Appearance":{
          "Parent Entry":" Administration (17869146699695249105)"
        }
       ,"Link":{
          "Target":{
            "url":"f?p=\u0026APP_ID.:74:\u0026SESSION.::\u0026DEBUG.:::"
           ,"Page":"74"
          }
        }
      }
     ,{
        "id":"14876932544985271532"
       ,"Identification":{
          "Name":"Industries"
         ,"Page Number":"27"
        }
       ,"Execution":{
          "Sequence":10
        }
       ,"Appearance":{
          "Parent Entry":" Administration (17869146699695249105)"
        }
       ,"Link":{
          "Target":{
            "url":"f?p=\u0026APP_ID.:27:\u0026SESSION.::\u0026DEBUG.:::"
           ,"Page":"27"
          }
        }
      }
     ,{
        "id":"14876933239186271539"
       ,"Identification":{
          "Name":"Industry"
         ,"Page Number":"30"
        }
       ,"Execution":{
          "Sequence":10
        }
       ,"Appearance":{
          "Parent Entry":"Industries (14876932544985271532)"
        }
       ,"Link":{
          "Target":{
            "url":"f?p=\u0026APP_ID.:30:\u0026SESSION.::\u0026DEBUG.:::"
           ,"Page":"30"
          }
        }
      }
     ,{
        "id":"14893585021633785434"
       ,"Identification":{
          "Name":"Customers"
         ,"Page Number":"59"
        }
       ,"Execution":{
          "Sequence":10
        }
       ,"Appearance":{
          "Parent Entry":"0 (0)"
        }
       ,"Link":{
          "Target":{
            "url":"f?p=\u0026APP_ID.:59:\u0026SESSION.::\u0026DEBUG.:::"
           ,"Page":"59"
          }
        }
      }
     ,{
        "id":"14902701857218484653"
       ,"Identification":{
          "Name":"Preferences"
         ,"Page Number":"65"
        }
       ,"Execution":{
          "Sequence":10
        }
       ,"Link":{
          "Target":{
            "url":"f?p=\u0026APP_ID.:65:\u0026SESSION."
           ,"Page":"65"
          }
        }
      }
     ,{
        "id":"14962996937023708861"
       ,"Identification":{
          "Name":"Validate Customer"
         ,"Page Number":"10"
        }
       ,"Execution":{
          "Sequence":10
        }
       ,"Appearance":{
          "Parent Entry":"\u0026CUSTOMER. (16451691131059740178)"
        }
       ,"Link":{
          "Target":{
            "url":"f?p=\u0026APP_ID.:10:\u0026SESSION."
           ,"Page":"10"
          }
        }
      }
     ,{
        "id":"14965811121544332802"
       ,"Identification":{
          "Name":"Build Options"
         ,"Page Number":"11"
        }
       ,"Execution":{
          "Sequence":10
        }
       ,"Appearance":{
          "Parent Entry":" Administration (17869146699695249105)"
        }
       ,"Link":{
          "Target":{
            "url":"f?p=\u0026APP_ID.:11:\u0026SESSION."
           ,"Page":"11"
          }
        }
      }
     ,{
        "id":"14968679846283362947"
       ,"Identification":{
          "Name":"Customer Usage Metrics"
         ,"Page Number":"13"
        }
       ,"Execution":{
          "Sequence":10
        }
       ,"Appearance":{
          "Parent Entry":"\u0026CUSTOMER. (16451691131059740178)"
        }
       ,"Link":{
          "Target":{
            "url":"f?p=\u0026APP_ID.:13:\u0026SESSION."
           ,"Page":"13"
          }
        }
      }
     ,{
        "id":"14985162637923285258"
       ,"Identification":{
          "Name":"Application Activity by Page"
         ,"Page Number":"24"
        }
       ,"Execution":{
          "Sequence":10
        }
       ,"Appearance":{
          "Parent Entry":"Reports (17869288697625024278)"
        }
       ,"Link":{
          "Target":{
            "url":"f?p=\u0026APP_ID.:24:\u0026SESSION."
           ,"Page":"24"
          }
        }
      }
     ,{
        "id":"14995287241027094599"
       ,"Identification":{
          "Name":"Application Activity"
         ,"Page Number":"46"
        }
       ,"Execution":{
          "Sequence":10
        }
       ,"Appearance":{
          "Parent Entry":"Reports (17869288697625024278)"
        }
       ,"Link":{
          "Target":{
            "url":"f?p=\u0026APP_ID.:46:\u0026SESSION."
           ,"Page":"46"
          }
        }
      }
     ,{
        "id":"15097003446128919665"
       ,"Identification":{
          "Name":"Welcome Text"
         ,"Page Number":"14"
        }
       ,"Execution":{
          "Sequence":10
        }
       ,"Appearance":{
          "Parent Entry":" Administration (17869146699695249105)"
        }
       ,"Link":{
          "Target":{
            "url":"f?p=\u0026APP_ID.:14:\u0026SESSION."
           ,"Page":"14"
          }
        }
      }
     ,{
        "id":"15264250422077614148"
       ,"Identification":{
          "Name":"Application Theme Style"
         ,"Page Number":"70"
        }
       ,"Execution":{
          "Sequence":10
        }
       ,"Appearance":{
          "Parent Entry":" Administration (17869146699695249105)"
        }
       ,"Link":{
          "Target":{
            "url":"f?p=\u0026APP_ID.:70:\u0026SESSION."
           ,"Page":"70"
          }
        }
      }
     ,{
        "id":"15414940425256218337"
       ,"Identification":{
          "Name":"Manage Sample Data"
         ,"Page Number":"77"
        }
       ,"Execution":{
          "Sequence":10
        }
       ,"Appearance":{
          "Parent Entry":"0 (0)"
        }
       ,"Link":{
          "Target":{
            "url":"f?p=\u0026APP_ID.:77:\u0026SESSION.::\u0026DEBUG.:::"
           ,"Page":"77"
          }
        }
      }
     ,{
        "id":"15670824704638319017"
       ,"Identification":{
          "Name":"Reference Types"
         ,"Page Number":"78"
        }
       ,"Execution":{
          "Sequence":10
        }
       ,"Appearance":{
          "Parent Entry":" Administration (17869146699695249105)"
        }
       ,"Link":{
          "Target":{
            "url":"f?p=\u0026APP_ID.:78:\u0026SESSION."
           ,"Page":"78"
          }
        }
      }
     ,{
        "id":"15670840816843382304"
       ,"Identification":{
          "Name":"Reference Type Details"
         ,"Page Number":"79"
        }
       ,"Execution":{
          "Sequence":10
        }
       ,"Appearance":{
          "Parent Entry":"Reference Types (15670824704638319017)"
        }
       ,"Link":{
          "Target":{
            "url":"f?p=\u0026APP_ID.:79:\u0026SESSION."
           ,"Page":"79"
          }
        }
      }
     ,{
        "id":"15719359222908363217"
       ,"Identification":{
          "Name":"Access Control List"
         ,"Page Number":"57"
        }
       ,"Execution":{
          "Sequence":10
        }
       ,"Appearance":{
          "Parent Entry":" Administration (17869146699695249105)"
        }
       ,"Link":{
          "Target":{
            "url":"f?p=\u0026APP_ID.:57:\u0026SESSION.::\u0026DEBUG.:::"
           ,"Page":"57"
          }
        }
      }
     ,{
        "id":"15800012749421185808"
       ,"Identification":{
          "Name":"Customers by Category"
         ,"Page Number":"32"
        }
       ,"Execution":{
          "Sequence":10
        }
       ,"Appearance":{
          "Parent Entry":"Reports (17869288697625024278)"
        }
       ,"Link":{
          "Target":{
            "url":"f?p=\u0026APP_ID.:32:\u0026SESSION.::\u0026DEBUG.:::"
           ,"Page":"32"
          }
        }
      }
     ,{
        "id":"15800018128954235531"
       ,"Identification":{
          "Name":"Geographies"
         ,"Page Number":"85"
        }
       ,"Execution":{
          "Sequence":10
        }
       ,"Appearance":{
          "Parent Entry":"Customers (14893585021633785434)"
        }
       ,"Link":{
          "Target":{
            "url":"f?p=\u0026APP_ID.:85:\u0026SESSION.::\u0026DEBUG.:::"
           ,"Page":"85"
          }
        }
      }
     ,{
        "id":"15800933572338345805"
       ,"Identification":{
          "Name":"Referenceability"
         ,"Page Number":"86"
        }
       ,"Execution":{
          "Sequence":10
        }
       ,"Appearance":{
          "Parent Entry":"Customers (14893585021633785434)"
        }
       ,"Link":{
          "Target":{
            "url":"f?p=\u0026APP_ID.:86:\u0026SESSION.::\u0026DEBUG.:::"
           ,"Page":"86"
          }
        }
      }
     ,{
        "id":"15848269801184980318"
       ,"Identification":{
          "Name":"Reference Phases"
         ,"Page Number":"87"
        }
       ,"Execution":{
          "Sequence":10
        }
       ,"Appearance":{
          "Parent Entry":" Administration (17869146699695249105)"
        }
       ,"Link":{
          "Target":{
            "url":"f?p=\u0026APP_ID.:87:\u0026SESSION."
           ,"Page":"87"
          }
        }
      }
     ,{
        "id":"15848271045139980320"
       ,"Identification":{
          "Name":"Reference Phase"
         ,"Page Number":"88"
        }
       ,"Execution":{
          "Sequence":10
        }
       ,"Appearance":{
          "Parent Entry":"Reference Phases (15848269801184980318)"
        }
       ,"Link":{
          "Target":{
            "url":"f?p=\u0026APP_ID.:88:\u0026SESSION."
           ,"Page":"88"
          }
        }
      }
     ,{
        "id":"15873165254989839404"
       ,"Identification":{
          "Name":"Sales Channels"
         ,"Page Number":"89"
        }
       ,"Execution":{
          "Sequence":10
        }
       ,"Appearance":{
          "Parent Entry":" Administration (17869146699695249105)"
        }
       ,"Link":{
          "Target":{
            "url":"f?p=\u0026APP_ID.:89:\u0026SESSION.::\u0026DEBUG.:::"
           ,"Page":"89"
          }
        }
      }
     ,{
        "id":"15873167057481848242"
       ,"Identification":{
          "Name":"Sales Channel"
         ,"Page Number":"90"
        }
       ,"Execution":{
          "Sequence":10
        }
       ,"Link":{
          "Target":{
            "url":"f?p=\u0026FLOW_ID.:90:\u0026SESSION."
           ,"App":"\u0026FLOW_ID."
           ,"Page":"90"
          }
        }
      }
     ,{
        "id":"15885502937265855203"
       ,"Identification":{
          "Name":"User Details"
         ,"Page Number":"58"
        }
       ,"Execution":{
          "Sequence":10
        }
       ,"Appearance":{
          "Parent Entry":"Access Control List (15719359222908363217)"
        }
       ,"Link":{
          "Target":{
            "url":"f?p=\u0026APP_ID.:58:\u0026SESSION.::\u0026DEBUG.:::"
           ,"Page":"58"
          }
        }
      }
     ,{
        "id":"15898478836599882933"
       ,"Identification":{
          "Name":"Referenceability Report"
         ,"Page Number":"91"
        }
       ,"Execution":{
          "Sequence":10
        }
       ,"Appearance":{
          "Parent Entry":"Referenceability (15800933572338345805)"
        }
       ,"Link":{
          "Target":{
            "url":"f?p=\u0026APP_ID.:91:\u0026SESSION.::\u0026DEBUG.:::"
           ,"Page":"91"
          }
        }
      }
     ,{
        "id":"15899107801199705124"
       ,"Identification":{
          "Name":"Products"
         ,"Page Number":"92"
        }
       ,"Execution":{
          "Sequence":10
        }
       ,"Link":{
          "Target":{
            "url":"f?p=\u0026FLOW_ID.:92:\u0026SESSION."
           ,"App":"\u0026FLOW_ID."
           ,"Page":"92"
          }
        }
      }
     ,{
        "id":"15916754618720932154"
       ,"Identification":{
          "Name":"Data Loading"
         ,"Page Number":"60"
        }
       ,"Execution":{
          "Sequence":10
        }
       ,"Appearance":{
          "Parent Entry":" Contacts (17869280409474933097)"
        }
       ,"Link":{
          "Target":{
            "url":"f?p=\u0026APP_ID.:60:\u0026SESSION."
           ,"Page":"60"
          }
        }
      }
     ,{
        "id":"15916762343004932177"
       ,"Identification":{
          "Name":"Data Loading"
         ,"Page Number":"61"
        }
       ,"Execution":{
          "Sequence":10
        }
       ,"Appearance":{
          "Parent Entry":" Contacts (17869280409474933097)"
        }
       ,"Link":{
          "Target":{
            "url":"f?p=\u0026APP_ID.:61:\u0026SESSION."
           ,"Page":"61"
          }
        }
      }
     ,{
        "id":"15916764541994932180"
       ,"Identification":{
          "Name":"Data Loading"
         ,"Page Number":"62"
        }
       ,"Execution":{
          "Sequence":10
        }
       ,"Appearance":{
          "Parent Entry":" Contacts (17869280409474933097)"
        }
       ,"Link":{
          "Target":{
            "url":"f?p=\u0026APP_ID.:62:\u0026SESSION."
           ,"Page":"62"
          }
        }
      }
     ,{
        "id":"15916771449614932189"
       ,"Identification":{
          "Name":"Data Loading"
         ,"Page Number":"63"
        }
       ,"Execution":{
          "Sequence":10
        }
       ,"Appearance":{
          "Parent Entry":" Contacts (17869280409474933097)"
        }
       ,"Link":{
          "Target":{
            "url":"f?p=\u0026APP_ID.:63:\u0026SESSION."
           ,"Page":"63"
          }
        }
      }
     ,{
        "id":"15994942342630044357"
       ,"Identification":{
          "Name":"Access Control Configuration"
         ,"Page Number":"35"
        }
       ,"Execution":{
          "Sequence":10
        }
       ,"Appearance":{
          "Parent Entry":" Administration (17869146699695249105)"
        }
       ,"Link":{
          "Target":{
            "url":"f?p=\u0026FLOW_ID.:35:\u0026SESSION."
           ,"App":"\u0026FLOW_ID."
           ,"Page":"35"
          }
        }
      }
     ,{
        "id":"16338249031490059046"
       ,"Identification":{
          "Name":"Search Results"
         ,"Page Number":"15"
        }
       ,"Execution":{
          "Sequence":10
        }
       ,"Link":{
          "Target":{
            "url":"f?p=\u0026FLOW_ID.:15:\u0026SESSION."
           ,"App":"\u0026FLOW_ID."
           ,"Page":"15"
          }
        }
      }
     ,{
        "id":"16375629918342784551"
       ,"Identification":{
          "Name":"Notifications"
         ,"Page Number":"34"
        }
       ,"Execution":{
          "Sequence":10
        }
       ,"Appearance":{
          "Parent Entry":" Administration (17869146699695249105)"
        }
       ,"Link":{
          "Target":{
            "url":"f?p=\u0026FLOW_ID.:34:\u0026SESSION."
           ,"App":"\u0026FLOW_ID."
           ,"Page":"34"
          }
        }
      }
     ,{
        "id":"16376107939479865013"
       ,"Identification":{
          "Name":"Notification"
         ,"Page Number":"36"
        }
       ,"Execution":{
          "Sequence":10
        }
       ,"Appearance":{
          "Parent Entry":"Notifications (16375629918342784551)"
        }
       ,"Link":{
          "Target":{
            "url":"f?p=\u0026FLOW_ID.:36:\u0026SESSION."
           ,"App":"\u0026FLOW_ID."
           ,"Page":"36"
          }
        }
      }
     ,{
        "id":"16451691131059740178"
       ,"Identification":{
          "Name":"\u0026CUSTOMER."
         ,"Page Number":"50"
        }
       ,"Execution":{
          "Sequence":10
        }
       ,"Appearance":{
          "Parent Entry":"Customers (14893585021633785434)"
        }
       ,"Link":{
          "Target":{
            "url":"f?p=\u0026APP_ID.:50:\u0026SESSION.::\u0026DEBUG.:::"
           ,"Page":"50"
          }
        }
      }
     ,{
        "id":"16452751545358943404"
       ,"Identification":{
          "Name":"Customer Updates"
         ,"Page Number":"47"
        }
       ,"Execution":{
          "Sequence":10
        }
       ,"Appearance":{
          "Parent Entry":"\u0026CUSTOMER. (16451691131059740178)"
        }
       ,"Link":{
          "Target":{
            "url":"f?p=\u0026APP_ID.:47:\u0026SESSION.::\u0026DEBUG.:::"
           ,"Page":"47"
          }
        }
      }
     ,{
        "id":"16452894141445964554"
       ,"Identification":{
          "Name":"Customer Links"
         ,"Page Number":"51"
        }
       ,"Execution":{
          "Sequence":10
        }
       ,"Appearance":{
          "Parent Entry":"\u0026CUSTOMER. (16451691131059740178)"
        }
       ,"Link":{
          "Target":{
            "url":"f?p=\u0026FLOW_ID.:51:\u0026SESSION."
           ,"App":"\u0026FLOW_ID."
           ,"Page":"51"
          }
        }
      }
     ,{
        "id":"16452930428104967600"
       ,"Identification":{
          "Name":"Customer Attachments"
         ,"Page Number":"52"
        }
       ,"Execution":{
          "Sequence":10
        }
       ,"Appearance":{
          "Parent Entry":"\u0026CUSTOMER. (16451691131059740178)"
        }
       ,"Link":{
          "Target":{
            "url":"f?p=\u0026APP_ID.:52:\u0026SESSION.::\u0026DEBUG.:::"
           ,"Page":"52"
          }
        }
      }
     ,{
        "id":"16619116948356225097"
       ,"Identification":{
          "Name":"Customer Attachment"
         ,"Page Number":"64"
        }
       ,"Execution":{
          "Sequence":10
        }
       ,"Appearance":{
          "Parent Entry":"Customer Attachments (16452930428104967600)"
        }
       ,"Link":{
          "Target":{
            "url":"f?p=\u0026APP_ID.:64:\u0026SESSION.::\u0026DEBUG.:::"
           ,"Page":"64"
          }
        }
      }
     ,{
        "id":"16620397921199300422"
       ,"Identification":{
          "Name":"Link"
         ,"Page Number":"66"
        }
       ,"Execution":{
          "Sequence":10
        }
       ,"Appearance":{
          "Parent Entry":"Customer Links (16452894141445964554)"
        }
       ,"Link":{
          "Target":{
            "url":"f?p=\u0026FLOW_ID.:66:\u0026SESSION."
           ,"App":"\u0026FLOW_ID."
           ,"Page":"66"
          }
        }
      }
     ,{
        "id":"16623018419613457341"
       ,"Identification":{
          "Name":"Customer Products"
         ,"Page Number":"67"
        }
       ,"Execution":{
          "Sequence":10
        }
       ,"Appearance":{
          "Parent Entry":"\u0026CUSTOMER. (16451691131059740178)"
        }
       ,"Link":{
          "Target":{
            "url":"f?p=\u0026APP_ID.:67:\u0026SESSION.::\u0026DEBUG.:::"
           ,"Page":"67"
          }
        }
      }
     ,{
        "id":"16623018739961457343"
       ,"Identification":{
          "Name":"Product"
         ,"Page Number":"68"
        }
       ,"Execution":{
          "Sequence":10
        }
       ,"Appearance":{
          "Parent Entry":"Customer Products (16623018419613457341)"
        }
       ,"Link":{
          "Target":{
            "url":"f?p=\u0026FLOW_ID.:68:\u0026SESSION."
           ,"App":"\u0026FLOW_ID."
           ,"Page":"68"
          }
        }
      }
     ,{
        "id":"16623157234426434290"
       ,"Identification":{
          "Name":"Customer Contacts"
         ,"Page Number":"25"
        }
       ,"Execution":{
          "Sequence":10
        }
       ,"Appearance":{
          "Parent Entry":"\u0026CUSTOMER. (16451691131059740178)"
        }
       ,"Link":{
          "Target":{
            "url":"f?p=\u0026FLOW_ID.:25:\u0026SESSION."
           ,"App":"\u0026FLOW_ID."
           ,"Page":"25"
          }
        }
      }
     ,{
        "id":"16623157543030434291"
       ,"Identification":{
          "Name":"Customer Contact"
         ,"Page Number":"37"
        }
       ,"Execution":{
          "Sequence":10
        }
       ,"Appearance":{
          "Parent Entry":"Customer Contacts (16623157234426434290)"
        }
       ,"Link":{
          "Target":{
            "url":"f?p=\u0026APP_ID.:37:\u0026SESSION.::\u0026DEBUG.:::"
           ,"Page":"37"
          }
        }
      }
     ,{
        "id":"16640408148085197292"
       ,"Identification":{
          "Name":"Time Zone"
         ,"Page Number":"76"
        }
       ,"Execution":{
          "Sequence":10
        }
       ,"Appearance":{
          "Parent Entry":"Preferences (14902701857218484653)"
        }
       ,"Link":{
          "Target":{
            "url":"f?p=\u0026APP_ID.:76:\u0026SESSION.::\u0026DEBUG.:::"
           ,"Page":"76"
          }
        }
      }
     ,{
        "id":"16663127720203525651"
       ,"Identification":{
          "Name":"Maintain Update"
         ,"Page Number":"7"
        }
       ,"Execution":{
          "Sequence":10
        }
       ,"Appearance":{
          "Parent Entry":"Customer Updates (16452751545358943404)"
        }
       ,"Link":{
          "Target":{
            "url":"f?p=\u0026APP_ID.:7:\u0026SESSION.::\u0026DEBUG.:::"
           ,"Page":"7"
          }
        }
      }
     ,{
        "id":"16738662545769204861"
       ,"Identification":{
          "Name":"Application Error Log"
         ,"Page Number":"175"
        }
       ,"Execution":{
          "Sequence":10
        }
       ,"Appearance":{
          "Parent Entry":" Administration (17869146699695249105)"
        }
       ,"Link":{
          "Target":{
            "url":"f?p=\u0026APP_ID.:175:\u0026SESSION.::\u0026DEBUG.:::"
           ,"Page":"175"
          }
        }
      }
     ,{
        "id":"16766631019791536962"
       ,"Identification":{
          "Name":"Activity Calendar"
         ,"Page Number":"21"
        }
       ,"Execution":{
          "Sequence":10
        }
       ,"Appearance":{
          "Parent Entry":"Reports (17869288697625024278)"
        }
       ,"Link":{
          "Target":{
            "url":"f?p=\u0026FLOW_ID.:21:\u0026SESSION."
           ,"App":"\u0026FLOW_ID."
           ,"Page":"21"
          }
        }
      }
     ,{
        "id":"16956747224095850457"
       ,"Identification":{
          "Name":"Countries"
         ,"Page Number":"98"
        }
       ,"Execution":{
          "Sequence":10
        }
       ,"Appearance":{
          "Parent Entry":" Administration (17869146699695249105)"
        }
       ,"Link":{
          "Target":{
            "url":"f?p=\u0026APP_ID.:98:\u0026SESSION."
           ,"Page":"98"
          }
        }
      }
     ,{
        "id":"17030653121318154476"
       ,"Identification":{
          "Name":"Customer Statuses"
         ,"Page Number":"102"
        }
       ,"Execution":{
          "Sequence":10
        }
       ,"Appearance":{
          "Parent Entry":" Administration (17869146699695249105)"
        }
       ,"Link":{
          "Target":{
            "url":"f?p=\u0026APP_ID.:102:\u0026SESSION."
           ,"Page":"102"
          }
        }
      }
     ,{
        "id":"17030692396827119593"
       ,"Identification":{
          "Name":"Status Details"
         ,"Page Number":"103"
        }
       ,"Execution":{
          "Sequence":10
        }
       ,"Appearance":{
          "Parent Entry":"Customer Statuses (17030653121318154476)"
        }
       ,"Link":{
          "Target":{
            "url":"f?p=\u0026APP_ID.:103:\u0026SESSION."
           ,"Page":"103"
          }
        }
      }
     ,{
        "id":"17155469472011692487"
       ,"Identification":{
          "Name":"Customer Use Cases"
         ,"Page Number":"104"
        }
       ,"Execution":{
          "Sequence":10
        }
       ,"Appearance":{
          "Parent Entry":" Administration (17869146699695249105)"
        }
       ,"Link":{
          "Target":{
            "url":"f?p=\u0026APP_ID.:104:\u0026SESSION."
           ,"Page":"104"
          }
        }
      }
     ,{
        "id":"17155857328661747059"
       ,"Identification":{
          "Name":"Use Case Details"
         ,"Page Number":"105"
        }
       ,"Execution":{
          "Sequence":10
        }
       ,"Appearance":{
          "Parent Entry":"Customer Use Cases (17155469472011692487)"
        }
       ,"Link":{
          "Target":{
            "url":"f?p=\u0026APP_ID.:105:\u0026SESSION."
           ,"Page":"105"
          }
        }
      }
     ,{
        "id":"17744661469657847429"
       ,"Identification":{
          "Name":"Implementation Partners"
         ,"Page Number":"106"
        }
       ,"Execution":{
          "Sequence":10
        }
       ,"Appearance":{
          "Parent Entry":" Administration (17869146699695249105)"
        }
       ,"Link":{
          "Target":{
            "url":"f?p=\u0026APP_ID.:106:\u0026SESSION."
           ,"Page":"106"
          }
        }
      }
     ,{
        "id":"17744663522164847441"
       ,"Identification":{
          "Name":"Implementation Partner Details"
         ,"Page Number":"107"
        }
       ,"Execution":{
          "Sequence":10
        }
       ,"Appearance":{
          "Parent Entry":"Implementation Partners (17744661469657847429)"
        }
       ,"Link":{
          "Target":{
            "url":"f?p=\u0026APP_ID.:107:\u0026SESSION."
           ,"Page":"107"
          }
        }
      }
     ,{
        "id":"17745101728396016218"
       ,"Identification":{
          "Name":"Competitors"
         ,"Page Number":"108"
        }
       ,"Execution":{
          "Sequence":10
        }
       ,"Appearance":{
          "Parent Entry":" Administration (17869146699695249105)"
        }
       ,"Link":{
          "Target":{
            "url":"f?p=\u0026APP_ID.:108:\u0026SESSION."
           ,"Page":"108"
          }
        }
      }
     ,{
        "id":"17745103076324016234"
       ,"Identification":{
          "Name":"Competitor Details"
         ,"Page Number":"109"
        }
       ,"Execution":{
          "Sequence":10
        }
       ,"Appearance":{
          "Parent Entry":"Competitors (17745101728396016218)"
        }
       ,"Link":{
          "Target":{
            "url":"f?p=\u0026APP_ID.:109:\u0026SESSION."
           ,"Page":"109"
          }
        }
      }
     ,{
        "id":"17791531279398908822"
       ,"Identification":{
          "Name":"Product Families"
         ,"Page Number":"112"
        }
       ,"Execution":{
          "Sequence":10
        }
       ,"Appearance":{
          "Parent Entry":" Administration (17869146699695249105)"
        }
       ,"Link":{
          "Target":{
            "url":"f?p=\u0026APP_ID.:112:\u0026SESSION."
           ,"Page":"112"
          }
        }
      }
     ,{
        "id":"17791532454724908834"
       ,"Identification":{
          "Name":"Product Family Details"
         ,"Page Number":"113"
        }
       ,"Execution":{
          "Sequence":10
        }
       ,"Appearance":{
          "Parent Entry":"Product Families (17791531279398908822)"
        }
       ,"Link":{
          "Target":{
            "url":"f?p=\u0026APP_ID.:113:\u0026SESSION."
           ,"Page":"113"
          }
        }
      }
     ,{
        "id":"17807080883133049491"
       ,"Identification":{
          "Name":"Partners"
         ,"Page Number":"115"
        }
       ,"Execution":{
          "Sequence":10
        }
       ,"Link":{
          "Target":{
            "url":"f?p=\u0026FLOW_ID.:115:\u0026SESSION."
           ,"App":"\u0026FLOW_ID."
           ,"Page":"115"
          }
        }
      }
     ,{
        "id":"17807147775217069670"
       ,"Identification":{
          "Name":"Competitors"
         ,"Page Number":"116"
        }
       ,"Execution":{
          "Sequence":10
        }
       ,"Link":{
          "Target":{
            "url":"f?p=\u0026APP_ID.:116:\u0026SESSION."
           ,"Page":"116"
          }
        }
      }
     ,{
        "id":"17821866941665002381"
       ,"Identification":{
          "Name":"Search Results"
         ,"Page Number":"33"
        }
       ,"Execution":{
          "Sequence":10
        }
       ,"Link":{
          "Target":{
            "url":"f?p=\u0026FLOW_ID.:33:\u0026SESSION."
           ,"App":"\u0026FLOW_ID."
           ,"Page":"33"
          }
        }
      }
     ,{
        "id":"17823985963809371028"
       ,"Identification":{
          "Name":"Updates"
         ,"Page Number":"22"
        }
       ,"Execution":{
          "Sequence":10
        }
       ,"Appearance":{
          "Parent Entry":"Reports (17869288697625024278)"
        }
       ,"Link":{
          "Target":{
            "url":"f?p=\u0026APP_ID.:22:\u0026SESSION.::\u0026DEBUG.:::"
           ,"Page":"22"
          }
        }
      }
     ,{
        "id":"17825283956430245773"
       ,"Identification":{
          "Name":"Help"
         ,"Page Number":"31"
        }
       ,"Execution":{
          "Sequence":10
        }
       ,"Appearance":{
          "Parent Entry":"0 (0)"
        }
       ,"Link":{
          "Target":{
            "url":"f?p=\u0026APP_ID.:31:\u0026SESSION.::\u0026DEBUG.:::"
           ,"Page":"31"
          }
        }
      }
     ,{
        "id":"17833616445610224519"
       ,"Identification":{
          "Name":"Products"
         ,"Page Number":"42"
        }
       ,"Execution":{
          "Sequence":10
        }
       ,"Appearance":{
          "Parent Entry":" Administration (17869146699695249105)"
        }
       ,"Link":{
          "Target":{
            "url":"f?p=\u0026FLOW_ID.:42:\u0026SESSION."
           ,"App":"\u0026FLOW_ID."
           ,"Page":"42"
          }
        }
      }
     ,{
        "id":"17833616648865224520"
       ,"Identification":{
          "Name":"Product"
         ,"Page Number":"43"
        }
       ,"Execution":{
          "Sequence":10
        }
       ,"Appearance":{
          "Parent Entry":"Products (17833616445610224519)"
        }
       ,"Link":{
          "Target":{
            "url":"f?p=\u0026FLOW_ID.:43:\u0026SESSION."
           ,"App":"\u0026FLOW_ID."
           ,"Page":"43"
          }
        }
      }
     ,{
        "id":"17834029557910372611"
       ,"Identification":{
          "Name":"Products and Services"
         ,"Page Number":"44"
        }
       ,"Execution":{
          "Sequence":10
        }
       ,"Appearance":{
          "Parent Entry":"0 (0)"
        }
       ,"Link":{
          "Target":{
            "url":"f?p=\u0026APP_ID.:44:\u0026SESSION.::\u0026DEBUG.:::"
           ,"Page":"44"
          }
        }
      }
     ,{
        "id":"17834056143056958412"
       ,"Identification":{
          "Name":"Customer Product Use"
         ,"Page Number":"19"
        }
       ,"Execution":{
          "Sequence":10
        }
       ,"Appearance":{
          "Parent Entry":"Products and Services (17834029557910372611)"
        }
       ,"Link":{
          "Target":{
            "url":"f?p=\u0026FLOW_ID.:19:\u0026SESSION."
           ,"App":"\u0026FLOW_ID."
           ,"Page":"19"
          }
        }
      }
     ,{
        "id":"17834459854614313349"
       ,"Identification":{
          "Name":"Activity"
         ,"Page Number":"45"
        }
       ,"Execution":{
          "Sequence":10
        }
       ,"Appearance":{
          "Parent Entry":"Reports (17869288697625024278)"
        }
       ,"Link":{
          "Target":{
            "url":"f?p=\u0026FLOW_ID.:45:\u0026SESSION."
           ,"App":"\u0026FLOW_ID."
           ,"Page":"45"
          }
        }
      }
     ,{
        "id":"17834644849002582521"
       ,"Identification":{
          "Name":"Geographies"
         ,"Page Number":"48"
        }
       ,"Execution":{
          "Sequence":10
        }
       ,"Appearance":{
          "Parent Entry":" Administration (17869146699695249105)"
        }
       ,"Link":{
          "Target":{
            "url":"f?p=\u0026FLOW_ID.:48:\u0026SESSION."
           ,"App":"\u0026FLOW_ID."
           ,"Page":"48"
          }
        }
      }
     ,{
        "id":"17835952064888864069"
       ,"Identification":{
          "Name":"Geography"
         ,"Page Number":"49"
        }
       ,"Execution":{
          "Sequence":10
        }
       ,"Appearance":{
          "Parent Entry":"Geographies (17834644849002582521)"
        }
       ,"Link":{
          "Target":{
            "url":"f?p=\u0026FLOW_ID.:49:\u0026SESSION."
           ,"App":"\u0026FLOW_ID."
           ,"Page":"49"
          }
        }
      }
     ,{
        "id":"17841426244209517984"
       ,"Identification":{
          "Name":"Tags"
         ,"Page Number":"40"
        }
       ,"Execution":{
          "Sequence":10
        }
       ,"Appearance":{
          "Parent Entry":"Reports (17869288697625024278)"
        }
       ,"Link":{
          "Target":{
            "url":"f?p=\u0026FLOW_ID.:40:\u0026SESSION."
           ,"App":"\u0026FLOW_ID."
           ,"Page":"40"
          }
        }
      }
     ,{
        "id":"17869146699695249105"
       ,"Identification":{
          "Name":" Administration"
         ,"Page Number":"12"
        }
       ,"Execution":{
          "Sequence":10
        }
       ,"Appearance":{
          "Parent Entry":"0 (0)"
        }
       ,"Link":{
          "Target":{
            "url":"f?p=\u0026APP_ID.:12:\u0026SESSION.::\u0026DEBUG.:::"
           ,"Page":"12"
          }
        }
      }
     ,{
        "id":"17869160407368705386"
       ,"Identification":{
          "Name":"Categories"
         ,"Page Number":"3"
        }
       ,"Execution":{
          "Sequence":10
        }
       ,"Appearance":{
          "Parent Entry":" Administration (17869146699695249105)"
        }
       ,"Link":{
          "Target":{
            "url":"f?p=\u0026APP_ID.:3:\u0026SESSION.::\u0026DEBUG.:::"
           ,"Page":"3"
          }
        }
      }
     ,{
        "id":"17869160893993710976"
       ,"Identification":{
          "Name":"Category Details"
         ,"Page Number":"4"
        }
       ,"Execution":{
          "Sequence":10
        }
       ,"Appearance":{
          "Parent Entry":"Categories (17869160407368705386)"
        }
       ,"Link":{
          "Target":{
            "url":"f?p=\u0026APP_ID.:4:\u0026SESSION.::\u0026DEBUG.:::"
           ,"Page":"4"
          }
        }
      }
     ,{
        "id":"17869270602099798521"
       ,"Identification":{
          "Name":"Contact Types"
         ,"Page Number":"8"
        }
       ,"Execution":{
          "Sequence":10
        }
       ,"Appearance":{
          "Parent Entry":" Administration (17869146699695249105)"
        }
       ,"Link":{
          "Target":{
            "url":"f?p=\u0026APP_ID.:8:\u0026SESSION.::\u0026DEBUG.:::"
           ,"Page":"8"
          }
        }
      }
     ,{
        "id":"17869270981798802108"
       ,"Identification":{
          "Name":" Contact Type Details"
         ,"Page Number":"9"
        }
       ,"Execution":{
          "Sequence":10
        }
       ,"Appearance":{
          "Parent Entry":"Contact Types (17869270602099798521)"
        }
       ,"Link":{
          "Target":{
            "url":"f?p=\u0026APP_ID.:9:\u0026SESSION.::\u0026DEBUG.:::"
           ,"Page":"9"
          }
        }
      }
     ,{
        "id":"17869271394265805680"
       ,"Identification":{
          "Name":"Customer Types"
         ,"Page Number":"5"
        }
       ,"Execution":{
          "Sequence":10
        }
       ,"Appearance":{
          "Parent Entry":" Administration (17869146699695249105)"
        }
       ,"Link":{
          "Target":{
            "url":"f?p=\u0026APP_ID.:5:\u0026SESSION.::\u0026DEBUG.:::"
           ,"Page":"5"
          }
        }
      }
     ,{
        "id":"17869271806863818800"
       ,"Identification":{
          "Name":"Customer Type Code"
         ,"Page Number":"6"
        }
       ,"Execution":{
          "Sequence":10
        }
       ,"Appearance":{
          "Parent Entry":"Customer Types (17869271394265805680)"
        }
       ,"Link":{
          "Target":{
            "url":"f?p=\u0026APP_ID.:6:\u0026SESSION.::\u0026DEBUG.:::"
           ,"Page":"6"
          }
        }
      }
     ,{
        "id":"17869280409474933097"
       ,"Identification":{
          "Name":" Contacts"
         ,"Page Number":"18"
        }
       ,"Execution":{
          "Sequence":10
        }
       ,"Appearance":{
          "Parent Entry":"0 (0)"
        }
       ,"Link":{
          "Target":{
            "url":"f?p=\u0026APP_ID.:18:\u0026SESSION.::\u0026DEBUG.:::"
           ,"Page":"18"
          }
        }
      }
     ,{
        "id":"17869280788826936590"
       ,"Identification":{
          "Name":" Contact Details"
         ,"Page Number":"20"
        }
       ,"Execution":{
          "Sequence":10
        }
       ,"Appearance":{
          "Parent Entry":" Contacts (17869280409474933097)"
        }
       ,"Link":{
          "Target":{
            "url":"f?p=\u0026APP_ID.:20:\u0026SESSION.::\u0026DEBUG.:::"
           ,"Page":"20"
          }
        }
      }
     ,{
        "id":"17869282004195950510"
       ,"Identification":{
          "Name":" Dashboard"
         ,"Page Number":"1"
        }
       ,"Execution":{
          "Sequence":10
        }
       ,"Appearance":{
          "Parent Entry":"0 (0)"
        }
       ,"Link":{
          "Target":{
            "url":"f?p=\u0026APP_ID.:1:\u0026SESSION.::\u0026DEBUG.:::"
           ,"Page":"1"
          }
        }
      }
     ,{
        "id":"17869282388050955309"
       ,"Identification":{
          "Name":"Customer"
         ,"Page Number":"2"
        }
       ,"Execution":{
          "Sequence":10
        }
       ,"Appearance":{
          "Parent Entry":"0 (0)"
        }
       ,"Link":{
          "Target":{
            "url":"f?p=\u0026APP_ID.:2:\u0026SESSION.::\u0026DEBUG.:::"
           ,"Page":"2"
          }
        }
      }
     ,{
        "id":"17869288697625024278"
       ,"Identification":{
          "Name":"Reports"
         ,"Page Number":"17"
        }
       ,"Execution":{
          "Sequence":10
        }
       ,"Appearance":{
          "Parent Entry":"0 (0)"
        }
       ,"Link":{
          "Target":{
            "url":"f?p=\u0026APP_ID.:17:\u0026SESSION.::\u0026DEBUG.:::"
           ,"Page":"17"
          }
        }
      }
     ,{
        "id":"17869293181742048023"
       ,"Identification":{
          "Name":"Recent Updates"
         ,"Page Number":"29"
        }
       ,"Execution":{
          "Sequence":10
        }
       ,"Appearance":{
          "Parent Entry":"Reports (17869288697625024278)"
        }
       ,"Link":{
          "Target":{
            "url":"f?p=\u0026APP_ID.:29:\u0026SESSION.::\u0026DEBUG.:::"
           ,"Page":"29"
          }
        }
      }
     ,{
        "id":"17869294199404053137"
       ,"Identification":{
          "Name":"Top Users"
         ,"Page Number":"23"
        }
       ,"Execution":{
          "Sequence":10
        }
       ,"Appearance":{
          "Parent Entry":"Reports (17869288697625024278)"
        }
       ,"Link":{
          "Target":{
            "url":"f?p=\u0026APP_ID.:23:\u0026SESSION.::\u0026DEBUG.:::"
           ,"Page":"23"
          }
        }
      }
     ,{
        "id":"18164033561901700345"
       ,"Identification":{
          "Name":"Upload Customers"
         ,"Page Number":"125"
        }
       ,"Execution":{
          "Sequence":10
        }
       ,"Appearance":{
          "Parent Entry":" Administration (17869146699695249105)"
        }
       ,"Link":{
          "Target":{
            "url":"f?p=\u0026APP_ID.:125:\u0026SESSION."
           ,"Page":"125"
          }
        }
      }
     ,{
        "id":"18164049847635700379"
       ,"Identification":{
          "Name":"Upload Customers"
         ,"Page Number":"126"
        }
       ,"Execution":{
          "Sequence":10
        }
       ,"Appearance":{
          "Parent Entry":" Administration (17869146699695249105)"
        }
       ,"Link":{
          "Target":{
            "url":"f?p=\u0026APP_ID.:126:\u0026SESSION."
           ,"Page":"126"
          }
        }
      }
     ,{
        "id":"18164054139469700383"
       ,"Identification":{
          "Name":"Upload Customers"
         ,"Page Number":"127"
        }
       ,"Execution":{
          "Sequence":10
        }
       ,"Appearance":{
          "Parent Entry":" Administration (17869146699695249105)"
        }
       ,"Link":{
          "Target":{
            "url":"f?p=\u0026APP_ID.:127:\u0026SESSION."
           ,"Page":"127"
          }
        }
      }
     ,{
        "id":"18164076797811700422"
       ,"Identification":{
          "Name":"Upload Customers"
         ,"Page Number":"128"
        }
       ,"Execution":{
          "Sequence":10
        }
       ,"Appearance":{
          "Parent Entry":" Administration (17869146699695249105)"
        }
       ,"Link":{
          "Target":{
            "url":"f?p=\u0026APP_ID.:128:\u0026SESSION."
           ,"Page":"128"
          }
        }
      }
     ,{
        "id":"18167872715036516925"
       ,"Identification":{
          "Name":"Activity Types"
         ,"Page Number":"53"
        }
       ,"Execution":{
          "Sequence":10
        }
       ,"Appearance":{
          "Parent Entry":" Administration (17869146699695249105)"
        }
       ,"Link":{
          "Target":{
            "url":"f?p=\u0026APP_ID.:53:\u0026SESSION."
           ,"Page":"53"
          }
        }
      }
     ,{
        "id":"18167873984118516930"
       ,"Identification":{
          "Name":"Activity Type"
         ,"Page Number":"54"
        }
       ,"Execution":{
          "Sequence":10
        }
       ,"Appearance":{
          "Parent Entry":"Activity Types (18167872715036516925)"
        }
       ,"Link":{
          "Target":{
            "url":"f?p=\u0026APP_ID.:54:\u0026SESSION."
           ,"Page":"54"
          }
        }
      }
     ,{
        "id":"18174768802015799079"
       ,"Identification":{
          "Name":"Activities"
         ,"Page Number":"55"
        }
       ,"Execution":{
          "Sequence":10
        }
       ,"Link":{
          "Target":{
            "url":"f?p=\u0026APP_ID.:55:\u0026SESSION."
           ,"Page":"55"
          }
        }
      }
     ,{
        "id":"18174769946952799092"
       ,"Identification":{
          "Name":"Activity Details"
         ,"Page Number":"56"
        }
       ,"Execution":{
          "Sequence":10
        }
       ,"Appearance":{
          "Parent Entry":"Activities (18174768802015799079)"
        }
       ,"Link":{
          "Target":{
            "url":"f?p=\u0026APP_ID.:56:\u0026SESSION."
           ,"Page":"56"
          }
        }
      }
     ,{
        "id":"18197211312820462195"
       ,"Identification":{
          "Name":"\u0026P145_ACTIVITY."
         ,"Page Number":"145"
        }
       ,"Execution":{
          "Sequence":10
        }
       ,"Appearance":{
          "Parent Entry":"Activities (18174768802015799079)"
        }
       ,"Link":{
          "Target":{
            "url":"f?p=\u0026APP_ID.:145:\u0026SESSION.::\u0026DEBUG.:::"
           ,"Page":"145"
          }
        }
      }
     ,{
        "id":"18210135635050897564"
       ,"Identification":{
          "Name":"Customer Activities"
         ,"Page Number":"149"
        }
       ,"Execution":{
          "Sequence":10
        }
       ,"Appearance":{
          "Parent Entry":"\u0026CUSTOMER. (16451691131059740178)"
        }
       ,"Link":{
          "Target":{
            "url":"f?p=\u0026APP_ID.:149:\u0026SESSION."
           ,"Page":"149"
          }
        }
      }
     ,{
        "id":"18210136814556897576"
       ,"Identification":{
          "Name":"Customer Activity"
         ,"Page Number":"150"
        }
       ,"Execution":{
          "Sequence":10
        }
       ,"Appearance":{
          "Parent Entry":"Customer Activities (18210135635050897564)"
        }
       ,"Link":{
          "Target":{
            "url":"f?p=\u0026APP_ID.:150:\u0026SESSION."
           ,"Page":"150"
          }
        }
      }
     ,{
        "id":"18760730983891574148"
       ,"Identification":{
          "Name":"Review Feedback"
         ,"Page Number":"119"
        }
       ,"Execution":{
          "Sequence":10
        }
       ,"Appearance":{
          "Parent Entry":" Administration (17869146699695249105)"
        }
       ,"Link":{
          "Target":{
            "url":"f?p=\u0026APP_ID.:119:\u0026SESSION.::\u0026DEBUG.:::"
           ,"Page":"119"
          }
        }
      }
     ,{
        "id":"18764392361860437464"
       ,"Identification":{
          "Name":"Email Log"
         ,"Page Number":"121"
        }
       ,"Execution":{
          "Sequence":10
        }
       ,"Appearance":{
          "Parent Entry":" Administration (17869146699695249105)"
        }
       ,"Link":{
          "Target":{
            "url":"f?p=\u0026APP_ID.:121:\u0026SESSION."
           ,"Page":"121"
          }
        }
      }
     ,{
        "id":"20275969207551680548"
       ,"Identification":{
          "Name":"Referenceability"
         ,"Page Number":"100"
        }
       ,"Execution":{
          "Sequence":10
        }
       ,"Appearance":{
          "Parent Entry":"Products (15899107801199705124)"
        }
       ,"Link":{
          "Target":{
            "url":"f?p=\u0026APP_ID.:100:\u0026SESSION."
           ,"Page":"100"
          }
        }
      }
     ,{
        "id":"20338547122742017666"
       ,"Identification":{
          "Name":"Referenceability Report"
         ,"Page Number":"122"
        }
       ,"Execution":{
          "Sequence":10
        }
       ,"Appearance":{
          "Parent Entry":"Referenceability (20275969207551680548)"
        }
       ,"Link":{
          "Target":{
            "url":"f?p=\u0026APP_ID.:122:\u0026SESSION."
           ,"Page":"122"
          }
        }
      }
    ]
  }
]
