{
  "id":"31"
 ,"Identification":{
    "Name":"Help"
   ,"Alias":"HELP"
   ,"Title":"Help"
   ,"Page Group":"Help (14749179548750291138)"
  }
 ,"Appearance":{
    "Page Mode":"Normal"
   ,"Page Template":"Theme Default"
   ,"Template Options":[
      "#DEFAULT#"
    ]
  }
 ,"Navigation Menu":{
    "Override User Interface Level":false
  }
 ,"Navigation":{
    "Cursor Focus":"Do not focus cursor"
   ,"Warn on Unsaved Changes":false
  }
 ,"HTML Header":{
    "HTML Header":"\u003Clink rel=\"stylesheet\" href=\"#IMAGE_PREFIX#eba\/css\/eba_help.css\" type=\"text\/css\" media=\"all\"  charset=\"utf-8\"\u003E\n"
  }
 ,"Security":{
    "Authentication":"Page Requires Authentication"
   ,"Deep Linking":"Application Default"
   ,"Page Access Protection":"Arguments Must Have Checksum"
   ,"Form Auto Complete":"On"
   ,"Browser Cache":"Application Default"
  }
 ,"Session Management":{
    "Rejoin Sessions":"Application Default"
  }
 ,"Advanced":{
    "Enable duplicate page submissions":"Yes - Enable page to be re-posted"
   ,"Reload on Submit":"Always"
  }
 ,"Server Cache":{
    "Caching":"Disabled"
  }
 ,"Regions":[
    {
      "id":"14883472027081282434"
     ,"Identification":{
        "Title":"About this Application"
       ,"Type":"Translated Message"
      }
     ,"Layout":{
        "Sequence":10
       ,"Parent Region":"Help Container (16490393649651177467)"
       ,"Position":"SUB_REGIONS"
       ,"Start New Layout":false
       ,"Start New Row":true
       ,"Column":"Automatic"
       ,"New Column":true
       ,"Column Span":"Automatic"
      }
     ,"Appearance":{
        "Template":"None"
       ,"Render Components":"Above Content"
      }
     ,"Advanced":{
        "Exclude Title from Translation":false
      }
     ,"Security":{
        "Escape special characters":true
      }
     ,"Server Cache":{
        "Caching":"Disabled"
      }
     ,"Customization":{
        "Customizable":"Not Customizable By End Users"
      }
     ,"Attributes":{
        "Settings":{
          "Text Message":"HELP_ABOUT"
         ,"Add Paragraph Tags":true
        }
      }
    }
   ,{
      "id":"14883472347491286147"
     ,"Identification":{
        "Title":"Getting Started"
       ,"Type":"Translated Message"
      }
     ,"Layout":{
        "Sequence":20
       ,"Parent Region":"Help Container (16490393649651177467)"
       ,"Position":"SUB_REGIONS"
       ,"Start New Layout":false
       ,"Start New Row":true
       ,"Column":"Automatic"
       ,"New Column":true
       ,"Column Span":"Automatic"
      }
     ,"Appearance":{
        "Template":"None"
       ,"Render Components":"Above Content"
      }
     ,"Advanced":{
        "Exclude Title from Translation":false
      }
     ,"Security":{
        "Escape special characters":true
      }
     ,"Server Cache":{
        "Caching":"Disabled"
      }
     ,"Customization":{
        "Customizable":"Not Customizable By End Users"
      }
     ,"Attributes":{
        "Settings":{
          "Text Message":"HELP_GETTING_STARTED"
         ,"Add Paragraph Tags":true
        }
      }
    }
   ,{
      "id":"14883472727882289991"
     ,"Identification":{
        "Title":"Features"
       ,"Type":"Translated Message"
      }
     ,"Layout":{
        "Sequence":30
       ,"Parent Region":"Help Container (16490393649651177467)"
       ,"Position":"SUB_REGIONS"
       ,"Start New Layout":false
       ,"Start New Row":true
       ,"Column":"Automatic"
       ,"New Column":true
       ,"Column Span":"Automatic"
      }
     ,"Appearance":{
        "Template":"None"
       ,"Render Components":"Above Content"
      }
     ,"Advanced":{
        "Exclude Title from Translation":false
      }
     ,"Security":{
        "Escape special characters":true
      }
     ,"Server Cache":{
        "Caching":"Disabled"
      }
     ,"Customization":{
        "Customizable":"Not Customizable By End Users"
      }
     ,"Attributes":{
        "Settings":{
          "Text Message":"HELP_FEATURES"
         ,"Add Paragraph Tags":true
        }
      }
    }
   ,{
      "id":"14883472935501292223"
     ,"Identification":{
        "Title":"Support"
       ,"Type":"Translated Message"
      }
     ,"Source":{
        "SQL Query":"select \u0027https:\/\/forums.oracle.com\/forums\/forum.jspa?forumID=137\u0027 support_link,\n    \u0027OTN Forum\u0027 support_text\nfrom dual"
      }
     ,"Layout":{
        "Sequence":40
       ,"Parent Region":"Help Container (16490393649651177467)"
       ,"Position":"SUB_REGIONS"
       ,"Start New Layout":false
       ,"Start New Row":true
       ,"Column":"Automatic"
       ,"New Column":true
       ,"Column Span":"Automatic"
      }
     ,"Appearance":{
        "Template":"None"
       ,"Render Components":"Above Content"
      }
     ,"Advanced":{
        "Exclude Title from Translation":false
      }
     ,"Security":{
        "Escape special characters":true
      }
     ,"Server Cache":{
        "Caching":"Disabled"
      }
     ,"Customization":{
        "Customizable":"Not Customizable By End Users"
      }
     ,"Attributes":{
        "Settings":{
          "Text Message":"HELP_SUPPORT"
         ,"Substitution Column 0 (%0)":"SUPPORT_LINK"
         ,"Substitution Column 1 (%1)":"SUPPORT_TEXT"
         ,"Add Paragraph Tags":true
        }
      }
    }
   ,{
      "id":"15500523272951716444"
     ,"Identification":{
        "Title":"\u0026APPLICATION_TITLE."
       ,"Type":"Classic Report"
      }
     ,"Source":{
        "Location":"Local Database"
       ,"Type":"SQL Query"
       ,"SQL Query":"select aa.version app_version,\n       to_char(aa.pages,\u0027999G999G990\u0027) pages,\n       \u0027Oracle\u0027 vendor\nfrom apex_applications aa\nwhere aa.application_id = :APP_ID"
      }
     ,"Layout":{
        "Sequence":20
       ,"Parent Region":"No Parent"
       ,"Position":"BODY"
       ,"Start New Layout":false
       ,"Start New Row":false
       ,"Column":"Automatic"
       ,"New Column":true
       ,"Column Span":"4"
      }
     ,"Appearance":{
        "Template":"Hero (14888260989426691838)"
       ,"Template Options":[
          "#DEFAULT#"
         ,"t-HeroRegion--featured t-HeroRegion--centered"
        ]
       ,"CSS Classes":[
          "t-HeroRegion--featured"
        ]
       ,"Render Components":"Above Content"
      }
     ,"Image":{
        "File URL":"#APP_FILES#icons\/app-icon-512.png"
      }
     ,"Accessibility":{
        "Use Landmark":true
       ,"Landmark Type":"Template Default"
      }
     ,"Advanced":{
        "Region Display Selector":true
       ,"Exclude Title from Translation":false
      }
     ,"Server Cache":{
        "Caching":"Disabled"
      }
     ,"Customization":{
        "Customizable":"Not Customizable By End Users"
      }
     ,"Attributes":{
        "Layout":{
          "Number of Rows Type":"Static Value"
         ,"Number of Rows":15
        }
       ,"Appearance":{
          "Template Type":"Theme"
         ,"Template":"Value Attribute Pairs - Column (14888273239684691865)"
         ,"Template Options":[
            "#DEFAULT#"
           ,"t-AVPList--rightAligned"
          ]
         ,"Show Null Values as":"-"
        }
       ,"Pagination":{
          "Type":"No Pagination (Show All Rows)"
         ,"Partial Page Refresh":true
        }
       ,"Performance":{
          "Lazy Loading":false
        }
       ,"Break Formatting":{
          "Break Columns":"No Break"
        }
       ,"Advanced":{
          "Strip HTML":false
         ,"Sort Nulls":"Last"
        }
       ,"Heading":{
          "Type":"Custom Headings"
        }
       ,"Download":{
          "CSV Export Enabled":false
        }
       ,"Printing":{
          "Enabled":false
        }
      }
     ,"Columns":[
        {
          "id":"15500523366085716445"
         ,"Identification":{
            "Column Name":"APP_VERSION"
           ,"Type":"Plain Text"
          }
         ,"Heading":{
            "Heading":"App version"
           ,"Alignment":"start"
          }
         ,"Layout":{
            "Sequence":1
           ,"Column Alignment":"start"
          }
         ,"Accessibility":{
            "Value Identifies Row":false
          }
         ,"Sorting":{
            "Sortable":true
          }
         ,"Export \/ Printing":{
            "Include In Export \/ Print":true
          }
         ,"Advanced":{
            "Compute Sum":false
          }
         ,"UI Defaults Reference":{
            "Table Owner":"Parsing Schema"
          }
         ,"Security":{
            "Escape special characters":true
          }
        }
       ,{
          "id":"15500523413928716446"
         ,"Identification":{
            "Column Name":"PAGES"
           ,"Type":"Plain Text"
          }
         ,"Heading":{
            "Heading":"Pages"
           ,"Alignment":"start"
          }
         ,"Layout":{
            "Sequence":2
           ,"Column Alignment":"start"
          }
         ,"Accessibility":{
            "Value Identifies Row":false
          }
         ,"Sorting":{
            "Sortable":true
          }
         ,"Export \/ Printing":{
            "Include In Export \/ Print":true
          }
         ,"Advanced":{
            "Compute Sum":false
          }
         ,"UI Defaults Reference":{
            "Table Owner":"Parsing Schema"
          }
         ,"Security":{
            "Escape special characters":true
          }
        }
       ,{
          "id":"15500523540500716447"
         ,"Identification":{
            "Column Name":"VENDOR"
           ,"Type":"Plain Text"
          }
         ,"Heading":{
            "Heading":"Vendor"
           ,"Alignment":"start"
          }
         ,"Layout":{
            "Sequence":3
           ,"Column Alignment":"start"
          }
         ,"Accessibility":{
            "Value Identifies Row":false
          }
         ,"Sorting":{
            "Sortable":true
          }
         ,"Export \/ Printing":{
            "Include In Export \/ Print":true
          }
         ,"Advanced":{
            "Compute Sum":false
          }
         ,"UI Defaults Reference":{
            "Table Owner":"Parsing Schema"
          }
         ,"Security":{
            "Escape special characters":true
          }
        }
      ]
    }
   ,{
      "id":"16490393649651177467"
     ,"Identification":{
        "Title":"Help Container"
       ,"Type":"Static Content"
      }
     ,"Layout":{
        "Sequence":10
       ,"Parent Region":"No Parent"
       ,"Position":"BODY"
       ,"Start New Layout":false
       ,"Start New Row":true
       ,"Column":"Automatic"
       ,"New Column":true
       ,"Column Span":"Automatic"
      }
     ,"Appearance":{
        "Template":"Standard (14888264683728691846)"
       ,"Template Options":[
          "#DEFAULT#"
         ,"t-Region--removeHeader js-removeLandmark"
         ,"t-Region--scrollBody"
        ]
       ,"Render Components":"Above Content"
      }
     ,"Accessibility":{
        "Use Landmark":true
       ,"Landmark Type":"Template Default"
      }
     ,"Advanced":{
        "Region Display Selector":false
       ,"Exclude Title from Translation":false
      }
     ,"Server Cache":{
        "Caching":"Disabled"
      }
     ,"Customization":{
        "Customizable":"Not Customizable By End Users"
      }
     ,"Attributes":{
        "Settings":{
          "Output As":"HTML"
         ,"Expand Shortcuts":false
        }
      }
    }
   ,{
      "id":"17825283750367245771"
     ,"Identification":{
        "Title":"Breadcrumb"
       ,"Type":"Breadcrumb"
      }
     ,"Source":{
        "Breadcrumb":"Breadcrumb (17869143586620226407)"
      }
     ,"Layout":{
        "Sequence":80
       ,"Parent Region":"No Parent"
       ,"Position":"REGION_POSITION_01"
       ,"Start New Layout":false
       ,"Start New Row":true
       ,"Column":"Automatic"
       ,"New Column":true
       ,"Column Span":"Automatic"
      }
     ,"Appearance":{
        "Template":"Title Bar (14888267217215691848)"
       ,"Template Options":[
          "#DEFAULT#"
         ,"t-BreadcrumbRegion--useBreadcrumbTitle"
        ]
       ,"Render Components":"Above Content"
      }
     ,"Accessibility":{
        "Use Landmark":true
       ,"Landmark Type":"Template Default"
      }
     ,"Advanced":{
        "Region Display Selector":false
       ,"Exclude Title from Translation":false
      }
     ,"Server-side Condition":{
        "Type":"Never"
      }
     ,"Server Cache":{
        "Caching":"Disabled"
      }
     ,"Customization":{
        "Customizable":"Not Customizable By End Users"
      }
     ,"Attributes":{
        "Appearance":{
          "Breadcrumb Template":"Breadcrumb (14888282717314691893)"
         ,"Template Options":[
            "#DEFAULT#"
          ]
        }
      }
    }
  ]
 ,"Computations":[
    {
      "id":"17841415754103067319"
     ,"Identification":{
        "Item Name":"LAST_VIEW"
      }
     ,"Execution":{
        "Sequence":10
       ,"Point":"Before Header"
      }
     ,"Computation":{
        "Type":"Static Value"
       ,"Static Value":"31"
      }
    }
  ]
}
