{
  "id":"40"
 ,"Identification":{
    "Name":"Tags"
   ,"Alias":"TAGS"
   ,"Title":"Tags"
   ,"Page Group":"Reports (14749179718753291941)"
  }
 ,"Appearance":{
    "Page Mode":"Normal"
   ,"Page Template":"Standard (14888221571271691783)"
   ,"Template Options":[
      "#DEFAULT#"
    ]
  }
 ,"Navigation Menu":{
    "Override User Interface Level":false
  }
 ,"Navigation":{
    "Cursor Focus":"Do not focus cursor"
   ,"Warn on Unsaved Changes":false
  }
 ,"Security":{
    "Authentication":"Page Requires Authentication"
   ,"Deep Linking":"Application Default"
   ,"Page Access Protection":"Arguments Must Have Checksum"
   ,"Form Auto Complete":"On"
   ,"Browser Cache":"Application Default"
  }
 ,"Session Management":{
    "Rejoin Sessions":"Application Default"
  }
 ,"Advanced":{
    "Enable duplicate page submissions":"Yes - Enable page to be re-posted"
   ,"Reload on Submit":"Always"
  }
 ,"Server Cache":{
    "Caching":"Disabled"
  }
 ,"Configuration":{
    "Build Option":"Reports (14985268924324738425)"
  }
 ,"Regions":[
    {
      "id":"17841426059828517975"
     ,"Identification":{
        "Title":"Breadcrumb"
       ,"Type":"Breadcrumb"
      }
     ,"Source":{
        "Breadcrumb":"Breadcrumb (17869143586620226407)"
      }
     ,"Layout":{
        "Sequence":50
       ,"Parent Region":"No Parent"
       ,"Position":"REGION_POSITION_01"
       ,"Start New Layout":false
       ,"Start New Row":true
       ,"Column":"Automatic"
       ,"New Column":true
       ,"Column Span":"Automatic"
      }
     ,"Appearance":{
        "Template":"Title Bar (14888267217215691848)"
       ,"Template Options":[
          "#DEFAULT#"
         ,"t-BreadcrumbRegion--useBreadcrumbTitle"
        ]
       ,"Render Components":"Above Content"
      }
     ,"Accessibility":{
        "Use Landmark":true
       ,"Landmark Type":"Template Default"
      }
     ,"Advanced":{
        "Region Display Selector":false
       ,"Exclude Title from Translation":false
      }
     ,"Server Cache":{
        "Caching":"Disabled"
      }
     ,"Customization":{
        "Customizable":"Not Customizable By End Users"
      }
     ,"Attributes":{
        "Appearance":{
          "Breadcrumb Template":"Breadcrumb (14888282717314691893)"
         ,"Template Options":[
            "#DEFAULT#"
          ]
        }
      }
    }
   ,{
      "id":"17841464548505028550"
     ,"Identification":{
        "Title":"Customers Tag Cloud"
       ,"Type":"Tag Cloud"
      }
     ,"Source":{
        "SQL Query":"select tag, tag_count\n  from eba_cust_tags_type_sum\n where content_type = \u0027CUSTOMER\u0027\n   and tag_count \u003E 0"
      }
     ,"Layout":{
        "Sequence":10
       ,"Parent Region":"No Parent"
       ,"Position":"BODY"
       ,"Start New Layout":false
       ,"Start New Row":true
       ,"Column":"Automatic"
       ,"New Column":false
       ,"Column Span":"Automatic"
      }
     ,"Appearance":{
        "Template":"Standard (14888264683728691846)"
       ,"Template Options":[
          "#DEFAULT#"
         ,"t-Region--hiddenOverflow"
        ]
       ,"Render Components":"Above Content"
      }
     ,"Accessibility":{
        "Use Landmark":true
       ,"Landmark Type":"Template Default"
      }
     ,"Advanced":{
        "Region Display Selector":false
       ,"Exclude Title from Translation":false
      }
     ,"Server Cache":{
        "Caching":"Disabled"
      }
     ,"Customization":{
        "Customizable":"Not Customizable By End Users"
      }
     ,"Attributes":{
        "Settings":{
          "Link Target":{
            "url":"f?p=\u0026APP_ID.:59:\u0026SESSION.::\u0026DEBUG.:59,RIR:IRC_TAGS,P59_DISPLAY_AS:#TAG#,REPORT"
           ,"Page":"59"
           ,"Clear Cache":"59,RIR"
           ,"Values":{
              "IRC_TAGS":"#TAG#"
             ,"P59_DISPLAY_AS":"REPORT"
            }
          }
         ,"Show Count":true
        }
       ,"Messages":{
          "When No Data Found":"No tags found."
        }
      }
    }
   ,{
      "id":"17841464755085030432"
     ,"Identification":{
        "Title":"Contacts Tag Cloud"
       ,"Type":"Tag Cloud"
      }
     ,"Source":{
        "SQL Query":"select tag, tag_count\n  from eba_cust_tags_type_sum\n where content_type = \u0027CONTACT\u0027\n   and tag_count \u003E 0"
      }
     ,"Layout":{
        "Sequence":20
       ,"Parent Region":"No Parent"
       ,"Position":"BODY"
       ,"Start New Layout":false
       ,"Start New Row":true
       ,"Column":"Automatic"
       ,"New Column":false
       ,"Column Span":"Automatic"
      }
     ,"Appearance":{
        "Template":"Standard (14888264683728691846)"
       ,"Template Options":[
          "#DEFAULT#"
         ,"t-Region--hiddenOverflow"
        ]
       ,"Render Components":"Above Content"
      }
     ,"Accessibility":{
        "Use Landmark":true
       ,"Landmark Type":"Template Default"
      }
     ,"Advanced":{
        "Region Display Selector":false
       ,"Exclude Title from Translation":false
      }
     ,"Server Cache":{
        "Caching":"Disabled"
      }
     ,"Customization":{
        "Customizable":"Not Customizable By End Users"
      }
     ,"Attributes":{
        "Settings":{
          "Link Target":{
            "url":"f?p=\u0026APP_ID.:18:\u0026APP_SESSION.::::IRC_TAGS:#TAG#"
           ,"Page":"18"
           ,"Values":{
              "IRC_TAGS":"#TAG#"
            }
          }
         ,"Show Count":true
        }
       ,"Messages":{
          "When No Data Found":"No tags found."
        }
      }
    }
   ,{
      "id":"17841465067206033974"
     ,"Identification":{
        "Title":"Products Tag Cloud"
       ,"Type":"Tag Cloud"
      }
     ,"Source":{
        "SQL Query":"select tag, tag_count\n  from eba_cust_tags_type_sum\n where content_type = \u0027PRODUCT\u0027\n   and tag_count \u003E 0"
      }
     ,"Layout":{
        "Sequence":30
       ,"Parent Region":"No Parent"
       ,"Position":"BODY"
       ,"Start New Layout":false
       ,"Start New Row":true
       ,"Column":"Automatic"
       ,"New Column":false
       ,"Column Span":"Automatic"
      }
     ,"Appearance":{
        "Template":"Standard (14888264683728691846)"
       ,"Template Options":[
          "#DEFAULT#"
         ,"t-Region--hiddenOverflow"
        ]
       ,"Render Components":"Above Content"
      }
     ,"Accessibility":{
        "Use Landmark":true
       ,"Landmark Type":"Template Default"
      }
     ,"Advanced":{
        "Region Display Selector":false
       ,"Exclude Title from Translation":false
      }
     ,"Server Cache":{
        "Caching":"Disabled"
      }
     ,"Customization":{
        "Customizable":"Not Customizable By End Users"
      }
     ,"Attributes":{
        "Settings":{
          "Link Target":{
            "url":"f?p=\u0026APP_ID.:44:\u0026APP_SESSION.::::IRC_TAGS:#TAG#"
           ,"Page":"44"
           ,"Values":{
              "IRC_TAGS":"#TAG#"
            }
          }
         ,"Show Count":true
        }
       ,"Messages":{
          "When No Data Found":"No tags found."
        }
      }
    }
  ]
}
