{
  "id":"85"
 ,"Identification":{
    "Name":"Geographies"
   ,"Alias":"GEOGRAPHIES2"
   ,"Title":"Geographies"
   ,"Page Group":"Customers (14749179822908293214)"
  }
 ,"Appearance":{
    "Page Mode":"Normal"
   ,"Page Template":"Theme Default"
   ,"Template Options":[
      "#DEFAULT#"
    ]
  }
 ,"Navigation Menu":{
    "Override User Interface Level":false
  }
 ,"Navigation":{
    "Cursor Focus":"Do not focus cursor"
   ,"Warn on Unsaved Changes":false
  }
 ,"Security":{
    "Authentication":"Page Requires Authentication"
   ,"Deep Linking":"Application Default"
   ,"Page Access Protection":"Arguments Must Have Checksum"
   ,"Form Auto Complete":"On"
   ,"Browser Cache":"Application Default"
  }
 ,"Session Management":{
    "Rejoin Sessions":"Application Default"
  }
 ,"Advanced":{
    "Enable duplicate page submissions":"Yes - Enable page to be re-posted"
   ,"Reload on Submit":"Always"
  }
 ,"Server Cache":{
    "Caching":"Disabled"
  }
 ,"Help":{
    "Help Text":"No help is available for this page."
  }
 ,"Regions":[
    {
      "id":"1134987737751235252"
     ,"Identification":{
        "Title":"Customers by Geography"
       ,"Type":"Chart"
      }
     ,"Source":{
        "Page Items to Submit":[
          "P85_CATEGORY"
        ]
      }
     ,"Layout":{
        "Sequence":30
       ,"Parent Region":"No Parent"
       ,"Position":"BODY"
       ,"Start New Layout":false
       ,"Start New Row":true
       ,"Column":"Automatic"
       ,"New Column":true
       ,"Column Span":"Automatic"
      }
     ,"Appearance":{
        "Template":"Standard (14888264683728691846)"
       ,"Template Options":[
          "#DEFAULT#"
         ,"t-Region--hideHeader"
         ,"t-Region--scrollBody"
        ]
       ,"CSS Classes":[
          "scrollable-region"
        ]
       ,"Render Components":"Above Content"
      }
     ,"Accessibility":{
        "Use Landmark":true
       ,"Landmark Type":"Template Default"
      }
     ,"Advanced":{
        "Region Display Selector":false
       ,"Exclude Title from Translation":false
      }
     ,"Security":{
        "Escape special characters":true
      }
     ,"Server Cache":{
        "Caching":"Disabled"
      }
     ,"Customization":{
        "Customizable":"Not Customizable By End Users"
      }
     ,"Configuration":{
        "Build Option":"Geography (14985171647776348081)"
      }
     ,"Attributes":{
        "id":"1134987891969235253"
       ,"Chart":{
          "Type":"Bar"
        }
       ,"Appearance":{
          "Orientation":"Vertical"
         ,"Stack":false
        }
       ,"Data Cursor":{
          "Cursor":"Automatic"
         ,"Behavior":"Automatic"
         ,"Dim On Hover":false
        }
       ,"Multi-Series Chart Data":{
          "Fill Gaps in Chart Data":true
         ,"Sort Order":"Label - Ascending"
         ,"Render Gap as Zero":true
        }
       ,"Settings":{
          "Zoom and Scroll":"No"
        }
       ,"Animation":{
          "On Display":"None"
         ,"On Data Change":"None"
        }
       ,"Tooltip":{
          "Show":true
         ,"Show Series Name":true
         ,"Show Group Name":true
         ,"Show Value":true
        }
       ,"Legend":{
          "Show":false
        }
       ,"Series":[
          {
            "id":"1134987931831235254"
           ,"Identification":{
              "Name":"Geography"
            }
           ,"Execution":{
              "Sequence":10
            }
           ,"Source":{
              "Location":"Local Database"
             ,"Type":"SQL Query"
             ,"SQL Query":"select group_name, group_id, cnt, group_name || \u0027 (\u0027|| cnt || \u0027)\u0027 tooltip\nfrom (select  \n   nvl(geography_name,\u0027Not Defined\u0027) group_name,\n   g.id group_id,\n   count(*) cnt\nfrom   \n   eba_cust_customers a, \n   eba_cust_geographies g\nwhere a.geography_id = g.id (+)  and \n      (NVL(:P85_CATEGORY,0) = 0 or a.CATEGORY_ID = :P85_CATEGORY)\ngroup by nvl(geography_name,\u0027Not Defined\u0027), g.id\norder by 3 desc)"
             ,"Page Items to Submit":[
                "P85_CATEGORY"
              ]
            }
           ,"Column Mapping":{
              "Label":"GROUP_NAME"
             ,"Value":"CNT"
             ,"Custom Tooltip":"TOOLTIP"
            }
           ,"Appearance":{
              "Assigned To Y2 Axis":false
            }
           ,"Link":{
              "Type":"Redirect to Page in this Application"
             ,"Target":{
                "url":"f?p=\u0026APP_ID.:59:\u0026SESSION.::\u0026DEBUG.:RIR:P59_GEO,IR_GEOGRAPHY_NAME,P59_CATEGORY:\u0026GROUP_ID.,\u0026GROUP_NAME.,\u0026P85_CATEGORY."
               ,"Page":"59"
               ,"Clear Cache":"RIR"
               ,"Values":{
                  "P59_GEO":"\u0026GROUP_ID."
                 ,"IR_GEOGRAPHY_NAME":"\u0026GROUP_NAME."
                 ,"P59_CATEGORY":"\u0026P85_CATEGORY."
                }
              }
            }
           ,"Label":{
              "Show":false
            }
          }
        ]
       ,"Axes":[
          {
            "id":"1134988037643235255"
           ,"Identification":{
              "Name":"x"
             ,"Show Axis":true
            }
           ,"Value":{
              "Format Scaling":"Automatic"
             ,"Baseline Scaling":"Zero"
             ,"Scale":"Linear"
            }
           ,"Major Ticks":{
              "Show":"Yes"
            }
           ,"Minor Ticks":{
              "Show":false
            }
           ,"Tick Label":{
              "Show":true
             ,"Rotation":true
             ,"Position":"Outside"
            }
          }
         ,{
            "id":"1134988182064235256"
           ,"Identification":{
              "Name":"y"
             ,"Show Axis":true
            }
           ,"Value":{
              "Format Scaling":"Automatic"
             ,"Baseline Scaling":"Zero"
             ,"Scale":"Linear"
            }
           ,"Appearance":{
              "Position":"Automatic"
            }
           ,"Major Ticks":{
              "Show":"Yes"
            }
           ,"Minor Ticks":{
              "Show":false
            }
           ,"Tick Label":{
              "Show":true
            }
          }
        ]
      }
    }
   ,{
      "id":"15800017758205235531"
     ,"Identification":{
        "Title":"Breadcrumb"
       ,"Type":"Breadcrumb"
      }
     ,"Source":{
        "Breadcrumb":"Breadcrumb (17869143586620226407)"
      }
     ,"Layout":{
        "Sequence":30
       ,"Parent Region":"No Parent"
       ,"Position":"REGION_POSITION_01"
       ,"Start New Layout":false
       ,"Start New Row":true
       ,"Column":"Automatic"
       ,"New Column":true
       ,"Column Span":"Automatic"
      }
     ,"Appearance":{
        "Template":"Title Bar (14888267217215691848)"
       ,"Template Options":[
          "#DEFAULT#"
         ,"t-BreadcrumbRegion--useBreadcrumbTitle"
        ]
       ,"Render Components":"Above Content"
      }
     ,"Accessibility":{
        "Use Landmark":true
       ,"Landmark Type":"Template Default"
      }
     ,"Advanced":{
        "Region Display Selector":false
       ,"Exclude Title from Translation":false
      }
     ,"Server Cache":{
        "Caching":"Disabled"
      }
     ,"Customization":{
        "Customizable":"Not Customizable By End Users"
      }
     ,"Attributes":{
        "Appearance":{
          "Breadcrumb Template":"Breadcrumb (14888282717314691893)"
         ,"Template Options":[
            "#DEFAULT#"
          ]
        }
      }
    }
   ,{
      "id":"15899112968260724945"
     ,"Identification":{
        "Title":"Button Bar"
       ,"Type":"Static Content"
      }
     ,"Layout":{
        "Sequence":10
       ,"Parent Region":"No Parent"
       ,"Position":"BODY"
       ,"Start New Layout":false
       ,"Start New Row":true
       ,"Column":"Automatic"
       ,"New Column":true
       ,"Column Span":"Automatic"
      }
     ,"Appearance":{
        "Template":"Buttons Container (14888251272274691825)"
       ,"Template Options":[
          "#DEFAULT#"
         ,"t-ButtonRegion--noPadding"
         ,"t-ButtonRegion--noUI"
        ]
       ,"Render Components":"Above Content"
      }
     ,"Accessibility":{
        "Use Landmark":true
       ,"Landmark Type":"Template Default"
      }
     ,"Advanced":{
        "Region Display Selector":false
       ,"Exclude Title from Translation":false
      }
     ,"Server Cache":{
        "Caching":"Disabled"
      }
     ,"Customization":{
        "Customizable":"Not Customizable By End Users"
      }
     ,"Attributes":{
        "Settings":{
          "Output As":"HTML"
         ,"Expand Shortcuts":false
        }
      }
    }
  ]
 ,"Page Items":[
    {
      "id":"15899113235056724946"
     ,"Identification":{
        "Name":"P85_CATEGORY"
       ,"Type":"Select List"
      }
     ,"Label":{
        "Label":"Category"
       ,"Alignment":"Left"
      }
     ,"Settings":{
        "Page Action on Selection":"None"
       ,"Allow Multi Selection":false
      }
     ,"Layout":{
        "Sequence":10
       ,"Region":"Button Bar (15899112968260724945)"
       ,"Position":"BODY"
       ,"Alignment":"Left"
       ,"Start New Layout":false
       ,"Start New Row":true
       ,"Column":"Automatic"
       ,"New Column":true
       ,"Column Span":"Automatic"
       ,"Label Column Span":"Page Template Default"
      }
     ,"Appearance":{
        "Template":"Optional (14888281543517691887)"
       ,"Template Options":[
          "#DEFAULT#"
        ]
       ,"Height":1
      }
     ,"Validation":{
        "Value Required":false
      }
     ,"List of Values":{
        "Type":"Shared Component"
       ,"List of Values":"CAT (14893788503901989125)"
       ,"Display Extra Values":true
       ,"Display Null Value":true
       ,"Null Display Value":"- All -"
       ,"Null Return Value":"0"
      }
     ,"Advanced":{
        "Warn on Unsaved Changes":"Page Default"
      }
     ,"Source":{
        "Type":"Static Value"
       ,"Static Value":"0"
       ,"Used":"Only when current value in session state is null"
      }
     ,"Default":{
        "Type":"Static"
       ,"Static Value":"0"
      }
     ,"Session State":{
        "Storage":"Per Session (Persistent)"
      }
     ,"Quick Picks":{
        "Show Quick Picks":false
      }
     ,"Security":{
        "Session State Protection":"Unrestricted"
       ,"Store value encrypted in session state":false
       ,"Restricted Characters":"All characters can be saved."
      }
    }
  ]
 ,"Buttons":[
    {
      "id":"15902993206023651979"
     ,"Identification":{
        "Button Name":"RESET_REPORT"
       ,"Label":"Reset"
      }
     ,"Layout":{
        "Sequence":10
       ,"Region":"Breadcrumb (15800017758205235531)"
       ,"Position":"CREATE"
       ,"Start New Layout":false
       ,"Start New Row":true
       ,"Column":"Automatic"
       ,"New Column":true
       ,"Column Span":"Automatic"
      }
     ,"Appearance":{
        "Button Template":"Text with Icon (14888281958145691891)"
       ,"Hot":false
       ,"Template Options":[
          "#DEFAULT#"
         ,"t-Button--iconLeft"
        ]
       ,"Icon":"fa-undo-alt"
      }
     ,"Behavior":{
        "Action":"Redirect to Page in this Application"
       ,"Target":{
          "url":"f?p=\u0026APP_ID.:\u0026APP_PAGE_ID.:\u0026SESSION.::\u0026DEBUG.:RP,\u0026APP_PAGE_ID.,RIR::"
         ,"Page":"\u0026APP_PAGE_ID."
         ,"Clear Cache":"RP,\u0026APP_PAGE_ID.,RIR"
        }
       ,"Warn on Unsaved Changes":"Do Not Check"
      }
    }
  ]
 ,"Dynamic Actions":[
    {
      "id":"15899258135898846180"
     ,"Identification":{
        "Name":"set cat"
      }
     ,"Execution":{
        "Sequence":10
      }
     ,"When":{
        "Event":"EVENT.EVENT.BROWSER.CHANGE"
       ,"Selection Type":"Item(s)"
       ,"Item(s)":[
          "P85_CATEGORY"
        ]
      }
     ,"Execution":{
        "Event Scope":"Static"
       ,"Type":"Immediate"
      }
     ,"Actions":[
        {
          "id":"1134988298677235257"
         ,"Identification":{
            "Action":"Refresh"
          }
         ,"Affected Elements":{
            "Selection Type":"Region"
           ,"Region":"Customers by Geography (1134987737751235252)"
          }
         ,"Execution":{
            "Sequence":20
           ,"Event":"set cat (15899258135898846180)"
           ,"Fire When Event Result Is":"True"
           ,"Fire on Initialization":false
          }
        }
      ]
    }
  ]
}
