{
  "id":"67"
 ,"Identification":{
    "Name":"Products"
   ,"Alias":"PRODUCTS2"
   ,"Title":"Products"
   ,"Page Group":"Customers (14749179822908293214)"
  }
 ,"Appearance":{
    "Page Mode":"Normal"
   ,"Page Template":"Theme Default"
   ,"Template Options":[
      "#DEFAULT#"
    ]
  }
 ,"Navigation Menu":{
    "Override User Interface Level":false
  }
 ,"Navigation":{
    "Cursor Focus":"First item on page"
   ,"Warn on Unsaved Changes":false
  }
 ,"Security":{
    "Authentication":"Page Requires Authentication"
   ,"Deep Linking":"Application Default"
   ,"Page Access Protection":"Arguments Must Have Checksum"
   ,"Form Auto Complete":"On"
   ,"Browser Cache":"Application Default"
  }
 ,"Session Management":{
    "Rejoin Sessions":"Application Default"
  }
 ,"Advanced":{
    "Enable duplicate page submissions":"Yes - Enable page to be re-posted"
   ,"Reload on Submit":"Always"
  }
 ,"Server Cache":{
    "Caching":"Disabled"
  }
 ,"Help":{
    "Help Text":"No help is available for this page."
  }
 ,"Regions":[
    {
      "id":"16623016540833457334"
     ,"Identification":{
        "Title":"Products"
       ,"Type":"Interactive Report"
      }
     ,"Source":{
        "Location":"Local Database"
       ,"Type":"SQL Query"
       ,"SQL Query":"select u.id,\n    p.id id2,\n    u.product_id,\n    p.product_name,\n    p.description,\n    p.tags,\n    p.is_active,\n    u.valid_from,\n    u.valid_to,\n    nvl(u.updated, u.created) last_updated,\n    lower(nvl(u.updated_by, u.created_by)) last_updated_by,\n    u.reference_status_id,\n    \u0027#\u0027 delete_link,\n    (\n        select listagg(rt.reference_type,\u0027, \u0027) within group (order by rt.reference_type)\n          from eba_cust_reference_types rt\n         where \u0027:\u0027||u.reference_type_ids||\u0027:\u0027 like \u0027%:\u0027||rt.id||\u0027:%\u0027\n    ) as reference_types,\n    decode( u.customer_contact_id, null, null, (select decode(email, null, name, \u0027\u003Ca href=\"mailto:\u0027\n                                                              || apex_escape.html(email) || \u0027\"\u003E\u0027\n                                                              || apex_escape.html(name) || \u0027\u003C\/a\u003E\u0027)\n                                                from EBA_CUST_CONTACTS where id = u.customer_contact_id) ) as customer_contact,\n       case when instr(nvl(u.internal_contact,\u0027xxx\u0027), \u0027@\u0027) = 0 then apex_escape.html(u.internal_contact)\n           else \u0027\u003Ca href=\"mailto:\u0027 || apex_escape.html(u.internal_contact) || \u0027\"\u003E\u0027\n                   || apex_escape.html(u.internal_contact) || \u0027\u003C\/a\u003E\u0027 end as internal_contact\nfrom eba_cust_product_uses u,\n    eba_cust_products p\nwhere u.customer_id = :P67_ID\n    and u.product_id = p.id\norder by u.created desc"
      }
     ,"Layout":{
        "Sequence":20
       ,"Parent Region":"No Parent"
       ,"Position":"BODY"
       ,"Start New Layout":false
       ,"Start New Row":true
       ,"Column":"Automatic"
       ,"New Column":true
       ,"Column Span":"Automatic"
      }
     ,"Appearance":{
        "Template":"Interactive Report (14888264240956691843)"
       ,"Template Options":[
          "#DEFAULT#"
         ,"js-showMaximizeButton"
        ]
       ,"Render Components":"Above Content"
      }
     ,"Accessibility":{
        "Use Landmark":true
       ,"Landmark Type":"Template Default"
      }
     ,"Advanced":{
        "Static ID":"PRODUCTS"
       ,"Region Display Selector":false
       ,"Exclude Title from Translation":false
      }
     ,"Server Cache":{
        "Caching":"Disabled"
      }
     ,"Customization":{
        "Customizable":"Not Customizable By End Users"
      }
     ,"Attributes":{
        "id":"16623016736716457334"
       ,"Link":{
          "Link Column":"Exclude Link Column"
        }
       ,"Appearance":{
          "Show Null Values as":"-"
        }
       ,"Pagination":{
          "Type":"Row Ranges X to Y"
         ,"Display Position":"Bottom - Right"
        }
       ,"Performance":{
          "Lazy Loading":false
         ,"Maximum Rows to Process":100000
        }
       ,"Messages":{
          "When No Data Found":"No products found"
         ,"When More Data Found":"This query returns more than #MAX_ROW_COUNT# rows, please filter your data to ensure complete results."
        }
       ,"Search Bar":{
          "Include Search Bar":true
         ,"Search Field":true
         ,"Finder Drop Down":true
         ,"Reports Select List":true
         ,"Rows Per Page Selector":false
        }
       ,"Actions Menu":{
          "Include Actions Menu":true
         ,"Filter":true
         ,"Select Columns":true
         ,"Rows Per Page":true
         ,"Sort":true
         ,"Control Break":true
         ,"Highlight":true
         ,"Compute":true
         ,"Aggregate":true
         ,"Chart":true
         ,"Group By":true
         ,"Pivot":true
         ,"Flashback":true
         ,"Save Report":true
         ,"Save Public Report":true
         ,"Reset":true
         ,"Help":true
         ,"Download":true
         ,"Subscription":true
        }
       ,"Download":{
          "Formats":[
            "CSV"
           ,"HTML"
          ]
         ,"Send as Email":true
        }
       ,"Heading":{
          "Fixed To":"Page"
        }
       ,"Icon View":{
          "Show":false
        }
       ,"Detail View":{
          "Show":false
        }
       ,"Saved Reports":[
          {
            "id":"16623019246614541151"
           ,"Identification":{
              "Name":"Primary Report"
             ,"Alias":"25285091"
            }
          }
        ]
       ,"Columns":[
          {
            "id":"12028633298120842099"
           ,"Identification":{
              "Column Name":"REFERENCE_STATUS_ID"
             ,"Type":"Plain Text (based on List of Values)"
            }
           ,"List of Values":{
              "List of Values":"PRODUCT STATUSES (14310205121636427513)"
            }
           ,"Heading":{
              "Heading":"Status"
             ,"Alignment":"start"
            }
           ,"Single Row View":{
              "Use Column Heading":true
            }
           ,"Layout":{
              "Sequence":273
             ,"Column Alignment":"start"
            }
           ,"Accessibility":{
              "Value Identifies Row":false
            }
           ,"Source":{
              "Primary Key":false
            }
           ,"Column Filter":{
              "Type":"Use Named List of Values to Filter Exact Match"
            }
           ,"Enable Users To":{
              "Hide":true
             ,"Sort":true
             ,"Filter":true
             ,"Highlight":true
             ,"Control Break":true
             ,"Aggregate":true
             ,"Compute":true
             ,"Chart":true
             ,"Group By":true
             ,"Pivot":true
            }
           ,"Server-side Condition":{
              "Type":"Expression"
             ,"Language":"PL\/SQL"
             ,"PL\/SQL Expression":"APEX_UTIL.GET_BUILD_OPTION_STATUS(\n    P_APPLICATION_ID =\u003E :APP_ID,\n    P_BUILD_OPTION_NAME =\u003E \u0027Product Referencability\u0027) = \u0027INCLUDE\u0027"
            }
          }
         ,{
            "id":"12028633392725842100"
           ,"Identification":{
              "Column Name":"REFERENCE_TYPES"
             ,"Type":"Plain Text"
            }
           ,"Heading":{
              "Heading":"Reference Assets"
             ,"Alignment":"start"
            }
           ,"Single Row View":{
              "Use Column Heading":true
            }
           ,"Layout":{
              "Sequence":283
             ,"Column Alignment":"start"
            }
           ,"Accessibility":{
              "Value Identifies Row":false
            }
           ,"Source":{
              "Primary Key":false
            }
           ,"Column Filter":{
              "Type":"Default Based on Column Type"
            }
           ,"Enable Users To":{
              "Hide":true
             ,"Sort":true
             ,"Filter":true
             ,"Highlight":true
             ,"Control Break":true
             ,"Aggregate":true
             ,"Compute":true
             ,"Chart":true
             ,"Group By":true
             ,"Pivot":true
            }
           ,"Server-side Condition":{
              "Type":"Expression"
             ,"Language":"PL\/SQL"
             ,"PL\/SQL Expression":"APEX_UTIL.GET_BUILD_OPTION_STATUS(\n    P_APPLICATION_ID =\u003E :APP_ID,\n    P_BUILD_OPTION_NAME =\u003E \u0027Product Referencability\u0027) = \u0027INCLUDE\u0027"
            }
           ,"Security":{
              "Escape special characters":true
            }
          }
         ,{
            "id":"12028633483494842101"
           ,"Identification":{
              "Column Name":"CUSTOMER_CONTACT"
             ,"Type":"Plain Text"
            }
           ,"Heading":{
              "Heading":"Customer Contact"
             ,"Alignment":"start"
            }
           ,"Single Row View":{
              "Use Column Heading":true
            }
           ,"Layout":{
              "Sequence":293
             ,"Column Alignment":"start"
            }
           ,"Accessibility":{
              "Value Identifies Row":false
            }
           ,"Source":{
              "Primary Key":false
            }
           ,"Column Filter":{
              "Type":"Default Based on Column Type"
            }
           ,"Enable Users To":{
              "Hide":true
             ,"Sort":true
             ,"Filter":true
             ,"Highlight":true
             ,"Control Break":true
             ,"Aggregate":true
             ,"Compute":true
             ,"Chart":true
             ,"Group By":true
             ,"Pivot":true
            }
           ,"Security":{
              "Escape special characters":false
            }
          }
         ,{
            "id":"12028633584117842102"
           ,"Identification":{
              "Column Name":"INTERNAL_CONTACT"
             ,"Type":"Plain Text"
            }
           ,"Heading":{
              "Heading":"Internal Contact"
             ,"Alignment":"start"
            }
           ,"Single Row View":{
              "Use Column Heading":true
            }
           ,"Layout":{
              "Sequence":303
             ,"Column Alignment":"start"
            }
           ,"Accessibility":{
              "Value Identifies Row":false
            }
           ,"Source":{
              "Primary Key":false
            }
           ,"Column Filter":{
              "Type":"Default Based on Column Type"
            }
           ,"Enable Users To":{
              "Hide":true
             ,"Sort":true
             ,"Filter":true
             ,"Highlight":true
             ,"Control Break":true
             ,"Aggregate":true
             ,"Compute":true
             ,"Chart":true
             ,"Group By":true
             ,"Pivot":true
            }
           ,"Security":{
              "Escape special characters":false
            }
          }
         ,{
            "id":"12028634066393842107"
           ,"Identification":{
              "Column Name":"LAST_UPDATED"
             ,"Type":"Plain Text"
            }
           ,"Heading":{
              "Heading":"Last Updated"
             ,"Alignment":"start"
            }
           ,"Single Row View":{
              "Use Column Heading":true
            }
           ,"Layout":{
              "Sequence":313
             ,"Column Alignment":"start"
            }
           ,"Accessibility":{
              "Value Identifies Row":false
            }
           ,"Appearance":{
              "Format Mask":"SINCE"
            }
           ,"Source":{
              "Primary Key":false
            }
           ,"Column Filter":{
              "Type":"Default Based on Column Type"
             ,"Date Ranges":"All"
            }
           ,"Enable Users To":{
              "Hide":true
             ,"Sort":true
             ,"Filter":true
             ,"Highlight":true
             ,"Control Break":true
             ,"Aggregate":true
             ,"Compute":true
             ,"Chart":true
             ,"Group By":true
             ,"Pivot":true
            }
           ,"Security":{
              "Escape special characters":true
            }
          }
         ,{
            "id":"12028634198857842108"
           ,"Identification":{
              "Column Name":"LAST_UPDATED_BY"
             ,"Type":"Plain Text"
            }
           ,"Heading":{
              "Heading":"Last Updated By"
             ,"Alignment":"start"
            }
           ,"Single Row View":{
              "Use Column Heading":true
            }
           ,"Layout":{
              "Sequence":323
             ,"Column Alignment":"start"
            }
           ,"Accessibility":{
              "Value Identifies Row":false
            }
           ,"Source":{
              "Primary Key":false
            }
           ,"Column Filter":{
              "Type":"Default Based on Column Type"
            }
           ,"Enable Users To":{
              "Hide":true
             ,"Sort":true
             ,"Filter":true
             ,"Highlight":true
             ,"Control Break":true
             ,"Aggregate":true
             ,"Compute":true
             ,"Chart":true
             ,"Group By":true
             ,"Pivot":true
            }
           ,"Security":{
              "Escape special characters":true
            }
          }
         ,{
            "id":"14317216605787165012"
           ,"Identification":{
              "Column Name":"VALID_FROM"
             ,"Type":"Plain Text"
            }
           ,"Heading":{
              "Heading":"Valid From"
             ,"Alignment":"start"
            }
           ,"Single Row View":{
              "Use Column Heading":true
            }
           ,"Layout":{
              "Sequence":261
             ,"Column Alignment":"start"
            }
           ,"Accessibility":{
              "Value Identifies Row":false
            }
           ,"Appearance":{
              "Format Mask":"DD-MON-YYYY"
            }
           ,"Source":{
              "Primary Key":false
            }
           ,"Column Filter":{
              "Type":"Default Based on Column Type"
             ,"Date Ranges":"All"
            }
           ,"Enable Users To":{
              "Hide":true
             ,"Sort":true
             ,"Filter":true
             ,"Highlight":true
             ,"Control Break":true
             ,"Aggregate":true
             ,"Compute":true
             ,"Chart":true
             ,"Group By":true
             ,"Pivot":true
            }
           ,"Security":{
              "Escape special characters":true
            }
          }
         ,{
            "id":"14317217262760165015"
           ,"Identification":{
              "Column Name":"VALID_TO"
             ,"Type":"Plain Text"
            }
           ,"Heading":{
              "Heading":"Valid To"
             ,"Alignment":"start"
            }
           ,"Single Row View":{
              "Use Column Heading":true
            }
           ,"Layout":{
              "Sequence":262
             ,"Column Alignment":"start"
            }
           ,"Accessibility":{
              "Value Identifies Row":false
            }
           ,"Appearance":{
              "Format Mask":"DD-MON-YYYY"
            }
           ,"Source":{
              "Primary Key":false
            }
           ,"Column Filter":{
              "Type":"Default Based on Column Type"
             ,"Date Ranges":"All"
            }
           ,"Enable Users To":{
              "Hide":true
             ,"Sort":true
             ,"Filter":true
             ,"Highlight":true
             ,"Control Break":true
             ,"Aggregate":true
             ,"Compute":true
             ,"Chart":true
             ,"Group By":true
             ,"Pivot":true
            }
           ,"Security":{
              "Escape special characters":true
            }
          }
         ,{
            "id":"14317258773428224735"
           ,"Identification":{
              "Column Name":"ID2"
             ,"Type":"Link"
            }
           ,"Heading":{
              "Heading":"Edit"
             ,"Alignment":"center"
            }
           ,"Single Row View":{
              "Use Column Heading":true
            }
           ,"Layout":{
              "Sequence":263
             ,"Column Alignment":"center"
            }
           ,"Accessibility":{
              "Value Identifies Row":false
            }
           ,"Link":{
              "Target":{
                "url":"f?p=\u0026APP_ID.:68:\u0026SESSION.::\u0026DEBUG.:RP,68:P68_CUSTOMER_ID,P68_ID,P68_PRODUCT_ID:\u0026P67_ID.,#ID#,#PRODUCT_ID#"
               ,"Page":"68"
               ,"Clear Cache":"RP,68"
               ,"Values":{
                  "P68_CUSTOMER_ID":"\u0026P67_ID."
                 ,"P68_ID":"#ID#"
                 ,"P68_PRODUCT_ID":"#PRODUCT_ID#"
                }
              }
             ,"Link Text":"\u003Cimg src=\"#IMAGE_PREFIX#menu\/pencil16x16.gif\" alt=\"\"\u003E"
            }
           ,"Source":{
              "Primary Key":false
            }
           ,"Column Filter":{
              "Type":"Default Based on Column Type"
            }
           ,"Enable Users To":{
              "Hide":false
             ,"Sort":false
             ,"Filter":false
             ,"Highlight":false
             ,"Control Break":false
             ,"Aggregate":false
             ,"Compute":false
             ,"Chart":false
             ,"Group By":false
             ,"Pivot":false
            }
           ,"Security":{
              "Authorization Scheme":"CONTRIBUTION RIGHTS (15995681224497193873)"
             ,"Escape special characters":true
            }
          }
         ,{
            "id":"14902151504814041425"
           ,"Identification":{
              "Column Name":"ID"
             ,"Type":"Hidden Column"
            }
           ,"Heading":{
              "Heading":"ID"
            }
           ,"Layout":{
              "Sequence":10
            }
           ,"Source":{
              "Primary Key":false
            }
           ,"Security":{
              "Escape special characters":false
            }
          }
         ,{
            "id":"16623016930414457339"
           ,"Identification":{
              "Column Name":"PRODUCT_NAME"
             ,"Type":"Plain Text"
            }
           ,"Heading":{
              "Heading":"Product Name"
             ,"Alignment":"start"
            }
           ,"Single Row View":{
              "Use Column Heading":true
            }
           ,"Layout":{
              "Sequence":30
             ,"Column Alignment":"start"
            }
           ,"Accessibility":{
              "Value Identifies Row":false
            }
           ,"Source":{
              "Primary Key":false
            }
           ,"Column Filter":{
              "Type":"Default Based on Column Type"
            }
           ,"Enable Users To":{
              "Hide":true
             ,"Sort":true
             ,"Filter":true
             ,"Highlight":true
             ,"Control Break":true
             ,"Aggregate":true
             ,"Compute":true
             ,"Chart":true
             ,"Group By":true
             ,"Pivot":true
            }
           ,"Security":{
              "Escape special characters":true
            }
          }
         ,{
            "id":"16623017022151457339"
           ,"Identification":{
              "Column Name":"DESCRIPTION"
             ,"Type":"Plain Text"
            }
           ,"Heading":{
              "Heading":"Description"
             ,"Alignment":"start"
            }
           ,"Single Row View":{
              "Use Column Heading":true
            }
           ,"Layout":{
              "Sequence":40
             ,"Column Alignment":"start"
            }
           ,"Accessibility":{
              "Value Identifies Row":false
            }
           ,"Source":{
              "Primary Key":false
            }
           ,"Column Filter":{
              "Type":"Default Based on Column Type"
            }
           ,"Enable Users To":{
              "Hide":true
             ,"Sort":true
             ,"Filter":true
             ,"Highlight":true
             ,"Control Break":true
             ,"Aggregate":true
             ,"Compute":true
             ,"Chart":true
             ,"Group By":true
             ,"Pivot":true
            }
           ,"Security":{
              "Escape special characters":true
            }
          }
         ,{
            "id":"16623017132049457339"
           ,"Identification":{
              "Column Name":"TAGS"
             ,"Type":"Plain Text"
            }
           ,"Heading":{
              "Heading":"Tags"
             ,"Alignment":"start"
            }
           ,"Single Row View":{
              "Use Column Heading":true
            }
           ,"Layout":{
              "Sequence":50
             ,"Column Alignment":"start"
            }
           ,"Accessibility":{
              "Value Identifies Row":false
            }
           ,"Source":{
              "Primary Key":false
            }
           ,"Column Filter":{
              "Type":"Default Based on Column Type"
            }
           ,"Enable Users To":{
              "Hide":true
             ,"Sort":true
             ,"Filter":true
             ,"Highlight":true
             ,"Control Break":true
             ,"Aggregate":true
             ,"Compute":true
             ,"Chart":true
             ,"Group By":true
             ,"Pivot":true
            }
           ,"Security":{
              "Escape special characters":true
            }
          }
         ,{
            "id":"16623017229512457340"
           ,"Identification":{
              "Column Name":"IS_ACTIVE"
             ,"Type":"Plain Text (based on List of Values)"
            }
           ,"List of Values":{
              "List of Values":"Y_OR_N (17831456739552151139)"
            }
           ,"Heading":{
              "Heading":"Is Active"
             ,"Alignment":"start"
            }
           ,"Single Row View":{
              "Use Column Heading":true
            }
           ,"Layout":{
              "Sequence":60
             ,"Column Alignment":"start"
            }
           ,"Accessibility":{
              "Value Identifies Row":false
            }
           ,"Source":{
              "Primary Key":false
            }
           ,"Column Filter":{
              "Type":"Use Named List of Values to Filter Exact Match"
            }
           ,"Enable Users To":{
              "Hide":true
             ,"Sort":true
             ,"Filter":true
             ,"Highlight":true
             ,"Control Break":true
             ,"Aggregate":true
             ,"Compute":true
             ,"Chart":true
             ,"Group By":true
             ,"Pivot":true
            }
          }
         ,{
            "id":"16624501047263225207"
           ,"Identification":{
              "Column Name":"DELETE_LINK"
             ,"Type":"Link"
            }
           ,"Heading":{
              "Heading":"Remove"
             ,"Alignment":"center"
            }
           ,"Single Row View":{
              "Use Column Heading":true
            }
           ,"Layout":{
              "Sequence":90
             ,"Column Alignment":"center"
            }
           ,"Accessibility":{
              "Value Identifies Row":false
            }
           ,"Appearance":{
              "Format Mask":"\u0026nbsp;"
            }
           ,"Link":{
              "Target":{
                "url":"f?p=\u0026APP_ID.:67:\u0026SESSION.:DELETE_PRODUCT:\u0026DEBUG.::P67_DELETE_PROD_ID:#PRODUCT_ID#"
               ,"Page":"67"
               ,"Request":"DELETE_PRODUCT"
               ,"Values":{
                  "P67_DELETE_PROD_ID":"#PRODUCT_ID#"
                }
              }
             ,"Link Text":"\u003Cspan class=\"t-Icon fa fa-trash-o\" aria-hidden=\"true\"\u003E\u003C\/span\u003E"
             ,"Link Attributes":"class=\"t-Button t-Button--danger t-Button--simple t-Button--small\" title=\"Delete Product: #PRODUCT_NAME#\""
            }
           ,"Source":{
              "Primary Key":false
            }
           ,"Column Filter":{
              "Type":"Default Based on Column Type"
            }
           ,"Enable Users To":{
              "Hide":false
             ,"Sort":false
             ,"Filter":false
             ,"Highlight":false
             ,"Control Break":false
             ,"Aggregate":false
             ,"Compute":false
             ,"Chart":false
             ,"Group By":false
             ,"Pivot":true
            }
           ,"Security":{
              "Authorization Scheme":"CONTRIBUTION RIGHTS (15995681224497193873)"
             ,"Escape special characters":true
            }
          }
         ,{
            "id":"16624501820860236561"
           ,"Identification":{
              "Column Name":"PRODUCT_ID"
             ,"Type":"Hidden Column"
            }
           ,"Heading":{
              "Heading":"Product ID"
            }
           ,"Layout":{
              "Sequence":20
            }
           ,"Source":{
              "Primary Key":false
            }
           ,"Security":{
              "Escape special characters":false
            }
          }
        ]
      }
    }
   ,{
      "id":"16623018044288457341"
     ,"Identification":{
        "Title":"Breadcrumb"
       ,"Type":"Breadcrumb"
      }
     ,"Source":{
        "Breadcrumb":"Breadcrumb (17869143586620226407)"
      }
     ,"Layout":{
        "Sequence":1
       ,"Parent Region":"No Parent"
       ,"Position":"REGION_POSITION_01"
       ,"Start New Layout":false
       ,"Start New Row":true
       ,"Column":"Automatic"
       ,"New Column":true
       ,"Column Span":"Automatic"
      }
     ,"Appearance":{
        "Template":"Title Bar (14888267217215691848)"
       ,"Template Options":[
          "#DEFAULT#"
         ,"t-BreadcrumbRegion--useBreadcrumbTitle"
        ]
       ,"Render Components":"Above Content"
      }
     ,"Accessibility":{
        "Use Landmark":true
       ,"Landmark Type":"Template Default"
      }
     ,"Advanced":{
        "Region Display Selector":false
       ,"Exclude Title from Translation":false
      }
     ,"Server Cache":{
        "Caching":"Disabled"
      }
     ,"Customization":{
        "Customizable":"Not Customizable By End Users"
      }
     ,"Attributes":{
        "Appearance":{
          "Breadcrumb Template":"Breadcrumb (14888282717314691893)"
         ,"Template Options":[
            "#DEFAULT#"
          ]
        }
      }
    }
  ]
 ,"Page Items":[
    {
      "id":"16623020547091550676"
     ,"Identification":{
        "Name":"P67_ID"
       ,"Type":"Hidden"
      }
     ,"Settings":{
        "Value Protected":true
      }
     ,"Layout":{
        "Sequence":20
       ,"Region":"Products (16623016540833457334)"
       ,"Position":"BODY"
      }
     ,"Advanced":{
        "Warn on Unsaved Changes":"Page Default"
      }
     ,"Source":{
        "Type":"Null"
       ,"Used":"Only when current value in session state is null"
      }
     ,"Session State":{
        "Data Type":"VARCHAR2"
       ,"Storage":"Per Session (Persistent)"
      }
     ,"Security":{
        "Session State Protection":"Checksum Required - Session Level"
       ,"Store value encrypted in session state":false
       ,"Restricted Characters":"All characters can be saved."
      }
    }
   ,{
      "id":"16624615147872244357"
     ,"Identification":{
        "Name":"P67_DELETE_PROD_ID"
       ,"Type":"Hidden"
      }
     ,"Settings":{
        "Value Protected":true
      }
     ,"Layout":{
        "Sequence":10
       ,"Region":"Products (16623016540833457334)"
       ,"Position":"BODY"
      }
     ,"Advanced":{
        "Warn on Unsaved Changes":"Page Default"
      }
     ,"Source":{
        "Type":"Null"
       ,"Used":"Only when current value in session state is null"
      }
     ,"Session State":{
        "Data Type":"VARCHAR2"
       ,"Storage":"Per Session (Persistent)"
      }
     ,"Security":{
        "Session State Protection":"Checksum Required - Session Level"
       ,"Store value encrypted in session state":false
       ,"Restricted Characters":"All characters can be saved."
      }
    }
  ]
 ,"Buttons":[
    {
      "id":"16623017938478457340"
     ,"Identification":{
        "Button Name":"ADD_PRODUCT"
       ,"Label":"Add Product"
      }
     ,"Layout":{
        "Sequence":10
       ,"Region":"Breadcrumb (16623018044288457341)"
       ,"Position":"CREATE"
       ,"Start New Layout":false
       ,"Start New Row":true
       ,"Column":"Automatic"
       ,"New Column":true
       ,"Column Span":"Automatic"
      }
     ,"Appearance":{
        "Button Template":"Text (14888282487315691892)"
       ,"Hot":true
       ,"Template Options":[
          "#DEFAULT#"
        ]
       ,"Icon":"fa-chevron-right"
      }
     ,"Behavior":{
        "Action":"Redirect to Page in this Application"
       ,"Target":{
          "url":"f?p=\u0026APP_ID.:68:\u0026SESSION.::\u0026DEBUG.:68:P68_CUSTOMER_ID:\u0026P67_ID."
         ,"Page":"68"
         ,"Clear Cache":"68"
         ,"Values":{
            "P68_CUSTOMER_ID":"\u0026P67_ID."
          }
        }
       ,"Warn on Unsaved Changes":"Do Not Check"
      }
     ,"Security":{
        "Authorization Scheme":"CONTRIBUTION RIGHTS (15995681224497193873)"
      }
    }
   ,{
      "id":"16623020732331555927"
     ,"Identification":{
        "Button Name":"RESET_REPORT"
       ,"Label":"Reset"
      }
     ,"Layout":{
        "Sequence":10
       ,"Region":"Products (16623016540833457334)"
       ,"Position":"RIGHT_OF_IR_SEARCH_BAR"
       ,"Start New Layout":false
       ,"Start New Row":true
       ,"Column":"Automatic"
       ,"New Column":true
       ,"Column Span":"Automatic"
      }
     ,"Appearance":{
        "Button Template":"Icon (14888281684153691889)"
       ,"Hot":false
       ,"Template Options":[
          "#DEFAULT#"
        ]
       ,"Icon":"fa-undo-alt"
      }
     ,"Behavior":{
        "Action":"Submit Page"
       ,"Execute Validations":true
       ,"Warn on Unsaved Changes":"Do Not Check"
      }
    }
  ]
 ,"Dynamic Actions":[
    {
      "id":"12028633708050842103"
     ,"Identification":{
        "Name":"Refresh IRR on Edit Close"
      }
     ,"Execution":{
        "Sequence":20
      }
     ,"When":{
        "Event":"EVENT.EVENT.FAMEWORK.APEXAFTERCLOSEDIALOG"
       ,"Selection Type":"Region"
       ,"Region":"Products (16623016540833457334)"
      }
     ,"Execution":{
        "Event Scope":"Static"
       ,"Type":"Immediate"
      }
     ,"Actions":[
        {
          "id":"12028633764973842104"
         ,"Identification":{
            "Action":"Refresh"
          }
         ,"Affected Elements":{
            "Selection Type":"Region"
           ,"Region":"Products (16623016540833457334)"
          }
         ,"Execution":{
            "Sequence":10
           ,"Event":"Refresh IRR on Edit Close (12028633708050842103)"
           ,"Fire When Event Result Is":"True"
           ,"Fire on Initialization":false
          }
        }
      ]
    }
   ,{
      "id":"13555804421336682519"
     ,"Identification":{
        "Name":"Refresh IRR on close"
      }
     ,"Execution":{
        "Sequence":10
      }
     ,"When":{
        "Event":"EVENT.EVENT.FAMEWORK.APEXAFTERCLOSEDIALOG"
       ,"Selection Type":"Button"
       ,"Button":"ADD_PRODUCT (16623017938478457340)"
      }
     ,"Execution":{
        "Event Scope":"Static"
       ,"Type":"Immediate"
      }
     ,"Actions":[
        {
          "id":"13555804516030682520"
         ,"Identification":{
            "Action":"Refresh"
          }
         ,"Affected Elements":{
            "Selection Type":"Region"
           ,"Region":"Products (16623016540833457334)"
          }
         ,"Execution":{
            "Sequence":10
           ,"Event":"Refresh IRR on close (13555804421336682519)"
           ,"Fire When Event Result Is":"True"
           ,"Fire on Initialization":false
          }
        }
      ]
    }
  ]
 ,"Computations":[
    {
      "id":"16623885630550345286"
     ,"Identification":{
        "Item Name":"P50_ID"
      }
     ,"Execution":{
        "Sequence":10
       ,"Point":"Before Header"
      }
     ,"Computation":{
        "Type":"Item"
       ,"Item Name":"P67_ID"
      }
    }
  ]
 ,"Processes":[
    {
      "id":"16624615724931256653"
     ,"Identification":{
        "Name":"delete product"
       ,"Type":"Execute Code"
       ,"Execution Chain":"None"
      }
     ,"Source":{
        "Location":"Local Database"
       ,"Language":"PL\/SQL"
       ,"PL\/SQL Code":"delete from eba_cust_product_uses\nwhere product_id = :P67_DELETE_PROD_ID\nand customer_id = :P67_ID;"
      }
     ,"Execution":{
        "Sequence":10
       ,"Point":"Before Header"
       ,"Run Process":"Once Per Page Visit (default)"
      }
     ,"Success Message":{
        "Success Message":"Product deleted"
      }
     ,"Server-side Condition":{
        "Type":"Request = Value"
       ,"Value":"DELETE_PRODUCT"
      }
     ,"Security":{
        "Authorization Scheme":"CONTRIBUTION RIGHTS (15995681224497193873)"
      }
    }
  ]
}
