{
  "id":"28"
 ,"Identification":{
    "Name":"Application Settings"
   ,"Alias":"APPLICATION-SETTINGS"
   ,"Title":"Application Settings"
   ,"Page Group":"Administration (14749179244941290086)"
  }
 ,"Appearance":{
    "Page Mode":"Modal Dialog"
   ,"Dialog Template":"Theme Default"
   ,"Template Options":[
      "#DEFAULT#"
    ]
  }
 ,"Dialog":{
    "Chained":true
  }
 ,"Navigation Menu":{
    "Override User Interface Level":false
  }
 ,"Navigation":{
    "Cursor Focus":"First item on page"
   ,"Warn on Unsaved Changes":false
  }
 ,"Security":{
    "Authorization Scheme":"ADMINISTRATION RIGHTS (15704753031447651527)"
   ,"Authentication":"Page Requires Authentication"
   ,"Deep Linking":"Application Default"
   ,"Page Access Protection":"Arguments Must Have Checksum"
   ,"Form Auto Complete":"Off"
   ,"Browser Cache":"Application Default"
  }
 ,"Session Management":{
    "Rejoin Sessions":"Application Default"
  }
 ,"Advanced":{
    "Enable duplicate page submissions":"Yes - Enable page to be re-posted"
   ,"Reload on Submit":"Always"
  }
 ,"Server Cache":{
    "Caching":"Disabled"
  }
 ,"Help":{
    "Help Text":"The preferences on this page are used to affect several aspects of the application. Click the item-level help icons to learn what each preference does."
  }
 ,"Regions":[
    {
      "id":"14766338322609765170"
     ,"Identification":{
        "Title":"Rename Application"
       ,"Type":"Static Content"
      }
     ,"Layout":{
        "Sequence":10
       ,"Parent Region":"No Parent"
       ,"Position":"BODY"
       ,"Start New Layout":false
       ,"Start New Row":true
       ,"Column":"Automatic"
       ,"New Column":true
       ,"Column Span":"Automatic"
      }
     ,"Appearance":{
        "Template":"Blank with Attributes (14888250988334691823)"
       ,"Template Options":[
          "#DEFAULT#"
        ]
       ,"Render Components":"Above Content"
      }
     ,"Accessibility":{
        "Use Landmark":true
       ,"Landmark Type":"Template Default"
      }
     ,"Advanced":{
        "Region Display Selector":false
       ,"Exclude Title from Translation":false
      }
     ,"Server Cache":{
        "Caching":"Disabled"
      }
     ,"Customization":{
        "Customizable":"Not Customizable By End Users"
      }
     ,"Attributes":{
        "Settings":{
          "Output As":"HTML"
         ,"Expand Shortcuts":false
        }
      }
    }
   ,{
      "id":"14766339525477765172"
     ,"Identification":{
        "Title":"Buttons"
       ,"Type":"Static Content"
      }
     ,"Layout":{
        "Sequence":10
       ,"Parent Region":"No Parent"
       ,"Position":"REGION_POSITION_03"
       ,"Start New Layout":false
       ,"Start New Row":true
       ,"Column":"Automatic"
       ,"New Column":true
       ,"Column Span":"Automatic"
      }
     ,"Appearance":{
        "Template":"Buttons Container (14888251272274691825)"
       ,"Template Options":[
          "#DEFAULT#"
        ]
       ,"Render Components":"Above Content"
      }
     ,"Accessibility":{
        "Use Landmark":true
       ,"Landmark Type":"Template Default"
      }
     ,"Advanced":{
        "Region Display Selector":false
       ,"Exclude Title from Translation":false
      }
     ,"Server Cache":{
        "Caching":"Disabled"
      }
     ,"Customization":{
        "Customizable":"Not Customizable By End Users"
      }
     ,"Attributes":{
        "Settings":{
          "Output As":"HTML"
         ,"Expand Shortcuts":false
        }
      }
    }
  ]
 ,"Page Items":[
    {
      "id":"14766338927732765172"
     ,"Identification":{
        "Name":"P28_APPLICATION_TITLE"
       ,"Type":"Text Field"
      }
     ,"Label":{
        "Label":"Application Name"
       ,"Alignment":"Left"
      }
     ,"Settings":{
        "Subtype":"Text"
       ,"Trim Spaces":"None"
       ,"Text Case":"NO CHANGE"
       ,"Submit when Enter pressed":false
       ,"Disabled":false
      }
     ,"Layout":{
        "Sequence":10
       ,"Region":"Rename Application (14766338322609765170)"
       ,"Position":"BODY"
       ,"Alignment":"Left"
       ,"Start New Layout":false
       ,"Start New Row":true
       ,"Column":"Automatic"
       ,"New Column":true
       ,"Column Span":"Automatic"
       ,"Label Column Span":"Page Template Default"
      }
     ,"Appearance":{
        "Template":"Required - Floating (295786634453769843)"
       ,"Template Options":[
          "#DEFAULT#"
        ]
       ,"Width":64
      }
     ,"Validation":{
        "Value Required":true
       ,"Maximum Length":255
      }
     ,"Advanced":{
        "Warn on Unsaved Changes":"Page Default"
      }
     ,"Source":{
        "Type":"Static Value"
       ,"Static Value":"\u0026APPLICATION_TITLE."
       ,"Used":"Always, replacing any existing value in session state"
      }
     ,"Default":{
        "Type":"Static"
       ,"Static Value":"\u0026APP_NAME."
      }
     ,"Session State":{
        "Storage":"Per Session (Persistent)"
      }
     ,"Quick Picks":{
        "Show Quick Picks":false
      }
     ,"Security":{
        "Session State Protection":"Unrestricted"
       ,"Store value encrypted in session state":false
       ,"Restricted Characters":"Blocklist HTML command characters (\u003C\u003E\")"
      }
     ,"Help":{
        "Help Text":"The text entered here is used throughout the application, most notably, in the upper left-hand corner of every page. By default, the application name is \"\u0026APP_NAME.\". The change will take effect immediately for the administrator making the change, but other users will only see the change when they get a new session (e.g. at next login)."
      }
    }
   ,{
      "id":"18033474409735656196"
     ,"Identification":{
        "Name":"P28_FEEDBACK_RECIPIENTS"
       ,"Type":"Textarea"
      }
     ,"Label":{
        "Label":"Feedback Recipients"
       ,"Alignment":"Left"
      }
     ,"Settings":{
        "Resizable":true
       ,"Auto-Height":false
       ,"Character Counter":false
       ,"Trim Spaces":"Leading and Trailing"
      }
     ,"Layout":{
        "Sequence":20
       ,"Region":"Rename Application (14766338322609765170)"
       ,"Position":"BODY"
       ,"Alignment":"Left"
       ,"Start New Layout":false
       ,"Start New Row":true
       ,"Column":"Automatic"
       ,"New Column":true
       ,"Column Span":"Automatic"
       ,"Label Column Span":"Page Template Default"
      }
     ,"Appearance":{
        "Template":"Optional - Floating (295787000362769848)"
       ,"Template Options":[
          "#DEFAULT#"
        ]
       ,"Width":64
       ,"Height":4
      }
     ,"Validation":{
        "Value Required":false
      }
     ,"Advanced":{
        "Post Text ":"\u0026nbsp;\u003Ca href=\"f?p=\u0026APP_ID.:119:\u0026APP_SESSION.\"\u003EReview\/Manage Feedback\u003C\/a\u003E"
       ,"Warn on Unsaved Changes":"Page Default"
      }
     ,"Source":{
        "Type":"Function Body"
       ,"Language":"PL\/SQL"
       ,"PL\/SQL Function Body":"if eba_cust_fw.get_preference_value(p_preference_name  =\u003E \u0027FEEDBACK_RECIPIENTS\u0027) = \u0027Preference does not exist\u0027 then\n    return null;\nelse\n    return eba_cust_fw.get_preference_value(p_preference_name  =\u003E \u0027FEEDBACK_RECIPIENTS\u0027);\nend if;"
       ,"Used":"Only when current value in session state is null"
      }
     ,"Session State":{
        "Data Type":"VARCHAR2"
       ,"Storage":"Per Session (Persistent)"
      }
     ,"Quick Picks":{
        "Show Quick Picks":false
      }
     ,"Security":{
        "Session State Protection":"Unrestricted"
       ,"Store value encrypted in session state":true
       ,"Restricted Characters":"All characters can be saved."
      }
     ,"Help":{
        "Help Text":"\u003Cp\u003EProvide a comma-separated list of the email addresses you would like feedback submissions emailed to. When feedback is submitted, the feedback will be emailed to the addresses in this list.\u003C\/p\u003E"
      }
     ,"Configuration":{
        "Build Option":"Feedback (18760340844679500439)"
      }
    }
  ]
 ,"Buttons":[
    {
      "id":"14766338535053765170"
     ,"Identification":{
        "Button Name":"CANCEL"
       ,"Label":"Cancel"
      }
     ,"Layout":{
        "Sequence":10
       ,"Region":"Buttons (14766339525477765172)"
       ,"Position":"PREVIOUS"
       ,"Start New Layout":false
       ,"Start New Row":true
       ,"Column":"Automatic"
       ,"New Column":true
       ,"Column Span":"Automatic"
      }
     ,"Appearance":{
        "Button Template":"Text (14888282487315691892)"
       ,"Hot":false
       ,"Template Options":[
          "#DEFAULT#"
        ]
      }
     ,"Behavior":{
        "Action":"Defined by Dynamic Action"
       ,"Execute Validations":true
      }
    }
   ,{
      "id":"14766338732733765172"
     ,"Identification":{
        "Button Name":"SAVE"
       ,"Label":"Apply Changes"
      }
     ,"Layout":{
        "Sequence":20
       ,"Region":"Buttons (14766339525477765172)"
       ,"Position":"CREATE"
       ,"Start New Layout":false
       ,"Start New Row":true
       ,"Column":"Automatic"
       ,"New Column":true
       ,"Column Span":"Automatic"
      }
     ,"Appearance":{
        "Button Template":"Text (14888282487315691892)"
       ,"Hot":true
       ,"Template Options":[
          "#DEFAULT#"
         ,"t-Button--gapLeft"
        ]
      }
     ,"Behavior":{
        "Action":"Submit Page"
       ,"Execute Validations":true
       ,"Warn on Unsaved Changes":"Do Not Check"
      }
    }
  ]
 ,"Dynamic Actions":[
    {
      "id":"363277294980191071"
     ,"Identification":{
        "Name":"CNX"
      }
     ,"Execution":{
        "Sequence":10
      }
     ,"When":{
        "Event":"EVENT.EVENT.BROWSER.CLICK"
       ,"Selection Type":"Button"
       ,"Button":"CANCEL (14766338535053765170)"
      }
     ,"Execution":{
        "Event Scope":"Static"
       ,"Type":"Immediate"
      }
     ,"Actions":[
        {
          "id":"363277319066191072"
         ,"Identification":{
            "Action":"Cancel Dialog"
          }
         ,"Execution":{
            "Sequence":10
           ,"Event":"CNX (363277294980191071)"
           ,"Fire When Event Result Is":"True"
           ,"Fire on Initialization":false
          }
        }
      ]
    }
  ]
 ,"Processes":[
    {
      "id":"14766339848960765173"
     ,"Identification":{
        "Name":"Save Preferences"
       ,"Type":"Execute Code"
       ,"Execution Chain":"None"
      }
     ,"Source":{
        "Location":"Local Database"
       ,"Language":"PL\/SQL"
       ,"PL\/SQL Code":":APPLICATION_TITLE := :P28_APPLICATION_TITLE;\n\neba_cust_fw.set_preference_value( \u0027APPLICATION_TITLE\u0027,   apex_escape.html(:P28_APPLICATION_TITLE) );\neba_cust_fw.set_preference_value( \u0027FEEDBACK_RECIPIENTS\u0027, apex_escape.html(:P28_FEEDBACK_RECIPIENTS) );\n\neba_cust_fw.set_preference_value(\n    p_preference_name =\u003E \u0027HOST_URL\u0027,\n    p_preference_value =\u003E nvl( wwv_flow_utilities.host_url(),\n                               nvl( wwv_flow_utilities.get_protocol(), \u0027http\u0027 )\n                                   ||\u0027:\/\/\u0027|| owa_util.get_cgi_env( \u0027HTTP_HOST\u0027 )\n                             )\n);"
      }
     ,"Execution":{
        "Sequence":10
       ,"Point":"Processing"
       ,"Run Process":"Once Per Page Visit (default)"
      }
     ,"Success Message":{
        "Success Message":"Application settings saved."
      }
     ,"Error":{
        "Error Message":"#SQLERRM#"
       ,"Display Location":"Inline in Notification"
      }
     ,"Server-side Condition":{
        "When Button Pressed":"SAVE (14766338732733765172)"
      }
    }
  ]
 ,"Branches":[
    {
      "id":"14766340147144765173"
     ,"Identification":{
        "Name":"Go To Page settings"
      }
     ,"Execution":{
        "Sequence":10
       ,"Point":"After Processing"
      }
     ,"Behavior":{
        "Type":"Page or URL (Redirect)"
       ,"Target":{
          "url":"f?p=\u0026APP_ID.:settings:\u0026SESSION.::\u0026DEBUG.:::\u0026success_msg=#SUCCESS_MSG#"
         ,"Page":"SETTINGS"
        }
      }
     ,"Server-side Condition":{
        "When Button Pressed":"SAVE (14766338732733765172)"
      }
    }
  ]
}
