{
  "id":"93"
 ,"Identification":{
    "Name":"All Customers"
   ,"Alias":"ALL-CUSTOMERS"
   ,"Title":"All Customers"
   ,"Page Group":"Customers (14749179822908293214)"
  }
 ,"Appearance":{
    "Page Mode":"Normal"
   ,"Page Template":"Standard (14888221571271691783)"
   ,"Template Options":[
      "#DEFAULT#"
    ]
  }
 ,"Navigation Menu":{
    "Override User Interface Level":false
  }
 ,"Navigation":{
    "Cursor Focus":"First item on page"
   ,"Warn on Unsaved Changes":false
  }
 ,"Security":{
    "Authentication":"Page Requires Authentication"
   ,"Deep Linking":"Application Default"
   ,"Page Access Protection":"Arguments Must Have Checksum"
   ,"Form Auto Complete":"On"
   ,"Browser Cache":"Application Default"
  }
 ,"Session Management":{
    "Rejoin Sessions":"Application Default"
  }
 ,"Advanced":{
    "Enable duplicate page submissions":"Yes - Enable page to be re-posted"
   ,"Reload on Submit":"Always"
  }
 ,"Server Cache":{
    "Caching":"Disabled"
  }
 ,"Help":{
    "Help Text":"\u003Cp\u003EThis page provides an interactive report of all customers.  Click the customer name to view details.  Click on column headings to sort and filter data, click on the \u003Cstrong\u003EActions\u003C\/strong\u003E menu to customize column display and many additional advanced features.\u003C\/p\u003E"
  }
 ,"Regions":[
    {
      "id":"13571821545288155357"
     ,"Identification":{
        "Title":"Customers"
       ,"Type":"Interactive Report"
      }
     ,"Source":{
        "Location":"Local Database"
       ,"Type":"SQL Query"
       ,"SQL Query":"select a.row_key,\n    a.id,\n    customer_name,\n    status,\n    category,\n    nvl(geography_name,\u0027Not Defined\u0027) geography_name,\n    decode(referencable, null, \u0027No\u0027, referencable) referencable,\n    number_of_users,\n    decode(marquee_customer_yn, null, \u0027No\u0027, \u0027N\u0027, \u0027No\u0027, \u0027Y\u0027, \u0027Yes\u0027) marquee_customer,\n    decode(greatest(length(summary),50),50,summary,substr(summary,1,50)||\u0027...\u0027) summary,\n    web_site,\n    (   select listagg(p.product_name, \u0027, \u0027) within group (order by p.product_name) product_uses\n        from eba_cust_customers c, eba_cust_product_uses u, eba_cust_products p\n        where c.id = u.customer_id\n            and u.product_id = p.id\n            and c.id = a.id\n        group by c.customer_name\n    ) product_uses,\n    tags,\n    nvl((select INDUSTRY_NAME from EBA_CUST_INDUSTRIES i where i.id = a.INDUSTRY_ID),\u0027Not Defined\u0027) industry,\n    a.industry_id,\n    a.created,\n    a.created_by,\n    a.updated,\n    a.updated_by\nfrom eba_cust_customers a,\n    eba_cust_categories b,\n    eba_cust_status c,\n    eba_cust_geographies d\nwhere a.category_id = b.id(+)\n    and a.status_id = c.id(+)\n    and a.geography_id = d.id(+)"
      }
     ,"Layout":{
        "Sequence":20
       ,"Parent Region":"No Parent"
       ,"Position":"BODY"
       ,"Start New Layout":false
       ,"Start New Row":true
       ,"Column":"Automatic"
       ,"New Column":true
       ,"Column Span":"Automatic"
      }
     ,"Appearance":{
        "Template":"Interactive Report (14888264240956691843)"
       ,"Template Options":[
          "#DEFAULT#"
        ]
       ,"Render Components":"Above Content"
      }
     ,"Accessibility":{
        "Use Landmark":true
       ,"Landmark Type":"Template Default"
      }
     ,"Advanced":{
        "Static ID":"CUSTOMERS"
       ,"Region Display Selector":false
       ,"Exclude Title from Translation":false
      }
     ,"Server Cache":{
        "Caching":"Disabled"
      }
     ,"Customization":{
        "Customizable":"Not Customizable By End Users"
      }
     ,"Attributes":{
        "id":"13571821926617155361"
       ,"Link":{
          "Link Column":"Exclude Link Column"
        }
       ,"Appearance":{
          "Show Null Values as":"-"
        }
       ,"Pagination":{
          "Type":"Row Ranges X to Y"
         ,"Display Position":"Bottom - Right"
        }
       ,"Performance":{
          "Lazy Loading":false
         ,"Maximum Rows to Process":10000
        }
       ,"Messages":{
          "When No Data Found":"No data found."
         ,"When More Data Found":"This query returns more than #MAX_ROW_COUNT# rows, please filter your data to ensure complete results."
        }
       ,"Search Bar":{
          "Include Search Bar":true
         ,"Search Field":true
         ,"Finder Drop Down":true
         ,"Reports Select List":true
         ,"Rows Per Page Selector":false
        }
       ,"Actions Menu":{
          "Include Actions Menu":true
         ,"Filter":true
         ,"Select Columns":true
         ,"Rows Per Page":true
         ,"Sort":true
         ,"Control Break":true
         ,"Highlight":true
         ,"Compute":true
         ,"Aggregate":true
         ,"Chart":true
         ,"Group By":true
         ,"Pivot":true
         ,"Flashback":true
         ,"Save Report":true
         ,"Save Public Report":true
         ,"Reset":true
         ,"Help":true
         ,"Download":true
         ,"Subscription":true
        }
       ,"Download":{
          "Formats":[
            "CSV"
           ,"HTML"
           ,"PDF"
          ]
         ,"Send as Email":true
        }
       ,"Heading":{
          "Fixed To":"Page"
        }
       ,"Icon View":{
          "Show":false
        }
       ,"Detail View":{
          "Show":false
        }
       ,"Saved Reports":[
          {
            "id":"13571836312269155416"
           ,"Identification":{
              "Name":"Primary Report"
             ,"Alias":"124857721"
            }
          }
        ]
       ,"Columns":[
          {
            "id":"13571822055119155362"
           ,"Identification":{
              "Column Name":"ID"
             ,"Type":"Hidden Column"
            }
           ,"Heading":{
              "Heading":"Selected Customer"
            }
           ,"Layout":{
              "Sequence":1
            }
           ,"Source":{
              "Primary Key":false
            }
           ,"Security":{
              "Escape special characters":false
            }
          }
         ,{
            "id":"13571829197429155386"
           ,"Identification":{
              "Column Name":"CUSTOMER_NAME"
             ,"Type":"Link"
            }
           ,"Heading":{
              "Heading":"Customer"
             ,"Alignment":"start"
            }
           ,"Single Row View":{
              "Use Column Heading":true
            }
           ,"Layout":{
              "Sequence":2
             ,"Column Alignment":"start"
            }
           ,"Accessibility":{
              "Value Identifies Row":false
            }
           ,"Link":{
              "Target":{
                "url":"f?p=\u0026APP_ID.:50:\u0026SESSION.::\u0026DEBUG.:RP,50:P50_ID:#ID#"
               ,"Page":"50"
               ,"Clear Cache":"RP,50"
               ,"Values":{
                  "P50_ID":"#ID#"
                }
              }
             ,"Link Text":"#CUSTOMER_NAME#"
            }
           ,"Source":{
              "Primary Key":false
            }
           ,"Column Filter":{
              "Type":"Default Based on Column Type"
            }
           ,"Enable Users To":{
              "Hide":true
             ,"Sort":true
             ,"Filter":true
             ,"Highlight":true
             ,"Control Break":true
             ,"Aggregate":true
             ,"Compute":true
             ,"Chart":true
             ,"Group By":true
             ,"Pivot":true
            }
           ,"Security":{
              "Escape special characters":true
            }
          }
         ,{
            "id":"13571829564886155389"
           ,"Identification":{
              "Column Name":"STATUS"
             ,"Type":"Plain Text"
            }
           ,"Heading":{
              "Heading":"Status"
             ,"Alignment":"start"
            }
           ,"Single Row View":{
              "Use Column Heading":true
            }
           ,"Layout":{
              "Sequence":17
             ,"Column Alignment":"start"
            }
           ,"Accessibility":{
              "Value Identifies Row":false
            }
           ,"Source":{
              "Primary Key":false
            }
           ,"Column Filter":{
              "Type":"Default Based on Column Type"
            }
           ,"Enable Users To":{
              "Hide":true
             ,"Sort":true
             ,"Filter":true
             ,"Highlight":true
             ,"Control Break":true
             ,"Aggregate":true
             ,"Compute":true
             ,"Chart":true
             ,"Group By":true
             ,"Pivot":true
            }
           ,"Security":{
              "Escape special characters":true
            }
          }
         ,{
            "id":"13571829935748155390"
           ,"Identification":{
              "Column Name":"CATEGORY"
             ,"Type":"Plain Text"
            }
           ,"Heading":{
              "Heading":"Category"
             ,"Alignment":"start"
            }
           ,"Single Row View":{
              "Use Column Heading":true
            }
           ,"Layout":{
              "Sequence":16
             ,"Column Alignment":"start"
            }
           ,"Accessibility":{
              "Value Identifies Row":false
            }
           ,"Source":{
              "Primary Key":false
            }
           ,"Column Filter":{
              "Type":"Default Based on Column Type"
            }
           ,"Enable Users To":{
              "Hide":true
             ,"Sort":true
             ,"Filter":true
             ,"Highlight":true
             ,"Control Break":true
             ,"Aggregate":true
             ,"Compute":true
             ,"Chart":true
             ,"Group By":true
             ,"Pivot":true
            }
           ,"Security":{
              "Escape special characters":true
            }
          }
         ,{
            "id":"13571830331340155391"
           ,"Identification":{
              "Column Name":"REFERENCABLE"
             ,"Type":"Plain Text"
            }
           ,"Heading":{
              "Heading":"Publicly Referenceable"
             ,"Alignment":"start"
            }
           ,"Single Row View":{
              "Use Column Heading":true
            }
           ,"Layout":{
              "Sequence":3
             ,"Column Alignment":"start"
            }
           ,"Accessibility":{
              "Value Identifies Row":false
            }
           ,"Source":{
              "Primary Key":false
            }
           ,"Column Filter":{
              "Type":"Default Based on Column Type"
            }
           ,"Enable Users To":{
              "Hide":true
             ,"Sort":true
             ,"Filter":true
             ,"Highlight":true
             ,"Control Break":true
             ,"Aggregate":true
             ,"Compute":true
             ,"Chart":true
             ,"Group By":true
             ,"Pivot":true
            }
           ,"Server-side Condition":{
              "Type":"Expression"
             ,"Language":"PL\/SQL"
             ,"PL\/SQL Expression":"APEX_UTIL.GET_BUILD_OPTION_STATUS(\n    P_APPLICATION_ID =\u003E :APP_ID,\n    P_BUILD_OPTION_NAME =\u003E \u0027Customer Referencability\u0027) = \u0027INCLUDE\u0027"
            }
           ,"Security":{
              "Escape special characters":true
            }
          }
         ,{
            "id":"13571830738461155392"
           ,"Identification":{
              "Column Name":"NUMBER_OF_USERS"
             ,"Type":"Plain Text"
            }
           ,"Heading":{
              "Heading":"# of Users"
             ,"Alignment":"start"
            }
           ,"Single Row View":{
              "Use Column Heading":true
            }
           ,"Layout":{
              "Sequence":4
             ,"Column Alignment":"start"
            }
           ,"Accessibility":{
              "Value Identifies Row":false
            }
           ,"Source":{
              "Primary Key":false
            }
           ,"Column Filter":{
              "Type":"Default Based on Column Type"
            }
           ,"Enable Users To":{
              "Hide":true
             ,"Sort":true
             ,"Filter":true
             ,"Highlight":true
             ,"Control Break":true
             ,"Aggregate":true
             ,"Compute":true
             ,"Chart":true
             ,"Group By":true
             ,"Pivot":true
            }
           ,"Server-side Condition":{
              "Type":"Function Body"
             ,"Language":"PL\/SQL"
             ,"PL\/SQL Function Body":"return wwv_flow_utilities.is_build_option_enabled(\u0027Number_of_users\u0027);"
            }
           ,"Security":{
              "Escape special characters":true
            }
          }
         ,{
            "id":"13571831158595155394"
           ,"Identification":{
              "Column Name":"SUMMARY"
             ,"Type":"Plain Text"
            }
           ,"Heading":{
              "Heading":"Summary"
             ,"Alignment":"start"
            }
           ,"Single Row View":{
              "Use Column Heading":true
            }
           ,"Layout":{
              "Sequence":5
             ,"Column Alignment":"start"
            }
           ,"Accessibility":{
              "Value Identifies Row":false
            }
           ,"Source":{
              "Primary Key":false
            }
           ,"Column Filter":{
              "Type":"Default Based on Column Type"
            }
           ,"Enable Users To":{
              "Hide":true
             ,"Sort":true
             ,"Filter":true
             ,"Highlight":true
             ,"Control Break":true
             ,"Aggregate":true
             ,"Compute":true
             ,"Chart":true
             ,"Group By":true
             ,"Pivot":true
            }
           ,"Security":{
              "Escape special characters":true
            }
          }
         ,{
            "id":"13571831589092155396"
           ,"Identification":{
              "Column Name":"WEB_SITE"
             ,"Type":"Plain Text"
            }
           ,"Heading":{
              "Heading":"Web Site"
             ,"Alignment":"start"
            }
           ,"Single Row View":{
              "Use Column Heading":true
            }
           ,"Layout":{
              "Sequence":6
             ,"Column Alignment":"start"
            }
           ,"Accessibility":{
              "Value Identifies Row":false
            }
           ,"Source":{
              "Primary Key":false
            }
           ,"Column Filter":{
              "Type":"Default Based on Column Type"
            }
           ,"Enable Users To":{
              "Hide":true
             ,"Sort":true
             ,"Filter":true
             ,"Highlight":true
             ,"Control Break":true
             ,"Aggregate":true
             ,"Compute":true
             ,"Chart":true
             ,"Group By":true
             ,"Pivot":true
            }
           ,"Security":{
              "Escape special characters":true
            }
          }
         ,{
            "id":"13571831950207155398"
           ,"Identification":{
              "Column Name":"CREATED_BY"
             ,"Type":"Hidden Column"
            }
           ,"Heading":{
              "Heading":"Created By"
            }
           ,"Layout":{
              "Sequence":13
            }
           ,"Source":{
              "Primary Key":false
            }
           ,"Security":{
              "Escape special characters":false
            }
          }
         ,{
            "id":"13571832384593155399"
           ,"Identification":{
              "Column Name":"UPDATED_BY"
             ,"Type":"Hidden Column"
            }
           ,"Heading":{
              "Heading":"Updated By"
            }
           ,"Layout":{
              "Sequence":15
            }
           ,"Source":{
              "Primary Key":false
            }
           ,"Security":{
              "Escape special characters":false
            }
          }
         ,{
            "id":"13571832754018155401"
           ,"Identification":{
              "Column Name":"TAGS"
             ,"Type":"Plain Text"
            }
           ,"Heading":{
              "Heading":"Tags"
             ,"Alignment":"start"
            }
           ,"Single Row View":{
              "Use Column Heading":true
            }
           ,"Layout":{
              "Sequence":18
             ,"Column Alignment":"start"
            }
           ,"Accessibility":{
              "Value Identifies Row":false
            }
           ,"Source":{
              "Primary Key":false
            }
           ,"Column Filter":{
              "Type":"Use Defined List of Values to Filter Word Contains"
             ,"SQL Query":"select tag\n  from eba_cust_tags_type_sum\n where content_type = \u0027CUSTOMER\u0027\n   and tag_count \u003E 0"
            }
           ,"Enable Users To":{
              "Hide":true
             ,"Sort":true
             ,"Filter":true
             ,"Highlight":true
             ,"Control Break":true
             ,"Aggregate":true
             ,"Compute":true
             ,"Chart":true
             ,"Group By":true
             ,"Pivot":true
            }
           ,"Security":{
              "Escape special characters":true
            }
          }
         ,{
            "id":"13571833188535155404"
           ,"Identification":{
              "Column Name":"ROW_KEY"
             ,"Type":"Link"
            }
           ,"Heading":{
              "Heading":"View"
             ,"Alignment":"start"
            }
           ,"Single Row View":{
              "Use Column Heading":true
            }
           ,"Layout":{
              "Sequence":19
             ,"Column Alignment":"start"
            }
           ,"Accessibility":{
              "Value Identifies Row":false
            }
           ,"Link":{
              "Target":{
                "url":"f?p=\u0026APP_ID.:50:\u0026SESSION.::\u0026DEBUG.:50:P50_ID:#ID#"
               ,"Page":"50"
               ,"Clear Cache":"50"
               ,"Values":{
                  "P50_ID":"#ID#"
                }
              }
             ,"Link Text":"\u003Cspan\u003E#ROW_KEY#\u003C\/span\u003E"
             ,"Link Attributes":"class=\"uButton uButtonAlt\" style=\"text-decoration: none;\""
            }
           ,"Source":{
              "Primary Key":false
            }
           ,"Column Filter":{
              "Type":"Default Based on Column Type"
            }
           ,"Enable Users To":{
              "Hide":true
             ,"Sort":true
             ,"Filter":true
             ,"Highlight":true
             ,"Control Break":true
             ,"Aggregate":true
             ,"Compute":true
             ,"Chart":true
             ,"Group By":true
             ,"Pivot":true
            }
           ,"Security":{
              "Escape special characters":true
            }
          }
         ,{
            "id":"13571833528000155405"
           ,"Identification":{
              "Column Name":"CREATED"
             ,"Type":"Plain Text"
            }
           ,"Heading":{
              "Heading":"Created"
             ,"Alignment":"start"
            }
           ,"Single Row View":{
              "Use Column Heading":true
            }
           ,"Layout":{
              "Sequence":20
             ,"Column Alignment":"start"
            }
           ,"Accessibility":{
              "Value Identifies Row":false
            }
           ,"Appearance":{
              "Format Mask":"SINCE"
            }
           ,"Source":{
              "Primary Key":false
            }
           ,"Column Filter":{
              "Type":"Default Based on Column Type"
             ,"Date Ranges":"All"
            }
           ,"Enable Users To":{
              "Hide":true
             ,"Sort":true
             ,"Filter":true
             ,"Highlight":true
             ,"Control Break":true
             ,"Aggregate":true
             ,"Compute":true
             ,"Chart":true
             ,"Group By":true
             ,"Pivot":true
            }
           ,"Security":{
              "Escape special characters":true
            }
          }
         ,{
            "id":"13571833987793155407"
           ,"Identification":{
              "Column Name":"UPDATED"
             ,"Type":"Plain Text"
            }
           ,"Heading":{
              "Heading":"Updated"
             ,"Alignment":"start"
            }
           ,"Single Row View":{
              "Use Column Heading":true
            }
           ,"Layout":{
              "Sequence":21
             ,"Column Alignment":"start"
            }
           ,"Accessibility":{
              "Value Identifies Row":false
            }
           ,"Appearance":{
              "Format Mask":"SINCE"
            }
           ,"Source":{
              "Primary Key":false
            }
           ,"Column Filter":{
              "Type":"Default Based on Column Type"
             ,"Date Ranges":"All"
            }
           ,"Enable Users To":{
              "Hide":true
             ,"Sort":true
             ,"Filter":true
             ,"Highlight":true
             ,"Control Break":true
             ,"Aggregate":true
             ,"Compute":true
             ,"Chart":true
             ,"Group By":true
             ,"Pivot":true
            }
           ,"Security":{
              "Escape special characters":true
            }
          }
         ,{
            "id":"13571834325889155409"
           ,"Identification":{
              "Column Name":"GEOGRAPHY_NAME"
             ,"Type":"Plain Text"
            }
           ,"Heading":{
              "Heading":"Geography"
             ,"Alignment":"start"
            }
           ,"Single Row View":{
              "Use Column Heading":true
            }
           ,"Layout":{
              "Sequence":22
             ,"Column Alignment":"start"
            }
           ,"Accessibility":{
              "Value Identifies Row":false
            }
           ,"Source":{
              "Primary Key":false
            }
           ,"Column Filter":{
              "Type":"Default Based on Column Type"
            }
           ,"Enable Users To":{
              "Hide":true
             ,"Sort":true
             ,"Filter":true
             ,"Highlight":true
             ,"Control Break":true
             ,"Aggregate":true
             ,"Compute":true
             ,"Chart":true
             ,"Group By":true
             ,"Pivot":true
            }
           ,"Server-side Condition":{
              "Type":"Expression"
             ,"Language":"PL\/SQL"
             ,"PL\/SQL Expression":"wwv_flow_utilities.is_build_option_enabled(\u0027Geography\u0027)"
            }
           ,"Security":{
              "Escape special characters":true
            }
          }
         ,{
            "id":"13571834787829155409"
           ,"Identification":{
              "Column Name":"PRODUCT_USES"
             ,"Type":"Plain Text"
            }
           ,"Heading":{
              "Heading":"Product Uses"
             ,"Alignment":"start"
            }
           ,"Single Row View":{
              "Use Column Heading":true
            }
           ,"Layout":{
              "Sequence":23
             ,"Column Alignment":"start"
            }
           ,"Accessibility":{
              "Value Identifies Row":false
            }
           ,"Source":{
              "Primary Key":false
            }
           ,"Column Filter":{
              "Type":"Default Based on Column Type"
            }
           ,"Enable Users To":{
              "Hide":true
             ,"Sort":true
             ,"Filter":true
             ,"Highlight":true
             ,"Control Break":true
             ,"Aggregate":true
             ,"Compute":true
             ,"Chart":true
             ,"Group By":true
             ,"Pivot":true
            }
           ,"Server-side Condition":{
              "Type":"Expression"
             ,"Language":"PL\/SQL"
             ,"PL\/SQL Expression":"wwv_flow_utilities.is_build_option_enabled(\u0027Products and Services\u0027)"
            }
           ,"Security":{
              "Escape special characters":true
            }
          }
         ,{
            "id":"13571835207482155410"
           ,"Identification":{
              "Column Name":"MARQUEE_CUSTOMER"
             ,"Type":"Plain Text"
            }
           ,"Heading":{
              "Heading":"Marquee Customer"
             ,"Alignment":"start"
            }
           ,"Single Row View":{
              "Use Column Heading":true
            }
           ,"Layout":{
              "Sequence":24
             ,"Column Alignment":"start"
            }
           ,"Accessibility":{
              "Value Identifies Row":false
            }
           ,"Source":{
              "Primary Key":false
            }
           ,"Column Filter":{
              "Type":"Default Based on Column Type"
            }
           ,"Enable Users To":{
              "Hide":true
             ,"Sort":true
             ,"Filter":true
             ,"Highlight":true
             ,"Control Break":true
             ,"Aggregate":true
             ,"Compute":true
             ,"Chart":true
             ,"Group By":true
             ,"Pivot":true
            }
           ,"Security":{
              "Escape special characters":true
            }
          }
         ,{
            "id":"13571835585125155412"
           ,"Identification":{
              "Column Name":"INDUSTRY"
             ,"Type":"Plain Text"
            }
           ,"Heading":{
              "Heading":"Industry"
             ,"Alignment":"start"
            }
           ,"Single Row View":{
              "Use Column Heading":true
            }
           ,"Layout":{
              "Sequence":25
             ,"Column Alignment":"start"
            }
           ,"Accessibility":{
              "Value Identifies Row":false
            }
           ,"Source":{
              "Primary Key":false
            }
           ,"Column Filter":{
              "Type":"Default Based on Column Type"
            }
           ,"Enable Users To":{
              "Hide":true
             ,"Sort":true
             ,"Filter":true
             ,"Highlight":true
             ,"Control Break":true
             ,"Aggregate":true
             ,"Compute":true
             ,"Chart":true
             ,"Group By":true
             ,"Pivot":true
            }
           ,"Security":{
              "Escape special characters":true
            }
          }
         ,{
            "id":"13571835974416155414"
           ,"Identification":{
              "Column Name":"INDUSTRY_ID"
             ,"Type":"Hidden Column"
            }
           ,"Heading":{
              "Heading":"Selected Industry"
            }
           ,"Layout":{
              "Sequence":26
            }
           ,"Source":{
              "Primary Key":false
            }
           ,"Security":{
              "Escape special characters":false
            }
          }
        ]
       ,"Printing":{
          "Output":{
            "View File As":"Attachment"
          }
         ,"Page":{
            "Size":"Letter"
           ,"Orientation":"Landscape"
           ,"Units":"Inches"
           ,"Width":11
           ,"Height":8.5
           ,"Border Width":0.5
           ,"Border Color":"#666666"
          }
         ,"Page Header":{
            "Font":"Helvetica"
           ,"Font Weight":"Normal"
           ,"Font Size":12
           ,"Font Color":"#000000"
           ,"Alignment":"center"
          }
         ,"Column Headings":{
            "Font":"Helvetica"
           ,"Font Weight":"Bold"
           ,"Font Size":10
           ,"Font Color":"#000000"
           ,"Background Color":"#EEEEEE"
          }
         ,"Columns":{
            "Font":"Helvetica"
           ,"Font Weight":"Normal"
           ,"Font Size":10
           ,"Font Color":"#000000"
           ,"Background Color":"#FFFFFF"
          }
         ,"Page Footer":{
            "Font":"Helvetica"
           ,"Font Weight":"Normal"
           ,"Font Size":12
           ,"Font Color":"#000000"
           ,"Alignment":"center"
          }
        }
      }
    }
   ,{
      "id":"13571837220116155422"
     ,"Identification":{
        "Title":"Breadcrumbs"
       ,"Type":"Breadcrumb"
      }
     ,"Source":{
        "Breadcrumb":"Breadcrumb (17869143586620226407)"
      }
     ,"Layout":{
        "Sequence":40
       ,"Parent Region":"No Parent"
       ,"Position":"REGION_POSITION_01"
       ,"Start New Layout":false
       ,"Start New Row":true
       ,"Column":"Automatic"
       ,"New Column":true
       ,"Column Span":"Automatic"
      }
     ,"Appearance":{
        "Template":"Title Bar (14888267217215691848)"
       ,"Template Options":[
          "#DEFAULT#"
         ,"t-BreadcrumbRegion--useBreadcrumbTitle"
        ]
       ,"Render Components":"Above Content"
      }
     ,"Accessibility":{
        "Use Landmark":true
       ,"Landmark Type":"Template Default"
      }
     ,"Advanced":{
        "Region Display Selector":false
       ,"Exclude Title from Translation":false
      }
     ,"Server Cache":{
        "Caching":"Disabled"
      }
     ,"Customization":{
        "Customizable":"Not Customizable By End Users"
      }
     ,"Attributes":{
        "Appearance":{
          "Breadcrumb Template":"Breadcrumb (14888282717314691893)"
         ,"Template Options":[
            "#DEFAULT#"
          ]
        }
      }
    }
   ,{
      "id":"13571838819973155425"
     ,"Identification":{
        "Title":"timezone"
       ,"Type":"Static Content"
      }
     ,"Source":{
        "HTML Code":"\"TIMEZONE\" \n "
      }
     ,"Layout":{
        "Sequence":30
       ,"Parent Region":"No Parent"
       ,"Position":"BODY"
       ,"Start New Layout":false
       ,"Start New Row":true
       ,"Column":"Automatic"
       ,"New Column":false
       ,"Column Span":"Automatic"
      }
     ,"Appearance":{
        "Template":"Blank with Attributes (14888250988334691823)"
       ,"Template Options":[
          "#DEFAULT#"
        ]
       ,"Render Components":"Above Content"
      }
     ,"Accessibility":{
        "Use Landmark":true
       ,"Landmark Type":"Template Default"
      }
     ,"Advanced":{
        "Region Display Selector":false
       ,"Exclude Title from Translation":false
      }
     ,"Server Cache":{
        "Caching":"Disabled"
      }
     ,"Customization":{
        "Customizable":"Not Customizable By End Users"
      }
     ,"Attributes":{
        "Settings":{
          "Output As":"HTML"
         ,"Expand Shortcuts":true
        }
      }
    }
  ]
 ,"Buttons":[
    {
      "id":"13571836820256155420"
     ,"Identification":{
        "Button Name":"Reset_Report"
       ,"Label":"Reset"
      }
     ,"Layout":{
        "Sequence":10
       ,"Region":"Customers (13571821545288155357)"
       ,"Position":"RIGHT_OF_IR_SEARCH_BAR"
       ,"Start New Layout":false
       ,"Start New Row":false
       ,"Column":"Automatic"
       ,"New Column":false
       ,"Column Span":"Automatic"
      }
     ,"Appearance":{
        "Button Template":"Icon (14888281684153691889)"
       ,"Hot":false
       ,"Template Options":[
          "#DEFAULT#"
         ,"#DEFAULT#"
         ,"t-Button--iconLeft"
        ]
       ,"Icon":"fa-undo"
      }
     ,"Behavior":{
        "Action":"Redirect to Page in this Application"
       ,"Target":{
          "url":"f?p=\u0026APP_ID.:\u0026APP_PAGE_ID.:\u0026SESSION.::\u0026DEBUG.:RP,\u0026APP_PAGE_ID.,RIR,CIR::"
         ,"Page":"\u0026APP_PAGE_ID."
         ,"Clear Cache":"RP,\u0026APP_PAGE_ID.,RIR,CIR"
        }
       ,"Warn on Unsaved Changes":"Do Not Check"
      }
    }
   ,{
      "id":"13571837691087155423"
     ,"Identification":{
        "Button Name":"CREATE_CUSTOMER"
       ,"Label":"Add Customer"
      }
     ,"Layout":{
        "Sequence":30
       ,"Region":"Breadcrumbs (13571837220116155422)"
       ,"Position":"CREATE"
       ,"Start New Layout":false
       ,"Start New Row":true
       ,"Column":"Automatic"
       ,"New Column":true
       ,"Column Span":"Automatic"
      }
     ,"Appearance":{
        "Button Template":"Text with Icon (14888281958145691891)"
       ,"Hot":true
       ,"Template Options":[
          "#DEFAULT#"
         ,"t-Button--iconRight"
        ]
       ,"Icon":"fa-chevron-right"
      }
     ,"Behavior":{
        "Action":"Redirect to Page in this Application"
       ,"Target":{
          "url":"f?p=\u0026APP_ID.:2:\u0026SESSION.::\u0026DEBUG.:2::"
         ,"Page":"2"
         ,"Clear Cache":"2"
        }
       ,"Warn on Unsaved Changes":"Do Not Check"
      }
     ,"Security":{
        "Authorization Scheme":"CONTRIBUTION RIGHTS (15995681224497193873)"
      }
    }
   ,{
      "id":"13571838095331155423"
     ,"Identification":{
        "Button Name":"UPLOAD_CUSTOMERS"
       ,"Label":"Upload Customers"
      }
     ,"Layout":{
        "Sequence":20
       ,"Region":"Breadcrumbs (13571837220116155422)"
       ,"Position":"EDIT"
       ,"Start New Layout":false
       ,"Start New Row":false
       ,"Column":"Automatic"
       ,"New Column":false
       ,"Column Span":"Automatic"
      }
     ,"Appearance":{
        "Button Template":"Text (14888282487315691892)"
       ,"Hot":false
       ,"Template Options":[
          "#DEFAULT#"
        ]
      }
     ,"Behavior":{
        "Action":"Redirect to Page in this Application"
       ,"Target":{
          "url":"f?p=\u0026APP_ID.:53:\u0026SESSION.::\u0026DEBUG.:RP,53,54,55,56::"
         ,"Page":"53"
         ,"Clear Cache":"RP,53,54,55,56"
        }
       ,"Warn on Unsaved Changes":"Do Not Check"
      }
     ,"Security":{
        "Authorization Scheme":"CONTRIBUTION RIGHTS (15995681224497193873)"
      }
     ,"Configuration":{
        "Build Option":"Customer Data Loading (14985346744154458184)"
      }
    }
  ]
 ,"Computations":[
    {
      "id":"13571839703571155428"
     ,"Identification":{
        "Item Name":"LAST_VIEW"
      }
     ,"Execution":{
        "Sequence":10
       ,"Point":"Before Header"
      }
     ,"Computation":{
        "Type":"Static Value"
       ,"Static Value":"1"
      }
    }
  ]
 ,"Processes":[
    {
      "id":"13571839966916155429"
     ,"Identification":{
        "Name":"Reset Pagination"
       ,"Type":"Reset Pagination"
       ,"Execution Chain":"None"
      }
     ,"Settings":{
        "Target":"This Page"
      }
     ,"Execution":{
        "Sequence":10
       ,"Point":"Processing"
       ,"Run Process":"Once Per Page Visit (default)"
      }
     ,"Error":{
        "Error Message":"Unable to reset pagination."
       ,"Display Location":"On Error Page"
      }
     ,"Server-side Condition":{
        "Type":"Request is contained in Value"
       ,"Value":"Go,P93_REPORT_SEARCH,RESET"
      }
    }
   ,{
      "id":"13571840384828155430"
     ,"Identification":{
        "Name":"Load Data"
       ,"Type":"Execute Code"
       ,"Execution Chain":"None"
      }
     ,"Source":{
        "Location":"Local Database"
       ,"Language":"PL\/SQL"
       ,"PL\/SQL Code":"if :REQUEST = \u0027REPORTS\u0027 then \n    :LAST_VIEW := 20;\nelse\n    :LAST_VIEW := 30 ;\nend if;"
      }
     ,"Execution":{
        "Sequence":20
       ,"Point":"Before Header"
       ,"Run Process":"Once Per Page Visit (default)"
      }
     ,"Server-side Condition":{
        "Type":"Never"
      }
    }
  ]
 ,"Branches":[
    {
      "id":"13571840816187155431"
     ,"Identification":{
        "Name":"Go To Page 93"
      }
     ,"Execution":{
        "Sequence":10
       ,"Point":"After Processing"
      }
     ,"Behavior":{
        "Type":"Page or URL (Redirect)"
       ,"Target":{
          "url":"f?p=\u0026APP_ID.:93:\u0026SESSION."
         ,"Page":"93"
        }
       ,"Save State before Branching":true
      }
    }
  ]
}
