{
  "id":"36"
 ,"Identification":{
    "Name":"Notification"
   ,"Alias":"NOTIFICATION"
   ,"Title":"Notification"
   ,"Page Group":"Administration (14749179244941290086)"
  }
 ,"Appearance":{
    "Page Mode":"Modal Dialog"
   ,"Dialog Template":"Theme Default"
   ,"Template Options":[
      "#DEFAULT#"
    ]
  }
 ,"Dialog":{
    "Chained":false
  }
 ,"Navigation Menu":{
    "Override User Interface Level":false
  }
 ,"Navigation":{
    "Cursor Focus":"First item on page"
   ,"Warn on Unsaved Changes":false
  }
 ,"JavaScript":{
    "Function and Global Variable Declaration":"var htmldb_delete_message=\u0027\"DELETE_CONFIRM_MSG\"\u0027;"
  }
 ,"Security":{
    "Authorization Scheme":"ADMINISTRATION RIGHTS (15704753031447651527)"
   ,"Authentication":"Page Requires Authentication"
   ,"Deep Linking":"Application Default"
   ,"Page Access Protection":"Arguments Must Have Checksum"
   ,"Form Auto Complete":"Off"
   ,"Browser Cache":"Application Default"
  }
 ,"Session Management":{
    "Rejoin Sessions":"Application Default"
  }
 ,"Advanced":{
    "Enable duplicate page submissions":"Yes - Enable page to be re-posted"
   ,"Reload on Submit":"Only for Success"
  }
 ,"Server Cache":{
    "Caching":"Disabled"
  }
 ,"Help":{
    "Help Text":"No help is available for this page."
  }
 ,"Regions":[
    {
      "id":"1685172045073761241"
     ,"Identification":{
        "Title":"Buttons"
       ,"Type":"Static Content"
      }
     ,"Layout":{
        "Sequence":10
       ,"Parent Region":"No Parent"
       ,"Position":"REGION_POSITION_03"
       ,"Start New Layout":false
       ,"Start New Row":true
       ,"Column":"Automatic"
       ,"New Column":true
       ,"Column Span":"Automatic"
      }
     ,"Appearance":{
        "Template":"Buttons Container (14888251272274691825)"
       ,"Template Options":[
          "#DEFAULT#"
        ]
       ,"Render Components":"Above Content"
      }
     ,"Accessibility":{
        "Use Landmark":true
       ,"Landmark Type":"Template Default"
      }
     ,"Advanced":{
        "Region Display Selector":true
       ,"Exclude Title from Translation":false
      }
     ,"Server Cache":{
        "Caching":"Disabled"
      }
     ,"Customization":{
        "Customizable":"Not Customizable By End Users"
      }
     ,"Attributes":{
        "Settings":{
          "Output As":"HTML"
         ,"Expand Shortcuts":false
        }
      }
    }
   ,{
      "id":"16376104747922865003"
     ,"Identification":{
        "Title":"Notifications"
       ,"Type":"Static Content"
      }
     ,"Layout":{
        "Sequence":10
       ,"Parent Region":"No Parent"
       ,"Position":"BODY"
       ,"Start New Layout":false
       ,"Start New Row":true
       ,"Column":"Automatic"
       ,"New Column":true
       ,"Column Span":"Automatic"
      }
     ,"Appearance":{
        "Template":"Blank with Attributes (14888250988334691823)"
       ,"Template Options":[
          "#DEFAULT#"
        ]
       ,"Render Components":"Above Content"
      }
     ,"Accessibility":{
        "Use Landmark":true
       ,"Landmark Type":"Template Default"
      }
     ,"Advanced":{
        "Region Display Selector":false
       ,"Exclude Title from Translation":false
      }
     ,"Server Cache":{
        "Caching":"Disabled"
      }
     ,"Customization":{
        "Customizable":"Not Customizable By End Users"
      }
     ,"Attributes":{
        "Settings":{
          "Output As":"HTML"
         ,"Expand Shortcuts":false
        }
      }
    }
  ]
 ,"Page Items":[
    {
      "id":"16376105734740865006"
     ,"Identification":{
        "Name":"P36_DISPLAY_SEQUENCE"
       ,"Type":"Text Field"
      }
     ,"Label":{
        "Label":"Display Sequence"
       ,"Alignment":"Left"
      }
     ,"Settings":{
        "Subtype":"Text"
       ,"Trim Spaces":"None"
       ,"Text Case":"NO CHANGE"
       ,"Submit when Enter pressed":false
       ,"Disabled":false
      }
     ,"Layout":{
        "Sequence":40
       ,"Region":"Notifications (16376104747922865003)"
       ,"Position":"BODY"
       ,"Alignment":"Left"
       ,"Start New Layout":false
       ,"Start New Row":false
       ,"Column":"Automatic"
       ,"New Column":true
       ,"Column Span":"Automatic"
       ,"Label Column Span":"Page Template Default"
      }
     ,"Appearance":{
        "Template":"Optional - Floating (295787000362769848)"
       ,"Template Options":[
          "#DEFAULT#"
        ]
       ,"Width":8
      }
     ,"Validation":{
        "Value Required":false
       ,"Maximum Length":4000
      }
     ,"Advanced":{
        "Warn on Unsaved Changes":"Page Default"
      }
     ,"Source":{
        "Type":"Database Column"
       ,"Database Column":"DISPLAY_SEQUENCE"
       ,"Used":"Always, replacing any existing value in session state"
      }
     ,"Session State":{
        "Storage":"Per Session (Persistent)"
      }
     ,"Quick Picks":{
        "Show Quick Picks":false
      }
     ,"Security":{
        "Session State Protection":"Checksum Required - Session Level"
       ,"Store value encrypted in session state":false
       ,"Restricted Characters":"All characters can be saved."
      }
    }
   ,{
      "id":"16376105944968865008"
     ,"Identification":{
        "Name":"P36_ID"
       ,"Type":"Hidden"
      }
     ,"Settings":{
        "Value Protected":true
      }
     ,"Layout":{
        "Sequence":10
       ,"Region":"Notifications (16376104747922865003)"
       ,"Position":"BODY"
      }
     ,"Advanced":{
        "Warn on Unsaved Changes":"Page Default"
      }
     ,"Source":{
        "Type":"Database Column"
       ,"Database Column":"ID"
       ,"Used":"Always, replacing any existing value in session state"
      }
     ,"Session State":{
        "Data Type":"VARCHAR2"
       ,"Storage":"Per Session (Persistent)"
      }
     ,"Security":{
        "Session State Protection":"Checksum Required - Session Level"
       ,"Store value encrypted in session state":false
       ,"Restricted Characters":"All characters can be saved."
      }
    }
   ,{
      "id":"16376106129439865008"
     ,"Identification":{
        "Name":"P36_NOTIFICATION_NAME"
       ,"Type":"Text Field"
      }
     ,"Label":{
        "Label":"Notification Name"
       ,"Alignment":"Left"
      }
     ,"Settings":{
        "Subtype":"Text"
       ,"Trim Spaces":"None"
       ,"Text Case":"NO CHANGE"
       ,"Submit when Enter pressed":false
       ,"Disabled":false
      }
     ,"Layout":{
        "Sequence":20
       ,"Region":"Notifications (16376104747922865003)"
       ,"Position":"BODY"
       ,"Alignment":"Left"
       ,"Start New Layout":false
       ,"Start New Row":true
       ,"Column":"Automatic"
       ,"New Column":true
       ,"Column Span":"Automatic"
       ,"Label Column Span":"Page Template Default"
      }
     ,"Appearance":{
        "Template":"Required - Floating (295786634453769843)"
       ,"Template Options":[
          "#DEFAULT#"
        ]
       ,"Width":80
      }
     ,"Validation":{
        "Value Required":true
       ,"Maximum Length":255
      }
     ,"Advanced":{
        "Warn on Unsaved Changes":"Page Default"
      }
     ,"Source":{
        "Type":"Database Column"
       ,"Database Column":"NOTIFICATION_NAME"
       ,"Used":"Always, replacing any existing value in session state"
      }
     ,"Session State":{
        "Storage":"Per Session (Persistent)"
      }
     ,"Quick Picks":{
        "Show Quick Picks":false
      }
     ,"Security":{
        "Session State Protection":"Checksum Required - Session Level"
       ,"Store value encrypted in session state":false
       ,"Restricted Characters":"All characters can be saved."
      }
    }
   ,{
      "id":"16376106330777865009"
     ,"Identification":{
        "Name":"P36_NOTIFICATION_DESCRIPTION"
       ,"Type":"Textarea"
      }
     ,"Label":{
        "Label":"Notification Description"
       ,"Alignment":"Left"
      }
     ,"Settings":{
        "Resizable":false
       ,"Auto-Height":false
       ,"Character Counter":false
       ,"Trim Spaces":"None"
      }
     ,"Layout":{
        "Sequence":70
       ,"Region":"Notifications (16376104747922865003)"
       ,"Position":"BODY"
       ,"Alignment":"Left"
       ,"Start New Layout":false
       ,"Start New Row":true
       ,"Column":"Automatic"
       ,"New Column":true
       ,"Column Span":"Automatic"
       ,"Label Column Span":"Page Template Default"
      }
     ,"Appearance":{
        "Template":"Optional - Floating (295787000362769848)"
       ,"Template Options":[
          "#DEFAULT#"
        ]
       ,"Width":80
       ,"Height":4
      }
     ,"Validation":{
        "Value Required":false
       ,"Maximum Length":4000
      }
     ,"Advanced":{
        "Warn on Unsaved Changes":"Page Default"
      }
     ,"Source":{
        "Type":"Database Column"
       ,"Database Column":"NOTIFICATION_DESCRIPTION"
       ,"Used":"Always, replacing any existing value in session state"
      }
     ,"Session State":{
        "Data Type":"VARCHAR2"
       ,"Storage":"Per Session (Persistent)"
      }
     ,"Quick Picks":{
        "Show Quick Picks":false
      }
     ,"Security":{
        "Session State Protection":"Checksum Required - Session Level"
       ,"Store value encrypted in session state":false
       ,"Restricted Characters":"All characters can be saved."
      }
    }
   ,{
      "id":"16376106532168865009"
     ,"Identification":{
        "Name":"P36_NOTIFICATION_TYPE"
       ,"Type":"Select List"
      }
     ,"Label":{
        "Label":"Notification Type"
       ,"Alignment":"Left"
      }
     ,"Settings":{
        "Page Action on Selection":"None"
       ,"Allow Multi Selection":false
      }
     ,"Layout":{
        "Sequence":30
       ,"Region":"Notifications (16376104747922865003)"
       ,"Position":"BODY"
       ,"Alignment":"Left"
       ,"Start New Layout":false
       ,"Start New Row":true
       ,"Column":"Automatic"
       ,"New Column":true
       ,"Column Span":"Automatic"
       ,"Label Column Span":"Page Template Default"
      }
     ,"Appearance":{
        "Template":"Required - Floating (295786634453769843)"
       ,"Template Options":[
          "#DEFAULT#"
        ]
       ,"Height":1
      }
     ,"Validation":{
        "Value Required":true
      }
     ,"List of Values":{
        "Type":"Shared Component"
       ,"List of Values":"NOTIFICATION TYPE (16376109230207865019)"
       ,"Display Extra Values":true
       ,"Display Null Value":false
      }
     ,"Advanced":{
        "Warn on Unsaved Changes":"Page Default"
      }
     ,"Source":{
        "Type":"Database Column"
       ,"Database Column":"NOTIFICATION_TYPE"
       ,"Used":"Always, replacing any existing value in session state"
      }
     ,"Default":{
        "Type":"Static"
       ,"Static Value":"YELLOW"
      }
     ,"Session State":{
        "Storage":"Per Session (Persistent)"
      }
     ,"Quick Picks":{
        "Show Quick Picks":false
      }
     ,"Security":{
        "Session State Protection":"Checksum Required - Session Level"
       ,"Store value encrypted in session state":false
       ,"Restricted Characters":"All characters can be saved."
      }
    }
   ,{
      "id":"16376106928550865010"
     ,"Identification":{
        "Name":"P36_DISPLAY_FROM"
       ,"Type":"Date Picker"
      }
     ,"Label":{
        "Label":"Display From"
       ,"Alignment":"Left"
      }
     ,"Settings":{
        "Show Time":false
       ,"Display As":"Popup"
       ,"Minimum Date":"None"
       ,"Maximum Date":"None"
       ,"Multiple Months":"No"
       ,"Use Defaults":true
      }
     ,"Layout":{
        "Sequence":50
       ,"Region":"Notifications (16376104747922865003)"
       ,"Position":"BODY"
       ,"Alignment":"Left"
       ,"Start New Layout":false
       ,"Start New Row":true
       ,"Column":"Automatic"
       ,"New Column":true
       ,"Column Span":"Automatic"
       ,"Label Column Span":"Page Template Default"
      }
     ,"Appearance":{
        "Template":"Optional - Floating (295787000362769848)"
       ,"Template Options":[
          "#DEFAULT#"
        ]
       ,"Format Mask":"DD-MON-YYYY HH24:MI:SS"
       ,"Width":64
      }
     ,"Validation":{
        "Value Required":false
       ,"Maximum Length":255
      }
     ,"Advanced":{
        "Warn on Unsaved Changes":"Page Default"
      }
     ,"Source":{
        "Type":"Database Column"
       ,"Database Column":"DISPLAY_FROM"
       ,"Used":"Always, replacing any existing value in session state"
      }
     ,"Session State":{
        "Storage":"Per Session (Persistent)"
      }
     ,"Quick Picks":{
        "Show Quick Picks":false
      }
     ,"Security":{
        "Session State Protection":"Checksum Required - Session Level"
       ,"Store value encrypted in session state":false
       ,"Restricted Characters":"All characters can be saved."
      }
    }
   ,{
      "id":"16376107139667865010"
     ,"Identification":{
        "Name":"P36_DISPLAY_UNTIL"
       ,"Type":"Date Picker"
      }
     ,"Label":{
        "Label":"Display Until"
       ,"Alignment":"Left"
      }
     ,"Settings":{
        "Show Time":false
       ,"Display As":"Popup"
       ,"Minimum Date":"None"
       ,"Maximum Date":"None"
       ,"Multiple Months":"No"
       ,"Use Defaults":true
      }
     ,"Layout":{
        "Sequence":60
       ,"Region":"Notifications (16376104747922865003)"
       ,"Position":"BODY"
       ,"Alignment":"Left"
       ,"Start New Layout":false
       ,"Start New Row":false
       ,"Column":"Automatic"
       ,"New Column":true
       ,"Column Span":"Automatic"
       ,"Label Column Span":"Page Template Default"
      }
     ,"Appearance":{
        "Template":"Optional - Floating (295787000362769848)"
       ,"Template Options":[
          "#DEFAULT#"
        ]
       ,"Format Mask":"DD-MON-YYYY HH24:MI:SS"
       ,"Width":64
      }
     ,"Validation":{
        "Value Required":false
       ,"Maximum Length":255
      }
     ,"Advanced":{
        "Warn on Unsaved Changes":"Page Default"
      }
     ,"Source":{
        "Type":"Database Column"
       ,"Database Column":"DISPLAY_UNTIL"
       ,"Used":"Always, replacing any existing value in session state"
      }
     ,"Session State":{
        "Storage":"Per Session (Persistent)"
      }
     ,"Quick Picks":{
        "Show Quick Picks":false
      }
     ,"Security":{
        "Session State Protection":"Checksum Required - Session Level"
       ,"Store value encrypted in session state":false
       ,"Restricted Characters":"All characters can be saved."
      }
    }
  ]
 ,"Buttons":[
    {
      "id":"16376104929091865004"
     ,"Identification":{
        "Button Name":"CREATE"
       ,"Label":"Create Notification"
      }
     ,"Layout":{
        "Sequence":40
       ,"Region":"Buttons (1685172045073761241)"
       ,"Position":"NEXT"
       ,"Start New Layout":false
       ,"Start New Row":true
       ,"Column":"Automatic"
       ,"New Column":true
       ,"Column Span":"Automatic"
      }
     ,"Appearance":{
        "Button Template":"Text (14888282487315691892)"
       ,"Hot":true
       ,"Template Options":[
          "#DEFAULT#"
         ,"t-Button--gapLeft"
        ]
      }
     ,"Behavior":{
        "Action":"Submit Page"
       ,"Execute Validations":true
       ,"Warn on Unsaved Changes":"Do Not Check"
       ,"Database Action":"SQL INSERT action"
      }
     ,"Server-side Condition":{
        "Type":"Item is NULL"
       ,"Item":"P36_ID"
      }
    }
   ,{
      "id":"16376105144940865005"
     ,"Identification":{
        "Button Name":"CANCEL"
       ,"Label":"Cancel"
      }
     ,"Layout":{
        "Sequence":10
       ,"Region":"Buttons (1685172045073761241)"
       ,"Position":"PREVIOUS"
       ,"Start New Layout":false
       ,"Start New Row":true
       ,"Column":"Automatic"
       ,"New Column":true
       ,"Column Span":"Automatic"
      }
     ,"Appearance":{
        "Button Template":"Text (14888282487315691892)"
       ,"Hot":false
       ,"Template Options":[
          "#DEFAULT#"
        ]
      }
     ,"Behavior":{
        "Action":"Defined by Dynamic Action"
       ,"Execute Validations":true
      }
    }
   ,{
      "id":"16376105320616865005"
     ,"Identification":{
        "Button Name":"DELETE"
       ,"Label":"Delete"
      }
     ,"Layout":{
        "Sequence":20
       ,"Region":"Buttons (1685172045073761241)"
       ,"Position":"PREVIOUS"
       ,"Start New Layout":false
       ,"Start New Row":true
       ,"Column":"Automatic"
       ,"New Column":true
       ,"Column Span":"Automatic"
      }
     ,"Appearance":{
        "Button Template":"Text (14888282487315691892)"
       ,"Hot":false
       ,"Template Options":[
          "#DEFAULT#"
         ,"t-Button--danger"
         ,"t-Button--simple"
        ]
      }
     ,"Behavior":{
        "Action":"Redirect to URL"
       ,"Target":"javascript:apex.confirm(htmldb_delete_message,\u0027DELETE\u0027);"
       ,"Execute Validations":false
       ,"Warn on Unsaved Changes":"Do Not Check"
       ,"Database Action":"SQL DELETE action"
      }
     ,"Server-side Condition":{
        "Type":"Item is NOT NULL"
       ,"Item":"P36_ID"
      }
    }
   ,{
      "id":"16376105547837865005"
     ,"Identification":{
        "Button Name":"SAVE"
       ,"Label":"Apply Changes"
      }
     ,"Layout":{
        "Sequence":30
       ,"Region":"Buttons (1685172045073761241)"
       ,"Position":"NEXT"
       ,"Start New Layout":false
       ,"Start New Row":true
       ,"Column":"Automatic"
       ,"New Column":true
       ,"Column Span":"Automatic"
      }
     ,"Appearance":{
        "Button Template":"Text (14888282487315691892)"
       ,"Hot":true
       ,"Template Options":[
          "#DEFAULT#"
         ,"t-Button--gapLeft"
        ]
      }
     ,"Behavior":{
        "Action":"Submit Page"
       ,"Execute Validations":true
       ,"Warn on Unsaved Changes":"Do Not Check"
       ,"Database Action":"SQL UPDATE action"
      }
     ,"Server-side Condition":{
        "Type":"Item is NOT NULL"
       ,"Item":"P36_ID"
      }
    }
  ]
 ,"Dynamic Actions":[
    {
      "id":"1685172187505761242"
     ,"Identification":{
        "Name":"Cancel Dialog"
      }
     ,"Execution":{
        "Sequence":10
      }
     ,"When":{
        "Event":"EVENT.EVENT.BROWSER.CLICK"
       ,"Selection Type":"Button"
       ,"Button":"CANCEL (16376105144940865005)"
      }
     ,"Execution":{
        "Event Scope":"Static"
       ,"Type":"Immediate"
      }
     ,"Actions":[
        {
          "id":"1685172304870761243"
         ,"Identification":{
            "Action":"Cancel Dialog"
          }
         ,"Execution":{
            "Sequence":10
           ,"Event":"Cancel Dialog (1685172187505761242)"
           ,"Fire When Event Result Is":"True"
           ,"Fire on Initialization":false
          }
        }
      ]
    }
  ]
 ,"Validations":[
    {
      "id":"15008946945637368516"
     ,"Identification":{
        "Name":"End after Beginning"
      }
     ,"Execution":{
        "Sequence":30
      }
     ,"Validation":{
        "Type":"Function Body (returning Boolean)"
       ,"Language":"PL\/SQL"
       ,"PL\/SQL Function Body":"if :P36_DISPLAY_FROM is not null and :P36_DISPLAY_UNTIL is not null then\n    return to_timestamp(:P36_DISPLAY_FROM,\u0027DD-MON-YYYY HH24:MI:SS\u0027) \u003C to_timestamp(:P36_DISPLAY_UNTIL,\u0027DD-MON-YYYY HH24:MI:SS\u0027);\nelse\n    return true;\nend if;"
       ,"Always Execute":false
      }
     ,"Error":{
        "Error Message":"Display From and To dates must be in proper chronological order."
       ,"Display Location":"Inline in Notification"
      }
    }
   ,{
      "id":"16376108117771865015"
     ,"Identification":{
        "Name":"P36_DISPLAY_FROM must be timestamp"
      }
     ,"Execution":{
        "Sequence":10
      }
     ,"Validation":{
        "Type":"Item is a valid timestamp"
       ,"Item":"P36_DISPLAY_FROM"
       ,"Always Execute":false
      }
     ,"Error":{
        "Error Message":"#LABEL# must be a valid timestamp."
       ,"Display Location":"Inline with Field and in Notification"
       ,"Associated Item":"P36_DISPLAY_FROM (16376106928550865010)"
      }
    }
   ,{
      "id":"16376108345000865015"
     ,"Identification":{
        "Name":"P36_DISPLAY_UNTIL must be timestamp"
      }
     ,"Execution":{
        "Sequence":20
      }
     ,"Validation":{
        "Type":"Item is a valid timestamp"
       ,"Item":"P36_DISPLAY_UNTIL"
       ,"Always Execute":false
      }
     ,"Error":{
        "Error Message":"#LABEL# must be a valid timestamp."
       ,"Display Location":"Inline with Field and in Notification"
       ,"Associated Item":"P36_DISPLAY_UNTIL (16376107139667865010)"
      }
    }
  ]
 ,"Processes":[
    {
      "id":"1685172355824761244"
     ,"Identification":{
        "Name":"Close Dialog"
       ,"Type":"Close Dialog"
       ,"Execution Chain":"None"
      }
     ,"Execution":{
        "Sequence":40
       ,"Point":"Processing"
       ,"Run Process":"Once Per Page Visit (default)"
      }
     ,"Error":{
        "Display Location":"Inline in Notification"
      }
    }
   ,{
      "id":"16376108429281865015"
     ,"Identification":{
        "Name":"Fetch Row from EBA_CUST_NOTIFICATIONS"
       ,"Type":"Automatic Row Fetch [Legacy]"
       ,"Execution Chain":"None"
      }
     ,"Settings":{
        "Table Owner":"PARSING SCHEMA"
       ,"Table Name":"EBA_CUST_NOTIFICATIONS"
       ,"Primary Key Column ":"ID"
       ,"Primary Key Item":"P36_ID"
      }
     ,"Execution":{
        "Sequence":10
       ,"Point":"After Header"
       ,"Run Process":"Once Per Page Visit (default)"
      }
    }
   ,{
      "id":"16376108624397865017"
     ,"Identification":{
        "Name":"Process Row of EBA_CUST_NOTIFICATIONS"
       ,"Type":"Automatic Row Processing (DML) [Legacy]"
       ,"Execution Chain":"None"
      }
     ,"Settings":{
        "Table Owner":"PARSING SCHEMA"
       ,"Table Name":"EBA_CUST_NOTIFICATIONS"
       ,"Primary Key Column ":"ID"
       ,"Primary Key Item":"P36_ID"
       ,"Lock Row":true
       ,"Supported Operations":"I:U:D"
      }
     ,"Execution":{
        "Sequence":20
       ,"Point":"Processing"
       ,"Run Process":"Once Per Page Visit (default)"
      }
     ,"Success Message":{
        "Success Message":"Action Processed."
      }
     ,"Error":{
        "Display Location":"Inline in Notification"
      }
    }
   ,{
      "id":"16376108847721865017"
     ,"Identification":{
        "Name":"reset page"
       ,"Type":"Clear Session State"
       ,"Execution Chain":"None"
      }
     ,"Settings":{
        "Type":"Clear all Items on Page(s)"
       ,"Page(s)":[
          "31"
        ]
      }
     ,"Execution":{
        "Sequence":30
       ,"Point":"Processing"
       ,"Run Process":"Once Per Page Visit (default)"
      }
     ,"Error":{
        "Display Location":"Inline in Notification"
      }
     ,"Server-side Condition":{
        "When Button Pressed":"DELETE (16376105320616865005)"
      }
    }
  ]
}
