{
  "id":"58"
 ,"Identification":{
    "Name":"User Details"
   ,"Alias":"USER_DETAILS"
   ,"Title":"User Details"
   ,"Page Group":"ACL (14749179346326290465)"
  }
 ,"Appearance":{
    "Page Mode":"Modal Dialog"
   ,"Dialog Template":"Theme Default"
   ,"Template Options":[
      "#DEFAULT#"
    ]
  }
 ,"Dialog":{
    "Chained":false
  }
 ,"Navigation Menu":{
    "Override User Interface Level":false
  }
 ,"Navigation":{
    "Cursor Focus":"First item on page"
   ,"Warn on Unsaved Changes":false
  }
 ,"JavaScript":{
    "Function and Global Variable Declaration":"var htmldb_delete_message=\u0027\"DELETE_CONFIRM_MSG\"\u0027;"
  }
 ,"Read Only":{
    "Type":"Expression"
   ,"Language":"PL\/SQL"
   ,"PL\/SQL Expression":"upper(:P58_USERNAME) = upper(:APP_USER)"
  }
 ,"Security":{
    "Authorization Scheme":"ADMINISTRATION RIGHTS (15704753031447651527)"
   ,"Authentication":"Page Requires Authentication"
   ,"Deep Linking":"Application Default"
   ,"Page Access Protection":"Arguments Must Have Checksum"
   ,"Form Auto Complete":"Off"
   ,"Browser Cache":"Application Default"
  }
 ,"Session Management":{
    "Rejoin Sessions":"Application Default"
  }
 ,"Advanced":{
    "Enable duplicate page submissions":"Yes - Enable page to be re-posted"
   ,"Reload on Submit":"Only for Success"
  }
 ,"Server Cache":{
    "Caching":"Disabled"
  }
 ,"Help":{
    "Help Text":"\u003Cp\u003EWhen Access Control is enabled, Administrators have the ability to restrict access to certain application features, for authenticated users. Customers supports the following 3 access levels; Reader, Contributor and Administrator. \u003Cb\u003EReader\u0027s\u003C\/b\u003E have read-only access and can also view reports. \u003Cb\u003EContributor\u0027s\u003C\/b\u003E can create, edit, delete and view reports. \u003Cb\u003EAdministrator\u0027s\u003C\/b\u003E, in addition to Contributor\u0027s capability, can also perform Customers administration, including configuration of access control, managing application look-up data and installing or uninstalling sample data.\u003C\/p\u003E"
  }
 ,"Regions":[
    {
      "id":"1685172791446761248"
     ,"Identification":{
        "Title":"Buttons"
       ,"Type":"Static Content"
      }
     ,"Layout":{
        "Sequence":10
       ,"Parent Region":"No Parent"
       ,"Position":"REGION_POSITION_03"
       ,"Start New Layout":false
       ,"Start New Row":true
       ,"Column":"Automatic"
       ,"New Column":true
       ,"Column Span":"Automatic"
      }
     ,"Appearance":{
        "Template":"Buttons Container (14888251272274691825)"
       ,"Template Options":[
          "#DEFAULT#"
        ]
       ,"Render Components":"Above Content"
      }
     ,"Accessibility":{
        "Use Landmark":true
       ,"Landmark Type":"Template Default"
      }
     ,"Advanced":{
        "Region Display Selector":true
       ,"Exclude Title from Translation":false
      }
     ,"Server Cache":{
        "Caching":"Disabled"
      }
     ,"Customization":{
        "Customizable":"Not Customizable By End Users"
      }
     ,"Attributes":{
        "Settings":{
          "Output As":"HTML"
         ,"Expand Shortcuts":false
        }
      }
    }
   ,{
      "id":"14902150233830041412"
     ,"Identification":{
        "Title":"Form Items"
       ,"Type":"Static Content"
      }
     ,"Layout":{
        "Sequence":20
       ,"Parent Region":"User Details (15858111444160106993)"
       ,"Position":"SUB_REGIONS"
       ,"Start New Layout":false
       ,"Start New Row":true
       ,"Column":"Automatic"
       ,"New Column":true
       ,"Column Span":"Automatic"
      }
     ,"Appearance":{
        "Template":"Blank with Attributes (14888250988334691823)"
       ,"Template Options":[
          "#DEFAULT#"
        ]
       ,"Render Components":"Above Content"
      }
     ,"Accessibility":{
        "Use Landmark":true
       ,"Landmark Type":"Template Default"
      }
     ,"Advanced":{
        "Region Display Selector":true
       ,"Exclude Title from Translation":false
      }
     ,"Server Cache":{
        "Caching":"Disabled"
      }
     ,"Customization":{
        "Customizable":"Not Customizable By End Users"
      }
     ,"Attributes":{
        "Settings":{
          "Output As":"HTML"
         ,"Expand Shortcuts":false
        }
      }
    }
   ,{
      "id":"15858111444160106993"
     ,"Identification":{
        "Title":"User Details"
       ,"Type":"Static Content"
      }
     ,"Layout":{
        "Sequence":10
       ,"Parent Region":"No Parent"
       ,"Position":"BODY"
       ,"Start New Layout":false
       ,"Start New Row":true
       ,"Column":"Automatic"
       ,"New Column":true
       ,"Column Span":"Automatic"
      }
     ,"Appearance":{
        "Template":"Standard (14888264683728691846)"
       ,"Template Options":[
          "#DEFAULT#"
         ,"t-Region--noBorder"
         ,"t-Region--hideHeader"
        ]
       ,"Render Components":"Above Content"
      }
     ,"Accessibility":{
        "Use Landmark":true
       ,"Landmark Type":"Template Default"
      }
     ,"Advanced":{
        "Region Display Selector":false
       ,"Exclude Title from Translation":false
      }
     ,"Server Cache":{
        "Caching":"Disabled"
      }
     ,"Customization":{
        "Customizable":"Not Customizable By End Users"
      }
     ,"Attributes":{
        "Settings":{
          "Output As":"HTML"
         ,"Expand Shortcuts":false
        }
      }
    }
  ]
 ,"Page Items":[
    {
      "id":"15858112825169106999"
     ,"Identification":{
        "Name":"P58_ID"
       ,"Type":"Hidden"
      }
     ,"Settings":{
        "Value Protected":true
      }
     ,"Layout":{
        "Sequence":10
       ,"Region":"Form Items (14902150233830041412)"
       ,"Position":"BODY"
      }
     ,"Advanced":{
        "Warn on Unsaved Changes":"Page Default"
      }
     ,"Source":{
        "Type":"Database Column"
       ,"Database Column":"ID"
       ,"Used":"Always, replacing any existing value in session state"
      }
     ,"Session State":{
        "Data Type":"VARCHAR2"
       ,"Storage":"Per Session (Persistent)"
      }
     ,"Security":{
        "Session State Protection":"Checksum Required - Session Level"
       ,"Store value encrypted in session state":false
       ,"Restricted Characters":"All characters can be saved."
      }
    }
   ,{
      "id":"15858113040937107007"
     ,"Identification":{
        "Name":"P58_USERNAME"
       ,"Type":"Text Field"
      }
     ,"Label":{
        "Label":"Username"
       ,"Alignment":"Left"
      }
     ,"Settings":{
        "Subtype":"Text"
       ,"Trim Spaces":"None"
       ,"Text Case":"NO CHANGE"
       ,"Submit when Enter pressed":false
       ,"Disabled":false
      }
     ,"Layout":{
        "Sequence":20
       ,"Region":"Form Items (14902150233830041412)"
       ,"Position":"BODY"
       ,"Alignment":"Left"
       ,"Start New Layout":false
       ,"Start New Row":true
       ,"Column":"Automatic"
       ,"New Column":true
       ,"Column Span":"Automatic"
       ,"Label Column Span":"Page Template Default"
      }
     ,"Appearance":{
        "Template":"Required - Floating (295786634453769843)"
       ,"Template Options":[
          "#DEFAULT#"
        ]
       ,"Width":64
      }
     ,"Validation":{
        "Value Required":true
       ,"Maximum Length":255
      }
     ,"Advanced":{
        "Warn on Unsaved Changes":"Page Default"
      }
     ,"Source":{
        "Type":"Database Column"
       ,"Database Column":"USERNAME"
       ,"Used":"Always, replacing any existing value in session state"
      }
     ,"Session State":{
        "Storage":"Per Session (Persistent)"
      }
     ,"Quick Picks":{
        "Show Quick Picks":false
      }
     ,"Security":{
        "Session State Protection":"Checksum Required - Session Level"
       ,"Store value encrypted in session state":true
       ,"Restricted Characters":"All characters can be saved."
      }
     ,"Help":{
        "Help Text":"The username for this particular user."
      }
    }
   ,{
      "id":"15858113425059107009"
     ,"Identification":{
        "Name":"P58_ACCESS_LEVEL_ID"
       ,"Type":"Radio Group"
      }
     ,"Label":{
        "Label":"Access Level"
       ,"Alignment":"Left"
      }
     ,"Settings":{
        "Number of Columns":3
       ,"Page Action on Selection":"None"
      }
     ,"Layout":{
        "Sequence":30
       ,"Region":"Form Items (14902150233830041412)"
       ,"Position":"BODY"
       ,"Alignment":"Left"
       ,"Start New Layout":false
       ,"Start New Row":true
       ,"Column":"Automatic"
       ,"New Column":true
       ,"Column Span":"Automatic"
       ,"Label Column Span":"Page Template Default"
      }
     ,"Appearance":{
        "Template":"Required - Floating (295786634453769843)"
       ,"Template Options":[
          "#DEFAULT#"
         ,"t-Form-fieldContainer--stretchInputs"
         ,"t-Form-fieldContainer--radioButtonGroup"
        ]
      }
     ,"Validation":{
        "Value Required":true
      }
     ,"List of Values":{
        "Type":"Shared Component"
       ,"List of Values":"ACCESS_LEVELS (15719670033206442554)"
       ,"Display Extra Values":true
       ,"Display Null Value":false
      }
     ,"Advanced":{
        "Warn on Unsaved Changes":"Page Default"
      }
     ,"Source":{
        "Type":"Database Column"
       ,"Database Column":"ACCESS_LEVEL_ID"
       ,"Used":"Always, replacing any existing value in session state"
      }
     ,"Default":{
        "Type":"Static"
       ,"Static Value":"2"
      }
     ,"Session State":{
        "Storage":"Per Session (Persistent)"
      }
     ,"Security":{
        "Session State Protection":"Checksum Required - Session Level"
       ,"Store value encrypted in session state":false
       ,"Escape special characters":true
       ,"Restricted Characters":"All characters can be saved."
      }
     ,"Help":{
        "Help Text":"There are three access levels (Administrator, Contributor, Reader)."
      }
    }
   ,{
      "id":"16006819928414271779"
     ,"Identification":{
        "Name":"P58_ACCOUNT_LOCKED"
       ,"Type":"Switch"
      }
     ,"Label":{
        "Label":"Account Locked"
       ,"Alignment":"Left"
      }
     ,"Settings":{
        "Use Defaults":true
      }
     ,"Layout":{
        "Sequence":40
       ,"Region":"Form Items (14902150233830041412)"
       ,"Position":"BODY"
       ,"Alignment":"Left"
       ,"Start New Layout":false
       ,"Start New Row":false
       ,"Column":"Automatic"
       ,"New Column":true
       ,"Column Span":"Automatic"
       ,"Label Column Span":"Page Template Default"
      }
     ,"Appearance":{
        "Template":"Required - Floating (295786634453769843)"
       ,"Template Options":[
          "#DEFAULT#"
        ]
      }
     ,"Validation":{
        "Value Required":false
      }
     ,"Advanced":{
        "Warn on Unsaved Changes":"Page Default"
      }
     ,"Source":{
        "Type":"Database Column"
       ,"Database Column":"ACCOUNT_LOCKED"
       ,"Used":"Always, replacing any existing value in session state"
      }
     ,"Default":{
        "Type":"Static"
       ,"Static Value":"N"
      }
     ,"Session State":{
        "Storage":"Per Session (Persistent)"
      }
     ,"Server-side Condition":{
        "Type":"Item is NOT NULL"
       ,"Item":"P58_ID"
      }
     ,"Security":{
        "Session State Protection":"Checksum Required - Session Level"
       ,"Store value encrypted in session state":false
       ,"Restricted Characters":"All characters can be saved."
      }
    }
  ]
 ,"Buttons":[
    {
      "id":"15858111626571106995"
     ,"Identification":{
        "Button Name":"CREATE"
       ,"Label":"Add User"
      }
     ,"Layout":{
        "Sequence":40
       ,"Region":"Buttons (1685172791446761248)"
       ,"Position":"NEXT"
       ,"Start New Layout":false
       ,"Start New Row":true
       ,"Column":"Automatic"
       ,"New Column":true
       ,"Column Span":"Automatic"
      }
     ,"Appearance":{
        "Button Template":"Text (14888282487315691892)"
       ,"Hot":true
       ,"Template Options":[
          "#DEFAULT#"
         ,"t-Button--gapLeft"
        ]
      }
     ,"Behavior":{
        "Action":"Submit Page"
       ,"Execute Validations":true
       ,"Warn on Unsaved Changes":"Do Not Check"
       ,"Database Action":"SQL INSERT action"
      }
     ,"Server-side Condition":{
        "Type":"Item is NULL"
       ,"Item":"P58_ID"
      }
    }
   ,{
      "id":"15858111747421106995"
     ,"Identification":{
        "Button Name":"SAVE"
       ,"Label":"Apply Changes"
      }
     ,"Layout":{
        "Sequence":50
       ,"Region":"Buttons (1685172791446761248)"
       ,"Position":"NEXT"
       ,"Start New Layout":false
       ,"Start New Row":true
       ,"Column":"Automatic"
       ,"New Column":true
       ,"Column Span":"Automatic"
      }
     ,"Appearance":{
        "Button Template":"Text (14888282487315691892)"
       ,"Hot":true
       ,"Template Options":[
          "#DEFAULT#"
         ,"t-Button--gapLeft"
        ]
      }
     ,"Behavior":{
        "Action":"Submit Page"
       ,"Execute Validations":true
       ,"Warn on Unsaved Changes":"Do Not Check"
       ,"Database Action":"SQL UPDATE action"
      }
     ,"Server-side Condition":{
        "Type":"Rows returned"
       ,"SQL Query":"select \u0027show\u0027 d\nfrom dual\nwhere :P58_ID is not null\n    and not exists (\n        select null\n        from eba_cust_users\n        where upper(username) = :APP_USER\n            and id = :P58_ID )"
      }
    }
   ,{
      "id":"15858111835814106995"
     ,"Identification":{
        "Button Name":"DELETE"
       ,"Label":"Delete"
      }
     ,"Layout":{
        "Sequence":20
       ,"Region":"Buttons (1685172791446761248)"
       ,"Position":"PREVIOUS"
       ,"Start New Layout":false
       ,"Start New Row":true
       ,"Column":"Automatic"
       ,"New Column":true
       ,"Column Span":"Automatic"
      }
     ,"Appearance":{
        "Button Template":"Text (14888282487315691892)"
       ,"Hot":false
       ,"Template Options":[
          "#DEFAULT#"
         ,"t-Button--danger"
         ,"t-Button--simple"
        ]
      }
     ,"Behavior":{
        "Action":"Redirect to URL"
       ,"Target":"javascript:apex.confirm(htmldb_delete_message,\u0027DELETE\u0027);"
       ,"Execute Validations":false
       ,"Warn on Unsaved Changes":"Do Not Check"
       ,"Database Action":"SQL DELETE action"
      }
     ,"Server-side Condition":{
        "Type":"Rows returned"
       ,"SQL Query":"select \u0027show\u0027 d\nfrom dual\nwhere :P58_ID is not null\n    and not exists (\n        select null\n        from eba_cust_users\n        where upper(username) = :APP_USER\n            and id = :P58_ID )"
      }
    }
   ,{
      "id":"15858112024417106996"
     ,"Identification":{
        "Button Name":"CANCEL"
       ,"Label":"Cancel"
      }
     ,"Layout":{
        "Sequence":10
       ,"Region":"Buttons (1685172791446761248)"
       ,"Position":"PREVIOUS"
       ,"Start New Layout":false
       ,"Start New Row":true
       ,"Column":"Automatic"
       ,"New Column":true
       ,"Column Span":"Automatic"
      }
     ,"Appearance":{
        "Button Template":"Text (14888282487315691892)"
       ,"Hot":false
       ,"Template Options":[
          "#DEFAULT#"
        ]
      }
     ,"Behavior":{
        "Action":"Defined by Dynamic Action"
       ,"Execute Validations":true
      }
    }
   ,{
      "id":"16033130838742157356"
     ,"Identification":{
        "Button Name":"CREATE_AGAIN"
       ,"Label":"Add and Add Another"
      }
     ,"Layout":{
        "Sequence":30
       ,"Region":"Buttons (1685172791446761248)"
       ,"Position":"NEXT"
       ,"Start New Layout":false
       ,"Start New Row":true
       ,"Column":"Automatic"
       ,"New Column":true
       ,"Column Span":"Automatic"
      }
     ,"Appearance":{
        "Button Template":"Text (14888282487315691892)"
       ,"Hot":false
       ,"Template Options":[
          "#DEFAULT#"
        ]
      }
     ,"Behavior":{
        "Action":"Submit Page"
       ,"Execute Validations":true
       ,"Warn on Unsaved Changes":"Do Not Check"
      }
     ,"Server-side Condition":{
        "Type":"Item is NULL"
       ,"Item":"P58_ID"
      }
    }
  ]
 ,"Dynamic Actions":[
    {
      "id":"1685172585783761246"
     ,"Identification":{
        "Name":"Cancel Dialog"
      }
     ,"Execution":{
        "Sequence":10
      }
     ,"When":{
        "Event":"EVENT.EVENT.BROWSER.CLICK"
       ,"Selection Type":"Button"
       ,"Button":"CANCEL (15858112024417106996)"
      }
     ,"Execution":{
        "Event Scope":"Static"
       ,"Type":"Immediate"
      }
     ,"Actions":[
        {
          "id":"1685172881926761249"
         ,"Identification":{
            "Action":"Cancel Dialog"
          }
         ,"Execution":{
            "Sequence":10
           ,"Event":"Cancel Dialog (1685172585783761246)"
           ,"Fire When Event Result Is":"True"
           ,"Fire on Initialization":false
          }
        }
      ]
    }
  ]
 ,"Validations":[
    {
      "id":"14944714028280300928"
     ,"Identification":{
        "Name":"P58_USERNAME Email Username is valid"
      }
     ,"Execution":{
        "Sequence":40
      }
     ,"Validation":{
        "Type":"Item matches Regular Expression"
       ,"Item":"P58_USERNAME"
       ,"Regular Expression":"^[-!#$%\u0026\u0027\u0027\u0027\u0027*+\/0-9=?A-Z^_a-z{|}~](\u005C.?[-!#$%\u0026\u0027\u0027\u0027\u0027*+\/0-9=?A-Z^_a-z{|}~])*@(-?[a-zA-Z0-9+])+(\u005C.(-?[a-zA-Z0-9+])*)+$"
       ,"Always Execute":false
      }
     ,"Error":{
        "Error Message":"Username is not in a valid email address format. Please note the application\u0027s username format below."
       ,"Display Location":"Inline with Field and in Notification"
       ,"Associated Item":"P58_USERNAME (15858113040937107007)"
      }
     ,"Server-side Condition":{
        "Type":"Expression"
       ,"Language":"PL\/SQL"
       ,"PL\/SQL Expression":"eba_cust_fw.get_preference_value (\u0027USERNAME_FORMAT\u0027) = \u0027EMAIL\u0027"
      }
    }
   ,{
      "id":"16630535543315463896"
     ,"Identification":{
        "Name":"cannot update yourself"
      }
     ,"Execution":{
        "Sequence":30
      }
     ,"Validation":{
        "Type":"No Rows returned"
       ,"SQL Query":"select 1\n  from eba_cust_users\n where upper(username) = :APP_USER\n   and id = :P58_ID"
       ,"Always Execute":false
      }
     ,"Error":{
        "Error Message":"You cannot update your own record."
       ,"Display Location":"Inline in Notification"
      }
     ,"Server-side Condition":{
        "When Button Pressed":"SAVE (15858111747421106995)"
      }
    }
  ]
 ,"Computations":[
    {
      "id":"14809983137346111098"
     ,"Identification":{
        "Item Name":"P58_USERNAME"
      }
     ,"Execution":{
        "Sequence":10
       ,"Point":"After Submit"
      }
     ,"Computation":{
        "Type":"Expression"
       ,"Language":"PL\/SQL"
       ,"PL\/SQL Expression":"trim(:P58_USERNAME)"
      }
    }
   ,{
      "id":"14944712728089270620"
     ,"Identification":{
        "Item Name":"LAST_VIEW"
      }
     ,"Execution":{
        "Sequence":20
       ,"Point":"Before Header"
      }
     ,"Computation":{
        "Type":"Static Value"
       ,"Static Value":"\u0026APP_PAGE_ID."
      }
    }
  ]
 ,"Processes":[
    {
      "id":"1685172507951761245"
     ,"Identification":{
        "Name":"Close Dialog"
       ,"Type":"Close Dialog"
       ,"Execution Chain":"None"
      }
     ,"Execution":{
        "Sequence":40
       ,"Point":"Processing"
       ,"Run Process":"Once Per Page Visit (default)"
      }
     ,"Error":{
        "Display Location":"Inline in Notification"
      }
     ,"Server-side Condition":{
        "Type":"Request != Value"
       ,"Value":"CREATE_AGAIN"
      }
    }
   ,{
      "id":"15858115434021107016"
     ,"Identification":{
        "Name":"Fetch Row from EBA_CUST_USERS"
       ,"Type":"Automatic Row Fetch [Legacy]"
       ,"Execution Chain":"None"
      }
     ,"Settings":{
        "Table Owner":"PARSING SCHEMA"
       ,"Table Name":"EBA_CUST_USERS"
       ,"Primary Key Column ":"ID"
       ,"Primary Key Item":"P58_ID"
       ,"Row Version Column":"ROW_VERSION"
      }
     ,"Execution":{
        "Sequence":10
       ,"Point":"After Header"
       ,"Run Process":"Once Per Page Visit (default)"
      }
    }
   ,{
      "id":"15858115626982107017"
     ,"Identification":{
        "Name":"Process Row of EBA_CUST_USERS"
       ,"Type":"Automatic Row Processing (DML) [Legacy]"
       ,"Execution Chain":"None"
      }
     ,"Settings":{
        "Table Owner":"PARSING SCHEMA"
       ,"Table Name":"EBA_CUST_USERS"
       ,"Primary Key Column ":"ID"
       ,"Primary Key Item":"P58_ID"
       ,"Row Version Column":"ROW_VERSION"
       ,"Lock Row":true
       ,"Supported Operations":"I:U:D"
      }
     ,"Execution":{
        "Sequence":20
       ,"Point":"Processing"
       ,"Run Process":"Once Per Page Visit (default)"
      }
     ,"Success Message":{
        "Success Message":"Action Processed."
      }
     ,"Error":{
        "Display Location":"Inline in Notification"
      }
    }
   ,{
      "id":"15858115834546107017"
     ,"Identification":{
        "Name":"reset page"
       ,"Type":"Clear Session State"
       ,"Execution Chain":"None"
      }
     ,"Settings":{
        "Type":"Clear all Items on the Current Page"
      }
     ,"Execution":{
        "Sequence":30
       ,"Point":"Processing"
       ,"Run Process":"Once Per Page Visit (default)"
      }
     ,"Error":{
        "Display Location":"Inline in Notification"
      }
     ,"Server-side Condition":{
        "When Button Pressed":"DELETE (15858111835814106995)"
      }
    }
  ]
}
