{
  "id":"34"
 ,"Identification":{
    "Name":"Notifications"
   ,"Alias":"NOTIFICATIONS"
   ,"Title":"Notifications"
   ,"Page Group":"Administration (14749179244941290086)"
  }
 ,"Appearance":{
    "Page Mode":"Modal Dialog"
   ,"Dialog Template":"Theme Default"
   ,"Template Options":[
      "#DEFAULT#"
     ,"ui-dialog--stretch"
     ,"t-Dialog--noPadding"
    ]
  }
 ,"Dialog":{
    "Chained":true
  }
 ,"Navigation Menu":{
    "Override User Interface Level":false
  }
 ,"Navigation":{
    "Cursor Focus":"First item on page"
   ,"Warn on Unsaved Changes":false
  }
 ,"Security":{
    "Authorization Scheme":"ADMINISTRATION RIGHTS (15704753031447651527)"
   ,"Authentication":"Page Requires Authentication"
   ,"Deep Linking":"Application Default"
   ,"Page Access Protection":"Arguments Must Have Checksum"
   ,"Form Auto Complete":"On"
   ,"Browser Cache":"Application Default"
  }
 ,"Session Management":{
    "Rejoin Sessions":"Application Default"
  }
 ,"Advanced":{
    "Enable duplicate page submissions":"Yes - Enable page to be re-posted"
   ,"Reload on Submit":"Always"
  }
 ,"Server Cache":{
    "Caching":"Disabled"
  }
 ,"Help":{
    "Help Text":"Application notifications allow administrators of this application to display messages on the home page of this application.  Use these notifications to alert users of relevant information. Click the \u003Cstrong\u003EReset\u003C\/strong\u003E button to reset the interactive report. Click the \u003Cstrong\u003ECreate Notification\u003C\/strong\u003E button to create a new notification. Click the \u003Cstrong\u003EActions\u003C\/strong\u003E button to define the number of rows displayed per page, filter, format, download, and\/or save the interactive report."
  }
 ,"Regions":[
    {
      "id":"16375627429332784532"
     ,"Identification":{
        "Title":"Notifications"
       ,"Type":"Interactive Report"
      }
     ,"Source":{
        "Location":"Local Database"
       ,"Type":"SQL Query"
       ,"SQL Query":"select id,\n    row_version_number,\n    notification_name,\n    notification_description,\n    notification_type,\n    display_sequence,\n    display_from,\n    display_until,\n    created_by,\n    created,\n    updated_by,\n    updated\nfrom eba_cust_notifications"
      }
     ,"Layout":{
        "Sequence":20
       ,"Parent Region":"No Parent"
       ,"Position":"BODY"
       ,"Start New Layout":false
       ,"Start New Row":true
       ,"Column":"Automatic"
       ,"New Column":true
       ,"Column Span":"Automatic"
      }
     ,"Appearance":{
        "Template":"Interactive Report (14888264240956691843)"
       ,"Template Options":[
          "#DEFAULT#"
         ,"t-IRR-region--noBorders"
        ]
       ,"Render Components":"Above Content"
      }
     ,"Accessibility":{
        "Use Landmark":true
       ,"Landmark Type":"Template Default"
      }
     ,"Advanced":{
        "Region Display Selector":false
       ,"Exclude Title from Translation":false
      }
     ,"Server Cache":{
        "Caching":"Disabled"
      }
     ,"Customization":{
        "Customizable":"Not Customizable By End Users"
      }
     ,"Attributes":{
        "id":"16375627626379784532"
       ,"Link":{
          "Link Column":"Exclude Link Column"
        }
       ,"Appearance":{
          "Show Null Values as":"-"
        }
       ,"Pagination":{
          "Type":"Row Ranges X to Y"
         ,"Display Position":"Bottom - Right"
        }
       ,"Performance":{
          "Lazy Loading":false
         ,"Maximum Rows to Process":100000
        }
       ,"Messages":{
          "When No Data Found":"No notifications found."
         ,"When More Data Found":"This query returns more than #MAX_ROW_COUNT# rows, please filter your data to ensure complete results."
        }
       ,"Search Bar":{
          "Include Search Bar":true
         ,"Search Field":true
         ,"Finder Drop Down":true
         ,"Reports Select List":true
         ,"Rows Per Page Selector":false
        }
       ,"Actions Menu":{
          "Include Actions Menu":true
         ,"Filter":true
         ,"Select Columns":true
         ,"Rows Per Page":true
         ,"Sort":true
         ,"Control Break":true
         ,"Highlight":true
         ,"Compute":true
         ,"Aggregate":true
         ,"Chart":true
         ,"Group By":true
         ,"Pivot":true
         ,"Flashback":true
         ,"Save Report":true
         ,"Save Public Report":true
         ,"Reset":true
         ,"Help":true
         ,"Download":true
         ,"Subscription":true
        }
       ,"Download":{
          "Formats":[
            "CSV"
           ,"HTML"
          ]
         ,"Send as Email":true
        }
       ,"Heading":{
          "Fixed To":"Page"
        }
       ,"Icon View":{
          "Show":false
        }
       ,"Detail View":{
          "Show":false
        }
       ,"Saved Reports":[
          {
            "id":"16375628923751784543"
           ,"Identification":{
              "Name":"Primary Report"
             ,"Alias":"22811188"
            }
          }
        ]
       ,"Columns":[
          {
            "id":"16375627737301784537"
           ,"Identification":{
              "Column Name":"ID"
             ,"Type":"Plain Text"
            }
           ,"Heading":{
              "Heading":"Id"
             ,"Alignment":"end"
            }
           ,"Single Row View":{
              "Use Column Heading":true
            }
           ,"Layout":{
              "Sequence":1
             ,"Column Alignment":"end"
            }
           ,"Accessibility":{
              "Value Identifies Row":false
            }
           ,"Source":{
              "Primary Key":false
            }
           ,"Column Filter":{
              "Type":"Default Based on Column Type"
            }
           ,"Enable Users To":{
              "Hide":true
             ,"Sort":true
             ,"Filter":true
             ,"Highlight":true
             ,"Control Break":true
             ,"Aggregate":true
             ,"Compute":true
             ,"Chart":true
             ,"Group By":true
             ,"Pivot":true
            }
           ,"Security":{
              "Escape special characters":true
            }
          }
         ,{
            "id":"16375627834474784542"
           ,"Identification":{
              "Column Name":"ROW_VERSION_NUMBER"
             ,"Type":"Plain Text"
            }
           ,"Heading":{
              "Heading":"Row Version"
             ,"Alignment":"end"
            }
           ,"Single Row View":{
              "Use Column Heading":true
            }
           ,"Layout":{
              "Sequence":2
             ,"Column Alignment":"end"
            }
           ,"Accessibility":{
              "Value Identifies Row":false
            }
           ,"Source":{
              "Primary Key":false
            }
           ,"Column Filter":{
              "Type":"Default Based on Column Type"
            }
           ,"Enable Users To":{
              "Hide":true
             ,"Sort":true
             ,"Filter":true
             ,"Highlight":true
             ,"Control Break":true
             ,"Aggregate":true
             ,"Compute":true
             ,"Chart":true
             ,"Group By":true
             ,"Pivot":true
            }
           ,"Security":{
              "Escape special characters":true
            }
          }
         ,{
            "id":"16375627923624784542"
           ,"Identification":{
              "Column Name":"NOTIFICATION_NAME"
             ,"Type":"Link"
            }
           ,"Heading":{
              "Heading":"Notification"
             ,"Alignment":"start"
            }
           ,"Single Row View":{
              "Use Column Heading":true
            }
           ,"Layout":{
              "Sequence":3
             ,"Column Alignment":"start"
            }
           ,"Accessibility":{
              "Value Identifies Row":false
            }
           ,"Link":{
              "Target":{
                "url":"f?p=\u0026APP_ID.:36:\u0026SESSION.::\u0026DEBUG.:RP,36:P36_ID:#ID#"
               ,"Page":"36"
               ,"Clear Cache":"RP,36"
               ,"Values":{
                  "P36_ID":"#ID#"
                }
              }
             ,"Link Text":"#NOTIFICATION_NAME#"
            }
           ,"Source":{
              "Primary Key":false
            }
           ,"Column Filter":{
              "Type":"Default Based on Column Type"
            }
           ,"Enable Users To":{
              "Hide":true
             ,"Sort":true
             ,"Filter":true
             ,"Highlight":true
             ,"Control Break":true
             ,"Aggregate":true
             ,"Compute":true
             ,"Chart":true
             ,"Group By":true
             ,"Pivot":true
            }
           ,"Security":{
              "Escape special characters":true
            }
          }
         ,{
            "id":"16375628039374784542"
           ,"Identification":{
              "Column Name":"NOTIFICATION_DESCRIPTION"
             ,"Type":"Plain Text"
            }
           ,"Heading":{
              "Heading":"Description"
             ,"Alignment":"start"
            }
           ,"Single Row View":{
              "Use Column Heading":true
            }
           ,"Layout":{
              "Sequence":4
             ,"Column Alignment":"start"
            }
           ,"Accessibility":{
              "Value Identifies Row":false
            }
           ,"Source":{
              "Primary Key":false
            }
           ,"Column Filter":{
              "Type":"Default Based on Column Type"
            }
           ,"Enable Users To":{
              "Hide":true
             ,"Sort":true
             ,"Filter":true
             ,"Highlight":true
             ,"Control Break":true
             ,"Aggregate":true
             ,"Compute":true
             ,"Chart":true
             ,"Group By":true
             ,"Pivot":true
            }
           ,"Security":{
              "Escape special characters":true
            }
          }
         ,{
            "id":"16375628132865784542"
           ,"Identification":{
              "Column Name":"NOTIFICATION_TYPE"
             ,"Type":"Plain Text"
            }
           ,"Heading":{
              "Heading":"Type"
             ,"Alignment":"start"
            }
           ,"Single Row View":{
              "Use Column Heading":true
            }
           ,"Layout":{
              "Sequence":5
             ,"Column Alignment":"start"
            }
           ,"Accessibility":{
              "Value Identifies Row":false
            }
           ,"Source":{
              "Primary Key":false
            }
           ,"Column Filter":{
              "Type":"Default Based on Column Type"
            }
           ,"Enable Users To":{
              "Hide":true
             ,"Sort":true
             ,"Filter":true
             ,"Highlight":true
             ,"Control Break":true
             ,"Aggregate":true
             ,"Compute":true
             ,"Chart":true
             ,"Group By":true
             ,"Pivot":true
            }
           ,"Security":{
              "Escape special characters":true
            }
          }
         ,{
            "id":"16375628245795784542"
           ,"Identification":{
              "Column Name":"DISPLAY_SEQUENCE"
             ,"Type":"Plain Text"
            }
           ,"Heading":{
              "Heading":"Display Sequence"
             ,"Alignment":"end"
            }
           ,"Single Row View":{
              "Use Column Heading":true
            }
           ,"Layout":{
              "Sequence":6
             ,"Column Alignment":"end"
            }
           ,"Accessibility":{
              "Value Identifies Row":false
            }
           ,"Source":{
              "Primary Key":false
            }
           ,"Column Filter":{
              "Type":"Default Based on Column Type"
            }
           ,"Enable Users To":{
              "Hide":true
             ,"Sort":true
             ,"Filter":true
             ,"Highlight":true
             ,"Control Break":true
             ,"Aggregate":true
             ,"Compute":true
             ,"Chart":true
             ,"Group By":true
             ,"Pivot":true
            }
           ,"Security":{
              "Escape special characters":true
            }
          }
         ,{
            "id":"16375628317427784542"
           ,"Identification":{
              "Column Name":"DISPLAY_FROM"
             ,"Type":"Plain Text"
            }
           ,"Heading":{
              "Heading":"Display From"
             ,"Alignment":"start"
            }
           ,"Single Row View":{
              "Use Column Heading":true
            }
           ,"Layout":{
              "Sequence":7
             ,"Column Alignment":"start"
            }
           ,"Accessibility":{
              "Value Identifies Row":false
            }
           ,"Appearance":{
              "Format Mask":"fmDay, fmDD fmMonth, YYYY"
            }
           ,"Source":{
              "Primary Key":false
            }
           ,"Column Filter":{
              "Type":"Default Based on Column Type"
             ,"Date Ranges":"All"
            }
           ,"Enable Users To":{
              "Hide":true
             ,"Sort":true
             ,"Filter":true
             ,"Highlight":true
             ,"Control Break":true
             ,"Aggregate":true
             ,"Compute":true
             ,"Chart":true
             ,"Group By":true
             ,"Pivot":true
            }
           ,"Security":{
              "Escape special characters":true
            }
          }
         ,{
            "id":"16375628429416784542"
           ,"Identification":{
              "Column Name":"DISPLAY_UNTIL"
             ,"Type":"Plain Text"
            }
           ,"Heading":{
              "Heading":"Display Until"
             ,"Alignment":"start"
            }
           ,"Single Row View":{
              "Use Column Heading":true
            }
           ,"Layout":{
              "Sequence":8
             ,"Column Alignment":"start"
            }
           ,"Accessibility":{
              "Value Identifies Row":false
            }
           ,"Appearance":{
              "Format Mask":"fmDay, fmDD fmMonth, YYYY"
            }
           ,"Source":{
              "Primary Key":false
            }
           ,"Column Filter":{
              "Type":"Default Based on Column Type"
             ,"Date Ranges":"All"
            }
           ,"Enable Users To":{
              "Hide":true
             ,"Sort":true
             ,"Filter":true
             ,"Highlight":true
             ,"Control Break":true
             ,"Aggregate":true
             ,"Compute":true
             ,"Chart":true
             ,"Group By":true
             ,"Pivot":true
            }
           ,"Security":{
              "Escape special characters":true
            }
          }
         ,{
            "id":"16375628517340784542"
           ,"Identification":{
              "Column Name":"CREATED_BY"
             ,"Type":"Plain Text"
            }
           ,"Heading":{
              "Heading":"Created By"
             ,"Alignment":"start"
            }
           ,"Single Row View":{
              "Use Column Heading":true
            }
           ,"Layout":{
              "Sequence":9
             ,"Column Alignment":"start"
            }
           ,"Accessibility":{
              "Value Identifies Row":false
            }
           ,"Source":{
              "Primary Key":false
            }
           ,"Column Filter":{
              "Type":"Default Based on Column Type"
            }
           ,"Enable Users To":{
              "Hide":true
             ,"Sort":true
             ,"Filter":true
             ,"Highlight":true
             ,"Control Break":true
             ,"Aggregate":true
             ,"Compute":true
             ,"Chart":true
             ,"Group By":true
             ,"Pivot":true
            }
           ,"Security":{
              "Escape special characters":true
            }
          }
         ,{
            "id":"16375628632560784542"
           ,"Identification":{
              "Column Name":"CREATED"
             ,"Type":"Plain Text"
            }
           ,"Heading":{
              "Heading":"Created"
             ,"Alignment":"start"
            }
           ,"Single Row View":{
              "Use Column Heading":true
            }
           ,"Layout":{
              "Sequence":10
             ,"Column Alignment":"start"
            }
           ,"Accessibility":{
              "Value Identifies Row":false
            }
           ,"Appearance":{
              "Format Mask":"SINCE"
            }
           ,"Source":{
              "Primary Key":false
            }
           ,"Column Filter":{
              "Type":"Default Based on Column Type"
             ,"Date Ranges":"All"
            }
           ,"Enable Users To":{
              "Hide":true
             ,"Sort":true
             ,"Filter":true
             ,"Highlight":true
             ,"Control Break":true
             ,"Aggregate":true
             ,"Compute":true
             ,"Chart":true
             ,"Group By":true
             ,"Pivot":true
            }
           ,"Security":{
              "Escape special characters":true
            }
          }
         ,{
            "id":"16375628745076784542"
           ,"Identification":{
              "Column Name":"UPDATED_BY"
             ,"Type":"Plain Text"
            }
           ,"Heading":{
              "Heading":"Updated By"
             ,"Alignment":"start"
            }
           ,"Single Row View":{
              "Use Column Heading":true
            }
           ,"Layout":{
              "Sequence":11
             ,"Column Alignment":"start"
            }
           ,"Accessibility":{
              "Value Identifies Row":false
            }
           ,"Source":{
              "Primary Key":false
            }
           ,"Column Filter":{
              "Type":"Default Based on Column Type"
            }
           ,"Enable Users To":{
              "Hide":true
             ,"Sort":true
             ,"Filter":true
             ,"Highlight":true
             ,"Control Break":true
             ,"Aggregate":true
             ,"Compute":true
             ,"Chart":true
             ,"Group By":true
             ,"Pivot":true
            }
           ,"Security":{
              "Escape special characters":true
            }
          }
         ,{
            "id":"16375628843460784542"
           ,"Identification":{
              "Column Name":"UPDATED"
             ,"Type":"Plain Text"
            }
           ,"Heading":{
              "Heading":"Updated"
             ,"Alignment":"start"
            }
           ,"Single Row View":{
              "Use Column Heading":true
            }
           ,"Layout":{
              "Sequence":12
             ,"Column Alignment":"start"
            }
           ,"Accessibility":{
              "Value Identifies Row":false
            }
           ,"Appearance":{
              "Format Mask":"SINCE"
            }
           ,"Source":{
              "Primary Key":false
            }
           ,"Column Filter":{
              "Type":"Default Based on Column Type"
             ,"Date Ranges":"All"
            }
           ,"Enable Users To":{
              "Hide":true
             ,"Sort":true
             ,"Filter":true
             ,"Highlight":true
             ,"Control Break":true
             ,"Aggregate":true
             ,"Compute":true
             ,"Chart":true
             ,"Group By":true
             ,"Pivot":true
            }
           ,"Security":{
              "Escape special characters":true
            }
          }
        ]
      }
    }
  ]
 ,"Buttons":[
    {
      "id":"14902150329748041413"
     ,"Identification":{
        "Button Name":"RESET"
       ,"Label":"Reset"
      }
     ,"Layout":{
        "Sequence":20
       ,"Region":"Notifications (16375627429332784532)"
       ,"Position":"RIGHT_OF_IR_SEARCH_BAR"
       ,"Start New Layout":false
       ,"Start New Row":true
       ,"Column":"Automatic"
       ,"New Column":true
       ,"Column Span":"Automatic"
      }
     ,"Appearance":{
        "Button Template":"Icon (14888281684153691889)"
       ,"Hot":false
       ,"Template Options":[
          "#DEFAULT#"
        ]
       ,"Icon":"fa-undo-alt"
      }
     ,"Behavior":{
        "Action":"Submit Page"
       ,"Execute Validations":true
       ,"Warn on Unsaved Changes":"Do Not Check"
      }
    }
   ,{
      "id":"16375629137491784545"
     ,"Identification":{
        "Button Name":"CREATE"
       ,"Label":"Create Notification"
      }
     ,"Layout":{
        "Sequence":30
       ,"Region":"Notifications (16375627429332784532)"
       ,"Position":"RIGHT_OF_IR_SEARCH_BAR"
       ,"Start New Layout":false
       ,"Start New Row":true
       ,"Column":"Automatic"
       ,"New Column":true
       ,"Column Span":"Automatic"
      }
     ,"Appearance":{
        "Button Template":"Text (14888282487315691892)"
       ,"Hot":true
       ,"Template Options":[
          "#DEFAULT#"
        ]
      }
     ,"Behavior":{
        "Action":"Redirect to Page in this Application"
       ,"Target":{
          "url":"f?p=\u0026APP_ID.:36:\u0026SESSION.::\u0026DEBUG.:36::"
         ,"Page":"36"
         ,"Clear Cache":"36"
        }
       ,"Warn on Unsaved Changes":"Do Not Check"
      }
    }
  ]
 ,"Dynamic Actions":[
    {
      "id":"1685310138766282475"
     ,"Identification":{
        "Name":"Refresh Report"
      }
     ,"Execution":{
        "Sequence":10
      }
     ,"When":{
        "Event":"EVENT.EVENT.FAMEWORK.APEXAFTERCLOSEDIALOG"
       ,"Selection Type":"JavaScript Expression"
       ,"JavaScript Expression":"window"
      }
     ,"Execution":{
        "Event Scope":"Static"
       ,"Type":"Immediate"
      }
     ,"Actions":[
        {
          "id":"1685310565063282484"
         ,"Identification":{
            "Action":"Refresh"
          }
         ,"Affected Elements":{
            "Selection Type":"Region"
           ,"Region":"Notifications (16375627429332784532)"
          }
         ,"Execution":{
            "Sequence":10
           ,"Event":"Refresh Report (1685310138766282475)"
           ,"Fire When Event Result Is":"True"
           ,"Fire on Initialization":false
          }
        }
       ,{
          "id":"1685311073007282485"
         ,"Identification":{
            "Action":"Execute JavaScript Code"
          }
         ,"Settings":{
            "Code":"apex.message.showPageSuccess(\u0027Action Processed.\u0027);"
          }
         ,"Execution":{
            "Sequence":20
           ,"Event":"Refresh Report (1685310138766282475)"
           ,"Fire When Event Result Is":"True"
           ,"Fire on Initialization":false
          }
        }
      ]
    }
  ]
}
