{
  "id":"62"
 ,"Identification":{
    "Name":"Data Validation"
   ,"Alias":"DATA-VALIDATION"
   ,"Title":"Data Validation"
   ,"Page Group":"Contacts (14749179925332293830)"
  }
 ,"Appearance":{
    "Page Mode":"Normal"
   ,"Page Template":"Standard (14888221571271691783)"
   ,"Template Options":[
      "#DEFAULT#"
    ]
  }
 ,"Navigation Menu":{
    "Override User Interface Level":false
  }
 ,"Navigation":{
    "Cursor Focus":"Do not focus cursor"
   ,"Warn on Unsaved Changes":false
  }
 ,"Security":{
    "Authorization Scheme":"CONTRIBUTION RIGHTS (15995681224497193873)"
   ,"Authentication":"Page Requires Authentication"
   ,"Deep Linking":"Application Default"
   ,"Page Access Protection":"Arguments Must Have Checksum"
   ,"Form Auto Complete":"On"
   ,"Browser Cache":"Application Default"
  }
 ,"Session Management":{
    "Rejoin Sessions":"Application Default"
  }
 ,"Advanced":{
    "Enable duplicate page submissions":"Yes - Enable page to be re-posted"
   ,"Reload on Submit":"Always"
  }
 ,"Server Cache":{
    "Caching":"Disabled"
  }
 ,"Help":{
    "Help Text":"No help is available for this page."
  }
 ,"Regions":[
    {
      "id":"15916764324507932180"
     ,"Identification":{
        "Title":"Breadcrumb"
       ,"Type":"Breadcrumb"
      }
     ,"Source":{
        "Breadcrumb":"Breadcrumb (17869143586620226407)"
      }
     ,"Layout":{
        "Sequence":10
       ,"Parent Region":"No Parent"
       ,"Position":"REGION_POSITION_01"
       ,"Start New Layout":false
       ,"Start New Row":true
       ,"Column":"Automatic"
       ,"New Column":true
       ,"Column Span":"Automatic"
      }
     ,"Appearance":{
        "Template":"Title Bar (14888267217215691848)"
       ,"Template Options":[
          "#DEFAULT#"
         ,"t-BreadcrumbRegion--useBreadcrumbTitle"
        ]
       ,"Render Components":"Above Content"
      }
     ,"Accessibility":{
        "Use Landmark":true
       ,"Landmark Type":"Template Default"
      }
     ,"Advanced":{
        "Region Display Selector":false
       ,"Exclude Title from Translation":false
      }
     ,"Server Cache":{
        "Caching":"Disabled"
      }
     ,"Customization":{
        "Customizable":"Not Customizable By End Users"
      }
     ,"Attributes":{
        "Appearance":{
          "Breadcrumb Template":"Breadcrumb (14888282717314691893)"
         ,"Template Options":[
            "#DEFAULT#"
          ]
        }
      }
    }
   ,{
      "id":"15916764737167932180"
     ,"Identification":{
        "Title":"Data Load Process Train"
       ,"Type":"List"
      }
     ,"Source":{
        "List":"Data Load Process Train - contacts (15916752444946932145)"
      }
     ,"Layout":{
        "Sequence":20
       ,"Parent Region":"No Parent"
       ,"Position":"BODY"
       ,"Start New Layout":false
       ,"Start New Row":true
       ,"Column":"Automatic"
       ,"New Column":false
       ,"Column Span":"Automatic"
      }
     ,"Appearance":{
        "Template":"Wizard Container (14888267911512691851)"
       ,"Template Options":[
          "#DEFAULT#"
         ,"t-Wizard--hideStepsSmall"
        ]
       ,"Render Components":"Above Content"
      }
     ,"Accessibility":{
        "Use Landmark":true
       ,"Landmark Type":"Template Default"
      }
     ,"Advanced":{
        "Region Display Selector":false
       ,"Exclude Title from Translation":true
      }
     ,"Server Cache":{
        "Caching":"Disabled"
      }
     ,"Customization":{
        "Customizable":"Not Customizable By End Users"
      }
     ,"Attributes":{
        "Appearance":{
          "List Template":"Wizard Progress (14888280721200691884)"
         ,"Template Options":[
            "#DEFAULT#"
           ,"t-WizardSteps--displayLabels"
          ]
        }
      }
    }
   ,{
      "id":"15916764830162932180"
     ,"Identification":{
        "Title":"Data Validation"
       ,"Type":"Classic Report"
      }
     ,"Source":{
        "Location":"Local Database"
       ,"Type":"SQL Query"
       ,"SQL Query":"select n001 as row_num,\n       c049 as action,\n       c001, c002, c003,\n       c004, c005, c006,\n       c007, c008, c009,\n       c010, c011, c012,\n       c013, c014, c015,\n       c016, c017, c018,\n       c019, c020, c021,\n       c022, c023, c024,\n       c025, c026, c027,\n       c028, c029, c030,\n       c031, c032, c033,\n       c034, c035, c036,\n       c037, c038, c040,\n       c041, c042, c043,\n       c044, c045\n  from apex_collections\n where collection_name = \u0027LOAD_CONTENT\u0027\n   and c049 in (\u0027INSERT\u0027,\u0027UPDATE\u0027, \u0027FAILED\u0027)\n order by seq_id"
      }
     ,"Layout":{
        "Sequence":20
       ,"Parent Region":"Data Load Process Train (15916764737167932180)"
       ,"Position":"SUB_REGIONS"
       ,"Start New Layout":false
       ,"Start New Row":true
       ,"Column":"Automatic"
       ,"New Column":false
       ,"Column Span":"Automatic"
      }
     ,"Appearance":{
        "Template":"Blank with Attributes (14888250988334691823)"
       ,"Template Options":[
          "#DEFAULT#"
        ]
       ,"Render Components":"Above Content"
      }
     ,"Accessibility":{
        "Use Landmark":true
       ,"Landmark Type":"Template Default"
      }
     ,"Advanced":{
        "Custom Attributes":[
          "style=\"width:100%;max-width:none;\""
         ,null
        ]
       ,"Region Display Selector":false
       ,"Exclude Title from Translation":false
      }
     ,"Server Cache":{
        "Caching":"Disabled"
      }
     ,"Customization":{
        "Customizable":"Not Customizable By End Users"
      }
     ,"Attributes":{
        "Layout":{
          "Number of Rows Type":"Static Value"
         ,"Number of Rows":15
        }
       ,"Appearance":{
          "Template Type":"Predefined"
         ,"Template":"HTML (standard)"
        }
       ,"Pagination":{
          "Type":"Row Ranges 1-15 16-30 in select list (with pagination)"
         ,"Display Position":"Bottom - Right"
         ,"Partial Page Refresh":false
        }
       ,"Performance":{
          "Maximum Rows to Process":500
        }
       ,"Messages":{
          "When No Data Found":"no data found"
        }
       ,"Break Formatting":{
          "Break Columns":"No Break"
        }
       ,"Advanced":{
          "Strip HTML":true
         ,"Sort Nulls":"Last"
        }
       ,"Heading":{
          "Type":"PL\/SQL Function Body"
         ,"PL\/SQL Function Body":"declare  \n    l_string varchar(32667);\nbegin\n    l_string := wwv_flow_lang.system_message(\u0027DATA_LOAD.SEQUENCE_ACTION\u0027);\n    for l_heading in ( select c002 as label\n                         from apex_collections\n                        where collection_name = \u0027LOAD_COL_HEAD\u0027\n                        order by seq_id )\n    loop\n        l_string := l_string || \u0027:\u0027 || apex_escape.html(l_heading.label);\n    end loop;\n    return l_string;\nend;"
        }
       ,"Download":{
          "CSV Export Enabled":false
        }
       ,"Printing":{
          "Enabled":false
        }
      }
     ,"Columns":[
        {
          "id":"15916765130270932185"
         ,"Identification":{
            "Column Name":"ROW_NUM"
           ,"Type":"Plain Text"
          }
         ,"Heading":{
            "Heading":"ROW_NUM"
           ,"Alignment":"start"
          }
         ,"Layout":{
            "Sequence":1
           ,"Column Alignment":"start"
          }
         ,"Accessibility":{
            "Value Identifies Row":false
          }
         ,"Sorting":{
            "Sortable":false
          }
         ,"Export \/ Printing":{
            "Include In Export \/ Print":true
          }
         ,"Advanced":{
            "Compute Sum":false
          }
         ,"UI Defaults Reference":{
            "Table Owner":"Parsing Schema"
          }
         ,"Security":{
            "Escape special characters":true
          }
        }
       ,{
          "id":"15916765242568932185"
         ,"Identification":{
            "Column Name":"ACTION"
           ,"Type":"Plain Text"
          }
         ,"Heading":{
            "Heading":"ACTION"
           ,"Alignment":"start"
          }
         ,"Layout":{
            "Sequence":2
           ,"Column Alignment":"start"
          }
         ,"Accessibility":{
            "Value Identifies Row":false
          }
         ,"Sorting":{
            "Sortable":false
          }
         ,"Export \/ Printing":{
            "Include In Export \/ Print":true
          }
         ,"Advanced":{
            "Compute Sum":false
          }
         ,"UI Defaults Reference":{
            "Table Owner":"Parsing Schema"
          }
         ,"Security":{
            "Escape special characters":true
          }
        }
       ,{
          "id":"15916765333118932185"
         ,"Identification":{
            "Column Name":"C001"
           ,"Type":"Plain Text"
          }
         ,"Heading":{
            "Heading":"C001"
           ,"Alignment":"start"
          }
         ,"Layout":{
            "Sequence":3
           ,"Column Alignment":"start"
          }
         ,"Accessibility":{
            "Value Identifies Row":false
          }
         ,"Sorting":{
            "Sortable":false
          }
         ,"Export \/ Printing":{
            "Include In Export \/ Print":true
          }
         ,"Advanced":{
            "Compute Sum":false
          }
         ,"UI Defaults Reference":{
            "Table Owner":"Parsing Schema"
          }
         ,"Security":{
            "Escape special characters":true
          }
        }
       ,{
          "id":"15916765417170932185"
         ,"Identification":{
            "Column Name":"C002"
           ,"Type":"Plain Text"
          }
         ,"Heading":{
            "Heading":"C002"
           ,"Alignment":"start"
          }
         ,"Layout":{
            "Sequence":4
           ,"Column Alignment":"start"
          }
         ,"Accessibility":{
            "Value Identifies Row":false
          }
         ,"Sorting":{
            "Sortable":false
          }
         ,"Export \/ Printing":{
            "Include In Export \/ Print":true
          }
         ,"Advanced":{
            "Compute Sum":false
          }
         ,"UI Defaults Reference":{
            "Table Owner":"Parsing Schema"
          }
         ,"Security":{
            "Escape special characters":true
          }
        }
       ,{
          "id":"15916765528515932186"
         ,"Identification":{
            "Column Name":"C003"
           ,"Type":"Plain Text"
          }
         ,"Heading":{
            "Heading":"C003"
           ,"Alignment":"start"
          }
         ,"Layout":{
            "Sequence":5
           ,"Column Alignment":"start"
          }
         ,"Accessibility":{
            "Value Identifies Row":false
          }
         ,"Sorting":{
            "Sortable":false
          }
         ,"Export \/ Printing":{
            "Include In Export \/ Print":true
          }
         ,"Advanced":{
            "Compute Sum":false
          }
         ,"UI Defaults Reference":{
            "Table Owner":"Parsing Schema"
          }
         ,"Security":{
            "Escape special characters":true
          }
        }
       ,{
          "id":"15916765635269932186"
         ,"Identification":{
            "Column Name":"C004"
           ,"Type":"Plain Text"
          }
         ,"Heading":{
            "Heading":"C004"
           ,"Alignment":"start"
          }
         ,"Layout":{
            "Sequence":6
           ,"Column Alignment":"start"
          }
         ,"Accessibility":{
            "Value Identifies Row":false
          }
         ,"Sorting":{
            "Sortable":false
          }
         ,"Export \/ Printing":{
            "Include In Export \/ Print":true
          }
         ,"Advanced":{
            "Compute Sum":false
          }
         ,"UI Defaults Reference":{
            "Table Owner":"Parsing Schema"
          }
         ,"Security":{
            "Escape special characters":true
          }
        }
       ,{
          "id":"15916765745037932186"
         ,"Identification":{
            "Column Name":"C005"
           ,"Type":"Plain Text"
          }
         ,"Heading":{
            "Heading":"C005"
           ,"Alignment":"start"
          }
         ,"Layout":{
            "Sequence":7
           ,"Column Alignment":"start"
          }
         ,"Accessibility":{
            "Value Identifies Row":false
          }
         ,"Sorting":{
            "Sortable":false
          }
         ,"Export \/ Printing":{
            "Include In Export \/ Print":true
          }
         ,"Advanced":{
            "Compute Sum":false
          }
         ,"UI Defaults Reference":{
            "Table Owner":"Parsing Schema"
          }
         ,"Security":{
            "Escape special characters":true
          }
        }
       ,{
          "id":"15916765833036932186"
         ,"Identification":{
            "Column Name":"C006"
           ,"Type":"Plain Text"
          }
         ,"Heading":{
            "Heading":"C006"
           ,"Alignment":"start"
          }
         ,"Layout":{
            "Sequence":8
           ,"Column Alignment":"start"
          }
         ,"Accessibility":{
            "Value Identifies Row":false
          }
         ,"Sorting":{
            "Sortable":false
          }
         ,"Export \/ Printing":{
            "Include In Export \/ Print":true
          }
         ,"Advanced":{
            "Compute Sum":false
          }
         ,"UI Defaults Reference":{
            "Table Owner":"Parsing Schema"
          }
         ,"Security":{
            "Escape special characters":true
          }
        }
       ,{
          "id":"15916765921183932186"
         ,"Identification":{
            "Column Name":"C007"
           ,"Type":"Plain Text"
          }
         ,"Heading":{
            "Heading":"C007"
           ,"Alignment":"start"
          }
         ,"Layout":{
            "Sequence":9
           ,"Column Alignment":"start"
          }
         ,"Accessibility":{
            "Value Identifies Row":false
          }
         ,"Sorting":{
            "Sortable":false
          }
         ,"Export \/ Printing":{
            "Include In Export \/ Print":true
          }
         ,"Advanced":{
            "Compute Sum":false
          }
         ,"UI Defaults Reference":{
            "Table Owner":"Parsing Schema"
          }
         ,"Security":{
            "Escape special characters":true
          }
        }
       ,{
          "id":"15916766030547932186"
         ,"Identification":{
            "Column Name":"C008"
           ,"Type":"Plain Text"
          }
         ,"Heading":{
            "Heading":"C008"
           ,"Alignment":"start"
          }
         ,"Layout":{
            "Sequence":10
           ,"Column Alignment":"start"
          }
         ,"Accessibility":{
            "Value Identifies Row":false
          }
         ,"Sorting":{
            "Sortable":false
          }
         ,"Export \/ Printing":{
            "Include In Export \/ Print":true
          }
         ,"Advanced":{
            "Compute Sum":false
          }
         ,"UI Defaults Reference":{
            "Table Owner":"Parsing Schema"
          }
         ,"Security":{
            "Escape special characters":true
          }
        }
       ,{
          "id":"15916766129010932186"
         ,"Identification":{
            "Column Name":"C009"
           ,"Type":"Plain Text"
          }
         ,"Heading":{
            "Heading":"C009"
           ,"Alignment":"start"
          }
         ,"Layout":{
            "Sequence":11
           ,"Column Alignment":"start"
          }
         ,"Accessibility":{
            "Value Identifies Row":false
          }
         ,"Sorting":{
            "Sortable":false
          }
         ,"Export \/ Printing":{
            "Include In Export \/ Print":true
          }
         ,"Advanced":{
            "Compute Sum":false
          }
         ,"UI Defaults Reference":{
            "Table Owner":"Parsing Schema"
          }
         ,"Security":{
            "Escape special characters":true
          }
        }
       ,{
          "id":"15916766242400932186"
         ,"Identification":{
            "Column Name":"C010"
           ,"Type":"Plain Text"
          }
         ,"Heading":{
            "Heading":"C010"
           ,"Alignment":"start"
          }
         ,"Layout":{
            "Sequence":12
           ,"Column Alignment":"start"
          }
         ,"Accessibility":{
            "Value Identifies Row":false
          }
         ,"Sorting":{
            "Sortable":false
          }
         ,"Export \/ Printing":{
            "Include In Export \/ Print":true
          }
         ,"Advanced":{
            "Compute Sum":false
          }
         ,"UI Defaults Reference":{
            "Table Owner":"Parsing Schema"
          }
         ,"Security":{
            "Escape special characters":true
          }
        }
       ,{
          "id":"15916766323051932186"
         ,"Identification":{
            "Column Name":"C011"
           ,"Type":"Plain Text"
          }
         ,"Heading":{
            "Heading":"C011"
           ,"Alignment":"start"
          }
         ,"Layout":{
            "Sequence":13
           ,"Column Alignment":"start"
          }
         ,"Accessibility":{
            "Value Identifies Row":false
          }
         ,"Sorting":{
            "Sortable":false
          }
         ,"Export \/ Printing":{
            "Include In Export \/ Print":true
          }
         ,"Advanced":{
            "Compute Sum":false
          }
         ,"UI Defaults Reference":{
            "Table Owner":"Parsing Schema"
          }
         ,"Security":{
            "Escape special characters":true
          }
        }
       ,{
          "id":"15916766426718932186"
         ,"Identification":{
            "Column Name":"C012"
           ,"Type":"Plain Text"
          }
         ,"Heading":{
            "Heading":"C012"
           ,"Alignment":"start"
          }
         ,"Layout":{
            "Sequence":14
           ,"Column Alignment":"start"
          }
         ,"Accessibility":{
            "Value Identifies Row":false
          }
         ,"Sorting":{
            "Sortable":false
          }
         ,"Export \/ Printing":{
            "Include In Export \/ Print":true
          }
         ,"Advanced":{
            "Compute Sum":false
          }
         ,"UI Defaults Reference":{
            "Table Owner":"Parsing Schema"
          }
         ,"Security":{
            "Escape special characters":true
          }
        }
       ,{
          "id":"15916766524276932186"
         ,"Identification":{
            "Column Name":"C013"
           ,"Type":"Plain Text"
          }
         ,"Heading":{
            "Heading":"C013"
           ,"Alignment":"start"
          }
         ,"Layout":{
            "Sequence":15
           ,"Column Alignment":"start"
          }
         ,"Accessibility":{
            "Value Identifies Row":false
          }
         ,"Sorting":{
            "Sortable":false
          }
         ,"Export \/ Printing":{
            "Include In Export \/ Print":true
          }
         ,"Advanced":{
            "Compute Sum":false
          }
         ,"UI Defaults Reference":{
            "Table Owner":"Parsing Schema"
          }
         ,"Security":{
            "Escape special characters":true
          }
        }
       ,{
          "id":"15916766622857932186"
         ,"Identification":{
            "Column Name":"C014"
           ,"Type":"Plain Text"
          }
         ,"Heading":{
            "Heading":"C014"
           ,"Alignment":"start"
          }
         ,"Layout":{
            "Sequence":16
           ,"Column Alignment":"start"
          }
         ,"Accessibility":{
            "Value Identifies Row":false
          }
         ,"Sorting":{
            "Sortable":false
          }
         ,"Export \/ Printing":{
            "Include In Export \/ Print":true
          }
         ,"Advanced":{
            "Compute Sum":false
          }
         ,"UI Defaults Reference":{
            "Table Owner":"Parsing Schema"
          }
         ,"Security":{
            "Escape special characters":true
          }
        }
       ,{
          "id":"15916766741742932186"
         ,"Identification":{
            "Column Name":"C015"
           ,"Type":"Plain Text"
          }
         ,"Heading":{
            "Heading":"C015"
           ,"Alignment":"start"
          }
         ,"Layout":{
            "Sequence":17
           ,"Column Alignment":"start"
          }
         ,"Accessibility":{
            "Value Identifies Row":false
          }
         ,"Sorting":{
            "Sortable":false
          }
         ,"Export \/ Printing":{
            "Include In Export \/ Print":true
          }
         ,"Advanced":{
            "Compute Sum":false
          }
         ,"UI Defaults Reference":{
            "Table Owner":"Parsing Schema"
          }
         ,"Security":{
            "Escape special characters":true
          }
        }
       ,{
          "id":"15916766825793932186"
         ,"Identification":{
            "Column Name":"C016"
           ,"Type":"Plain Text"
          }
         ,"Heading":{
            "Heading":"C016"
           ,"Alignment":"start"
          }
         ,"Layout":{
            "Sequence":18
           ,"Column Alignment":"start"
          }
         ,"Accessibility":{
            "Value Identifies Row":false
          }
         ,"Sorting":{
            "Sortable":false
          }
         ,"Export \/ Printing":{
            "Include In Export \/ Print":true
          }
         ,"Advanced":{
            "Compute Sum":false
          }
         ,"UI Defaults Reference":{
            "Table Owner":"Parsing Schema"
          }
         ,"Security":{
            "Escape special characters":true
          }
        }
       ,{
          "id":"15916766944309932186"
         ,"Identification":{
            "Column Name":"C017"
           ,"Type":"Plain Text"
          }
         ,"Heading":{
            "Heading":"C017"
           ,"Alignment":"start"
          }
         ,"Layout":{
            "Sequence":19
           ,"Column Alignment":"start"
          }
         ,"Accessibility":{
            "Value Identifies Row":false
          }
         ,"Sorting":{
            "Sortable":false
          }
         ,"Export \/ Printing":{
            "Include In Export \/ Print":true
          }
         ,"Advanced":{
            "Compute Sum":false
          }
         ,"UI Defaults Reference":{
            "Table Owner":"Parsing Schema"
          }
         ,"Security":{
            "Escape special characters":true
          }
        }
       ,{
          "id":"15916767035358932186"
         ,"Identification":{
            "Column Name":"C018"
           ,"Type":"Plain Text"
          }
         ,"Heading":{
            "Heading":"C018"
           ,"Alignment":"start"
          }
         ,"Layout":{
            "Sequence":20
           ,"Column Alignment":"start"
          }
         ,"Accessibility":{
            "Value Identifies Row":false
          }
         ,"Sorting":{
            "Sortable":false
          }
         ,"Export \/ Printing":{
            "Include In Export \/ Print":true
          }
         ,"Advanced":{
            "Compute Sum":false
          }
         ,"UI Defaults Reference":{
            "Table Owner":"Parsing Schema"
          }
         ,"Security":{
            "Escape special characters":true
          }
        }
       ,{
          "id":"15916767126058932186"
         ,"Identification":{
            "Column Name":"C019"
           ,"Type":"Plain Text"
          }
         ,"Heading":{
            "Heading":"C019"
           ,"Alignment":"start"
          }
         ,"Layout":{
            "Sequence":21
           ,"Column Alignment":"start"
          }
         ,"Accessibility":{
            "Value Identifies Row":false
          }
         ,"Sorting":{
            "Sortable":false
          }
         ,"Export \/ Printing":{
            "Include In Export \/ Print":true
          }
         ,"Advanced":{
            "Compute Sum":false
          }
         ,"UI Defaults Reference":{
            "Table Owner":"Parsing Schema"
          }
         ,"Security":{
            "Escape special characters":true
          }
        }
       ,{
          "id":"15916767241451932186"
         ,"Identification":{
            "Column Name":"C020"
           ,"Type":"Plain Text"
          }
         ,"Heading":{
            "Heading":"C020"
           ,"Alignment":"start"
          }
         ,"Layout":{
            "Sequence":22
           ,"Column Alignment":"start"
          }
         ,"Accessibility":{
            "Value Identifies Row":false
          }
         ,"Sorting":{
            "Sortable":false
          }
         ,"Export \/ Printing":{
            "Include In Export \/ Print":true
          }
         ,"Advanced":{
            "Compute Sum":false
          }
         ,"UI Defaults Reference":{
            "Table Owner":"Parsing Schema"
          }
         ,"Security":{
            "Escape special characters":true
          }
        }
       ,{
          "id":"15916767342208932186"
         ,"Identification":{
            "Column Name":"C021"
           ,"Type":"Plain Text"
          }
         ,"Heading":{
            "Heading":"C021"
           ,"Alignment":"start"
          }
         ,"Layout":{
            "Sequence":23
           ,"Column Alignment":"start"
          }
         ,"Accessibility":{
            "Value Identifies Row":false
          }
         ,"Sorting":{
            "Sortable":false
          }
         ,"Export \/ Printing":{
            "Include In Export \/ Print":true
          }
         ,"Advanced":{
            "Compute Sum":false
          }
         ,"UI Defaults Reference":{
            "Table Owner":"Parsing Schema"
          }
         ,"Security":{
            "Escape special characters":true
          }
        }
       ,{
          "id":"15916767438410932186"
         ,"Identification":{
            "Column Name":"C022"
           ,"Type":"Plain Text"
          }
         ,"Heading":{
            "Heading":"C022"
           ,"Alignment":"start"
          }
         ,"Layout":{
            "Sequence":24
           ,"Column Alignment":"start"
          }
         ,"Accessibility":{
            "Value Identifies Row":false
          }
         ,"Sorting":{
            "Sortable":false
          }
         ,"Export \/ Printing":{
            "Include In Export \/ Print":true
          }
         ,"Advanced":{
            "Compute Sum":false
          }
         ,"UI Defaults Reference":{
            "Table Owner":"Parsing Schema"
          }
         ,"Security":{
            "Escape special characters":true
          }
        }
       ,{
          "id":"15916767531462932186"
         ,"Identification":{
            "Column Name":"C023"
           ,"Type":"Plain Text"
          }
         ,"Heading":{
            "Heading":"C023"
           ,"Alignment":"start"
          }
         ,"Layout":{
            "Sequence":25
           ,"Column Alignment":"start"
          }
         ,"Accessibility":{
            "Value Identifies Row":false
          }
         ,"Sorting":{
            "Sortable":false
          }
         ,"Export \/ Printing":{
            "Include In Export \/ Print":true
          }
         ,"Advanced":{
            "Compute Sum":false
          }
         ,"UI Defaults Reference":{
            "Table Owner":"Parsing Schema"
          }
         ,"Security":{
            "Escape special characters":true
          }
        }
       ,{
          "id":"15916767648946932186"
         ,"Identification":{
            "Column Name":"C024"
           ,"Type":"Plain Text"
          }
         ,"Heading":{
            "Heading":"C024"
           ,"Alignment":"start"
          }
         ,"Layout":{
            "Sequence":26
           ,"Column Alignment":"start"
          }
         ,"Accessibility":{
            "Value Identifies Row":false
          }
         ,"Sorting":{
            "Sortable":false
          }
         ,"Export \/ Printing":{
            "Include In Export \/ Print":true
          }
         ,"Advanced":{
            "Compute Sum":false
          }
         ,"UI Defaults Reference":{
            "Table Owner":"Parsing Schema"
          }
         ,"Security":{
            "Escape special characters":true
          }
        }
       ,{
          "id":"15916767743573932186"
         ,"Identification":{
            "Column Name":"C025"
           ,"Type":"Plain Text"
          }
         ,"Heading":{
            "Heading":"C025"
           ,"Alignment":"start"
          }
         ,"Layout":{
            "Sequence":27
           ,"Column Alignment":"start"
          }
         ,"Accessibility":{
            "Value Identifies Row":false
          }
         ,"Sorting":{
            "Sortable":false
          }
         ,"Export \/ Printing":{
            "Include In Export \/ Print":true
          }
         ,"Advanced":{
            "Compute Sum":false
          }
         ,"UI Defaults Reference":{
            "Table Owner":"Parsing Schema"
          }
         ,"Security":{
            "Escape special characters":true
          }
        }
       ,{
          "id":"15916767826696932186"
         ,"Identification":{
            "Column Name":"C026"
           ,"Type":"Plain Text"
          }
         ,"Heading":{
            "Heading":"C026"
           ,"Alignment":"start"
          }
         ,"Layout":{
            "Sequence":28
           ,"Column Alignment":"start"
          }
         ,"Accessibility":{
            "Value Identifies Row":false
          }
         ,"Sorting":{
            "Sortable":false
          }
         ,"Export \/ Printing":{
            "Include In Export \/ Print":true
          }
         ,"Advanced":{
            "Compute Sum":false
          }
         ,"UI Defaults Reference":{
            "Table Owner":"Parsing Schema"
          }
         ,"Security":{
            "Escape special characters":true
          }
        }
       ,{
          "id":"15916767948731932186"
         ,"Identification":{
            "Column Name":"C027"
           ,"Type":"Plain Text"
          }
         ,"Heading":{
            "Heading":"C027"
           ,"Alignment":"start"
          }
         ,"Layout":{
            "Sequence":29
           ,"Column Alignment":"start"
          }
         ,"Accessibility":{
            "Value Identifies Row":false
          }
         ,"Sorting":{
            "Sortable":false
          }
         ,"Export \/ Printing":{
            "Include In Export \/ Print":true
          }
         ,"Advanced":{
            "Compute Sum":false
          }
         ,"UI Defaults Reference":{
            "Table Owner":"Parsing Schema"
          }
         ,"Security":{
            "Escape special characters":true
          }
        }
       ,{
          "id":"15916768039799932186"
         ,"Identification":{
            "Column Name":"C028"
           ,"Type":"Plain Text"
          }
         ,"Heading":{
            "Heading":"C028"
           ,"Alignment":"start"
          }
         ,"Layout":{
            "Sequence":30
           ,"Column Alignment":"start"
          }
         ,"Accessibility":{
            "Value Identifies Row":false
          }
         ,"Sorting":{
            "Sortable":false
          }
         ,"Export \/ Printing":{
            "Include In Export \/ Print":true
          }
         ,"Advanced":{
            "Compute Sum":false
          }
         ,"UI Defaults Reference":{
            "Table Owner":"Parsing Schema"
          }
         ,"Security":{
            "Escape special characters":true
          }
        }
       ,{
          "id":"15916768132147932186"
         ,"Identification":{
            "Column Name":"C029"
           ,"Type":"Plain Text"
          }
         ,"Heading":{
            "Heading":"C029"
           ,"Alignment":"start"
          }
         ,"Layout":{
            "Sequence":31
           ,"Column Alignment":"start"
          }
         ,"Accessibility":{
            "Value Identifies Row":false
          }
         ,"Sorting":{
            "Sortable":false
          }
         ,"Export \/ Printing":{
            "Include In Export \/ Print":true
          }
         ,"Advanced":{
            "Compute Sum":false
          }
         ,"UI Defaults Reference":{
            "Table Owner":"Parsing Schema"
          }
         ,"Security":{
            "Escape special characters":true
          }
        }
       ,{
          "id":"15916768242530932186"
         ,"Identification":{
            "Column Name":"C030"
           ,"Type":"Plain Text"
          }
         ,"Heading":{
            "Heading":"C030"
           ,"Alignment":"start"
          }
         ,"Layout":{
            "Sequence":32
           ,"Column Alignment":"start"
          }
         ,"Accessibility":{
            "Value Identifies Row":false
          }
         ,"Sorting":{
            "Sortable":false
          }
         ,"Export \/ Printing":{
            "Include In Export \/ Print":true
          }
         ,"Advanced":{
            "Compute Sum":false
          }
         ,"UI Defaults Reference":{
            "Table Owner":"Parsing Schema"
          }
         ,"Security":{
            "Escape special characters":true
          }
        }
       ,{
          "id":"15916768339523932186"
         ,"Identification":{
            "Column Name":"C031"
           ,"Type":"Plain Text"
          }
         ,"Heading":{
            "Heading":"C031"
           ,"Alignment":"start"
          }
         ,"Layout":{
            "Sequence":33
           ,"Column Alignment":"start"
          }
         ,"Accessibility":{
            "Value Identifies Row":false
          }
         ,"Sorting":{
            "Sortable":false
          }
         ,"Export \/ Printing":{
            "Include In Export \/ Print":true
          }
         ,"Advanced":{
            "Compute Sum":false
          }
         ,"UI Defaults Reference":{
            "Table Owner":"Parsing Schema"
          }
         ,"Security":{
            "Escape special characters":true
          }
        }
       ,{
          "id":"15916768432764932186"
         ,"Identification":{
            "Column Name":"C032"
           ,"Type":"Plain Text"
          }
         ,"Heading":{
            "Heading":"C032"
           ,"Alignment":"start"
          }
         ,"Layout":{
            "Sequence":34
           ,"Column Alignment":"start"
          }
         ,"Accessibility":{
            "Value Identifies Row":false
          }
         ,"Sorting":{
            "Sortable":false
          }
         ,"Export \/ Printing":{
            "Include In Export \/ Print":true
          }
         ,"Advanced":{
            "Compute Sum":false
          }
         ,"UI Defaults Reference":{
            "Table Owner":"Parsing Schema"
          }
         ,"Security":{
            "Escape special characters":true
          }
        }
       ,{
          "id":"15916768541861932186"
         ,"Identification":{
            "Column Name":"C033"
           ,"Type":"Plain Text"
          }
         ,"Heading":{
            "Heading":"C033"
           ,"Alignment":"start"
          }
         ,"Layout":{
            "Sequence":35
           ,"Column Alignment":"start"
          }
         ,"Accessibility":{
            "Value Identifies Row":false
          }
         ,"Sorting":{
            "Sortable":false
          }
         ,"Export \/ Printing":{
            "Include In Export \/ Print":true
          }
         ,"Advanced":{
            "Compute Sum":false
          }
         ,"UI Defaults Reference":{
            "Table Owner":"Parsing Schema"
          }
         ,"Security":{
            "Escape special characters":true
          }
        }
       ,{
          "id":"15916768618154932186"
         ,"Identification":{
            "Column Name":"C034"
           ,"Type":"Plain Text"
          }
         ,"Heading":{
            "Heading":"C034"
           ,"Alignment":"start"
          }
         ,"Layout":{
            "Sequence":36
           ,"Column Alignment":"start"
          }
         ,"Accessibility":{
            "Value Identifies Row":false
          }
         ,"Sorting":{
            "Sortable":false
          }
         ,"Export \/ Printing":{
            "Include In Export \/ Print":true
          }
         ,"Advanced":{
            "Compute Sum":false
          }
         ,"UI Defaults Reference":{
            "Table Owner":"Parsing Schema"
          }
         ,"Security":{
            "Escape special characters":true
          }
        }
       ,{
          "id":"15916768718078932186"
         ,"Identification":{
            "Column Name":"C035"
           ,"Type":"Plain Text"
          }
         ,"Heading":{
            "Heading":"C035"
           ,"Alignment":"start"
          }
         ,"Layout":{
            "Sequence":37
           ,"Column Alignment":"start"
          }
         ,"Accessibility":{
            "Value Identifies Row":false
          }
         ,"Sorting":{
            "Sortable":false
          }
         ,"Export \/ Printing":{
            "Include In Export \/ Print":true
          }
         ,"Advanced":{
            "Compute Sum":false
          }
         ,"UI Defaults Reference":{
            "Table Owner":"Parsing Schema"
          }
         ,"Security":{
            "Escape special characters":true
          }
        }
       ,{
          "id":"15916768840066932186"
         ,"Identification":{
            "Column Name":"C036"
           ,"Type":"Plain Text"
          }
         ,"Heading":{
            "Heading":"C036"
           ,"Alignment":"start"
          }
         ,"Layout":{
            "Sequence":38
           ,"Column Alignment":"start"
          }
         ,"Accessibility":{
            "Value Identifies Row":false
          }
         ,"Sorting":{
            "Sortable":false
          }
         ,"Export \/ Printing":{
            "Include In Export \/ Print":true
          }
         ,"Advanced":{
            "Compute Sum":false
          }
         ,"UI Defaults Reference":{
            "Table Owner":"Parsing Schema"
          }
         ,"Security":{
            "Escape special characters":true
          }
        }
       ,{
          "id":"15916768940560932187"
         ,"Identification":{
            "Column Name":"C037"
           ,"Type":"Plain Text"
          }
         ,"Heading":{
            "Heading":"C037"
           ,"Alignment":"start"
          }
         ,"Layout":{
            "Sequence":39
           ,"Column Alignment":"start"
          }
         ,"Accessibility":{
            "Value Identifies Row":false
          }
         ,"Sorting":{
            "Sortable":false
          }
         ,"Export \/ Printing":{
            "Include In Export \/ Print":true
          }
         ,"Advanced":{
            "Compute Sum":false
          }
         ,"UI Defaults Reference":{
            "Table Owner":"Parsing Schema"
          }
         ,"Security":{
            "Escape special characters":true
          }
        }
       ,{
          "id":"15916769045881932187"
         ,"Identification":{
            "Column Name":"C038"
           ,"Type":"Plain Text"
          }
         ,"Heading":{
            "Heading":"C038"
           ,"Alignment":"start"
          }
         ,"Layout":{
            "Sequence":40
           ,"Column Alignment":"start"
          }
         ,"Accessibility":{
            "Value Identifies Row":false
          }
         ,"Sorting":{
            "Sortable":false
          }
         ,"Export \/ Printing":{
            "Include In Export \/ Print":true
          }
         ,"Advanced":{
            "Compute Sum":false
          }
         ,"UI Defaults Reference":{
            "Table Owner":"Parsing Schema"
          }
         ,"Security":{
            "Escape special characters":true
          }
        }
       ,{
          "id":"15916769134695932187"
         ,"Identification":{
            "Column Name":"C040"
           ,"Type":"Plain Text"
          }
         ,"Heading":{
            "Heading":"C040"
           ,"Alignment":"start"
          }
         ,"Layout":{
            "Sequence":41
           ,"Column Alignment":"start"
          }
         ,"Accessibility":{
            "Value Identifies Row":false
          }
         ,"Sorting":{
            "Sortable":false
          }
         ,"Export \/ Printing":{
            "Include In Export \/ Print":true
          }
         ,"Advanced":{
            "Compute Sum":false
          }
         ,"UI Defaults Reference":{
            "Table Owner":"Parsing Schema"
          }
         ,"Security":{
            "Escape special characters":true
          }
        }
       ,{
          "id":"15916769237030932187"
         ,"Identification":{
            "Column Name":"C041"
           ,"Type":"Plain Text"
          }
         ,"Heading":{
            "Heading":"C041"
           ,"Alignment":"start"
          }
         ,"Layout":{
            "Sequence":42
           ,"Column Alignment":"start"
          }
         ,"Accessibility":{
            "Value Identifies Row":false
          }
         ,"Sorting":{
            "Sortable":false
          }
         ,"Export \/ Printing":{
            "Include In Export \/ Print":true
          }
         ,"Advanced":{
            "Compute Sum":false
          }
         ,"UI Defaults Reference":{
            "Table Owner":"Parsing Schema"
          }
         ,"Security":{
            "Escape special characters":true
          }
        }
       ,{
          "id":"15916769326267932187"
         ,"Identification":{
            "Column Name":"C042"
           ,"Type":"Plain Text"
          }
         ,"Heading":{
            "Heading":"C042"
           ,"Alignment":"start"
          }
         ,"Layout":{
            "Sequence":43
           ,"Column Alignment":"start"
          }
         ,"Accessibility":{
            "Value Identifies Row":false
          }
         ,"Sorting":{
            "Sortable":false
          }
         ,"Export \/ Printing":{
            "Include In Export \/ Print":true
          }
         ,"Advanced":{
            "Compute Sum":false
          }
         ,"UI Defaults Reference":{
            "Table Owner":"Parsing Schema"
          }
         ,"Security":{
            "Escape special characters":true
          }
        }
       ,{
          "id":"15916769418279932187"
         ,"Identification":{
            "Column Name":"C043"
           ,"Type":"Plain Text"
          }
         ,"Heading":{
            "Heading":"C043"
           ,"Alignment":"start"
          }
         ,"Layout":{
            "Sequence":44
           ,"Column Alignment":"start"
          }
         ,"Accessibility":{
            "Value Identifies Row":false
          }
         ,"Sorting":{
            "Sortable":false
          }
         ,"Export \/ Printing":{
            "Include In Export \/ Print":true
          }
         ,"Advanced":{
            "Compute Sum":false
          }
         ,"UI Defaults Reference":{
            "Table Owner":"Parsing Schema"
          }
         ,"Security":{
            "Escape special characters":true
          }
        }
       ,{
          "id":"15916769531255932187"
         ,"Identification":{
            "Column Name":"C044"
           ,"Type":"Plain Text"
          }
         ,"Heading":{
            "Heading":"C044"
           ,"Alignment":"start"
          }
         ,"Layout":{
            "Sequence":45
           ,"Column Alignment":"start"
          }
         ,"Accessibility":{
            "Value Identifies Row":false
          }
         ,"Sorting":{
            "Sortable":false
          }
         ,"Export \/ Printing":{
            "Include In Export \/ Print":true
          }
         ,"Advanced":{
            "Compute Sum":false
          }
         ,"UI Defaults Reference":{
            "Table Owner":"Parsing Schema"
          }
         ,"Security":{
            "Escape special characters":true
          }
        }
       ,{
          "id":"15916769632381932187"
         ,"Identification":{
            "Column Name":"C045"
           ,"Type":"Plain Text"
          }
         ,"Heading":{
            "Heading":"C045"
           ,"Alignment":"start"
          }
         ,"Layout":{
            "Sequence":46
           ,"Column Alignment":"start"
          }
         ,"Accessibility":{
            "Value Identifies Row":false
          }
         ,"Sorting":{
            "Sortable":false
          }
         ,"Export \/ Printing":{
            "Include In Export \/ Print":true
          }
         ,"Advanced":{
            "Compute Sum":false
          }
         ,"UI Defaults Reference":{
            "Table Owner":"Parsing Schema"
          }
         ,"Security":{
            "Escape special characters":true
          }
        }
      ]
    }
  ]
 ,"Buttons":[
    {
      "id":"15916769819583932187"
     ,"Identification":{
        "Button Name":"CANCEL"
       ,"Label":"Cancel"
      }
     ,"Layout":{
        "Sequence":10
       ,"Region":"Data Load Process Train (15916764737167932180)"
       ,"Position":"PREVIOUS"
       ,"Start New Layout":false
       ,"Start New Row":true
       ,"Column":"Automatic"
       ,"New Column":true
       ,"Column Span":"Automatic"
      }
     ,"Appearance":{
        "Button Template":"Text (14888282487315691892)"
       ,"Hot":false
       ,"Template Options":[
          "#DEFAULT#"
         ,"t-Button--large"
        ]
      }
     ,"Behavior":{
        "Action":"Redirect to Page in this Application"
       ,"Target":{
          "url":"f?p=\u0026APP_ID.:18:\u0026SESSION.::\u0026DEBUG.:::"
         ,"Page":"18"
        }
       ,"Warn on Unsaved Changes":"Do Not Check"
      }
    }
   ,{
      "id":"15916770021835932188"
     ,"Identification":{
        "Button Name":"PREVIOUS"
       ,"Label":"Previous"
      }
     ,"Layout":{
        "Sequence":2
       ,"Region":"Data Load Process Train (15916764737167932180)"
       ,"Position":"PREVIOUS"
       ,"Start New Layout":false
       ,"Start New Row":false
       ,"Column":"Automatic"
       ,"New Column":false
       ,"Column Span":"Automatic"
      }
     ,"Appearance":{
        "Button Template":"Icon (14888281684153691889)"
       ,"Hot":false
       ,"Template Options":[
          "#DEFAULT#"
         ,"t-Button--large"
        ]
       ,"Icon":"fa-chevron-left"
      }
     ,"Behavior":{
        "Action":"Redirect to Page in this Application"
       ,"Target":{
          "url":"f?p=\u0026APP_ID.:61:\u0026SESSION.::\u0026DEBUG.:::"
         ,"Page":"61"
        }
       ,"Warn on Unsaved Changes":"Do Not Check"
      }
    }
   ,{
      "id":"15916770147031932188"
     ,"Identification":{
        "Button Name":"NEXT"
       ,"Label":"Load Data"
      }
     ,"Layout":{
        "Sequence":30
       ,"Region":"Data Load Process Train (15916764737167932180)"
       ,"Position":"NEXT"
       ,"Start New Layout":false
       ,"Start New Row":false
       ,"Column":"Automatic"
       ,"New Column":false
       ,"Column Span":"Automatic"
      }
     ,"Appearance":{
        "Button Template":"Text (14888282487315691892)"
       ,"Hot":true
       ,"Template Options":[
          "#DEFAULT#"
         ,"t-Button--large"
        ]
      }
     ,"Behavior":{
        "Action":"Submit Page"
       ,"Execute Validations":true
       ,"Warn on Unsaved Changes":"Do Not Check"
      }
    }
  ]
 ,"Processes":[
    {
      "id":"15916770425199932188"
     ,"Identification":{
        "Name":"Prepare Uploaded Data"
       ,"Type":"Load Uploaded Data [Legacy]"
       ,"Execution Chain":"None"
      }
     ,"Settings":{
        "Data Load Definition":"contacts (15916751929173932126)"
       ,"Insert Count Item":"P63_INSERT_COUNT"
       ,"Update Count Item":"P63_UPDATE_COUNT"
       ,"Error Count Item":"P63_ERROR_COUNT"
      }
     ,"Execution":{
        "Sequence":10
       ,"Point":"Processing"
       ,"Run Process":"Once Per Page Visit (default)"
      }
     ,"Error":{
        "Error Message":"Data Loading Failed"
       ,"Display Location":"Inline in Notification"
      }
     ,"Server-side Condition":{
        "When Button Pressed":"NEXT (15916770147031932188)"
      }
    }
  ]
 ,"Branches":[
    {
      "id":"15916770645393932188"
     ,"Identification":{
        "Name":"Go To Page 63"
      }
     ,"Execution":{
        "Sequence":10
       ,"Point":"After Processing"
      }
     ,"Behavior":{
        "Type":"Page or URL (Redirect)"
       ,"Target":{
          "url":"f?p=\u0026APP_ID.:63:\u0026SESSION.\u0026success_msg=#SUCCESS_MSG#"
         ,"Page":"63"
        }
      }
     ,"Server-side Condition":{
        "When Button Pressed":"NEXT (15916770147031932188)"
      }
    }
  ]
}
