{
  "id":"11"
 ,"Identification":{
    "Name":"Build Options"
   ,"Alias":"BUILD-OPTIONS"
   ,"Title":"Build Options"
   ,"Page Group":"Administration (14749179244941290086)"
  }
 ,"Appearance":{
    "Page Mode":"Modal Dialog"
   ,"Dialog Template":"Theme Default"
   ,"Template Options":[
      "#DEFAULT#"
     ,"ui-dialog--stretch"
     ,"t-Dialog--noPadding"
    ]
  }
 ,"Dialog":{
    "Chained":true
  }
 ,"Navigation Menu":{
    "Override User Interface Level":false
  }
 ,"Navigation":{
    "Cursor Focus":"First item on page"
   ,"Warn on Unsaved Changes":false
  }
 ,"Security":{
    "Authorization Scheme":"ADMINISTRATION RIGHTS (15704753031447651527)"
   ,"Authentication":"Page Requires Authentication"
   ,"Deep Linking":"Application Default"
   ,"Page Access Protection":"Arguments Must Have Checksum"
   ,"Form Auto Complete":"On"
   ,"Browser Cache":"Application Default"
  }
 ,"Session Management":{
    "Rejoin Sessions":"Application Default"
  }
 ,"Advanced":{
    "Enable duplicate page submissions":"Yes - Enable page to be re-posted"
   ,"Reload on Submit":"Always"
  }
 ,"Server Cache":{
    "Caching":"Disabled"
  }
 ,"Help":{
    "Help Text":"\u003Cp\u003EBuild options allow for specific application functionality to be included and available, or excluded and not available.  Use build options to identify which features and functions you would like to run your application with.\u003C\/p\u003E"
  }
 ,"Regions":[
    {
      "id":"14965809041184332797"
     ,"Identification":{
        "Title":"Build Options"
       ,"Type":"Interactive Report"
      }
     ,"Source":{
        "Location":"Local Database"
       ,"Type":"SQL Query"
       ,"SQL Query":"select \n       build_option_id ID, \n       build_option_name build_option, \n       build_option_status,\n       apex_item.hidden(1, build_option_id) ||\n       apex_item.hidden(2, build_option_status) ||\n       apex_item.switch ( \n            p_idx =\u003E 3,\n            p_value =\u003E build_option_status,\n            p_on_value =\u003E \u0027Include\u0027,\n            p_on_label =\u003E \u0027Yes\u0027,\n            p_off_value =\u003E \u0027Exclude\u0027,\n            p_off_label =\u003E \u0027No\u0027,\n            p_item_id =\u003E \u0027BO_OPT_\u0027 || rownum,\n            p_item_label =\u003E apex_escape.html(build_option_name) || \u0027: Is Enabled\u0027,\n            p_attributes =\u003E \u0027style=\"white-space:pre;\"\u0027) toggle_build_option,\n       component_comment,\n       last_updated_on updated,\n       lower(last_updated_by) updated_by\n  from apex_application_build_options bo\n where application_id = :APP_ID"
      }
     ,"Layout":{
        "Sequence":20
       ,"Parent Region":"No Parent"
       ,"Position":"BODY"
       ,"Start New Layout":false
       ,"Start New Row":true
       ,"Column":"Automatic"
       ,"New Column":true
       ,"Column Span":"Automatic"
      }
     ,"Appearance":{
        "Template":"Interactive Report (14888264240956691843)"
       ,"Template Options":[
          "#DEFAULT#"
         ,"t-IRR-region--noBorders"
        ]
       ,"Render Components":"Above Content"
      }
     ,"Accessibility":{
        "Use Landmark":true
       ,"Landmark Type":"Template Default"
      }
     ,"Advanced":{
        "Region Display Selector":false
       ,"Exclude Title from Translation":false
      }
     ,"Server Cache":{
        "Caching":"Disabled"
      }
     ,"Customization":{
        "Customizable":"Not Customizable By End Users"
      }
     ,"Attributes":{
        "id":"14965809248920332797"
       ,"Link":{
          "Link Column":"Exclude Link Column"
        }
       ,"Appearance":{
          "Show Null Values as":"-"
        }
       ,"Pagination":{
          "Type":"Row Ranges X to Y"
         ,"Display Position":"Bottom - Right"
        }
       ,"Performance":{
          "Lazy Loading":false
         ,"Maximum Rows to Process":1000000
        }
       ,"Messages":{
          "When No Data Found":"No data found."
         ,"When More Data Found":"The maximum row count for this report is #MAX_ROW_COUNT# rows.  Please apply a filter to reduce the number of records in your query."
        }
       ,"Search Bar":{
          "Include Search Bar":true
         ,"Search Field":true
         ,"Finder Drop Down":true
         ,"Reports Select List":true
         ,"Rows Per Page Selector":false
        }
       ,"Actions Menu":{
          "Include Actions Menu":true
         ,"Filter":true
         ,"Select Columns":true
         ,"Rows Per Page":true
         ,"Sort":true
         ,"Control Break":true
         ,"Highlight":true
         ,"Compute":true
         ,"Aggregate":true
         ,"Chart":true
         ,"Group By":true
         ,"Pivot":true
         ,"Flashback":true
         ,"Save Report":true
         ,"Save Public Report":true
         ,"Reset":true
         ,"Help":true
         ,"Download":true
         ,"Subscription":true
        }
       ,"Download":{
          "Formats":[
            "CSV"
           ,"HTML"
          ]
         ,"Send as Email":true
        }
       ,"Heading":{
          "Fixed To":"Page"
        }
       ,"Icon View":{
          "Show":false
        }
       ,"Detail View":{
          "Show":false
        }
       ,"Saved Reports":[
          {
            "id":"14965810032115332799"
           ,"Identification":{
              "Name":"Primary Report"
             ,"Alias":"8712999"
            }
          }
        ]
       ,"Columns":[
          {
            "id":"14965809338930332798"
           ,"Identification":{
              "Column Name":"ID"
             ,"Type":"Hidden Column"
            }
           ,"Heading":{
              "Heading":"ID"
            }
           ,"Layout":{
              "Sequence":1
            }
           ,"Source":{
              "Primary Key":false
            }
           ,"Security":{
              "Escape special characters":false
            }
          }
         ,{
            "id":"14965809429299332798"
           ,"Identification":{
              "Column Name":"BUILD_OPTION"
             ,"Type":"Plain Text"
            }
           ,"Heading":{
              "Heading":"Build Option"
             ,"Alignment":"start"
            }
           ,"Single Row View":{
              "Use Column Heading":true
            }
           ,"Layout":{
              "Sequence":2
             ,"Column Alignment":"start"
            }
           ,"Accessibility":{
              "Value Identifies Row":false
            }
           ,"Source":{
              "Primary Key":false
            }
           ,"Column Filter":{
              "Type":"Default Based on Column Type"
            }
           ,"Enable Users To":{
              "Hide":true
             ,"Sort":true
             ,"Filter":true
             ,"Highlight":true
             ,"Control Break":true
             ,"Aggregate":true
             ,"Compute":true
             ,"Chart":true
             ,"Group By":true
             ,"Pivot":true
            }
           ,"Security":{
              "Escape special characters":true
            }
          }
         ,{
            "id":"14965809532645332798"
           ,"Identification":{
              "Column Name":"BUILD_OPTION_STATUS"
             ,"Type":"Plain Text"
            }
           ,"Heading":{
              "Heading":"Current Status"
             ,"Alignment":"start"
            }
           ,"Single Row View":{
              "Use Column Heading":true
            }
           ,"Layout":{
              "Sequence":3
             ,"Column Alignment":"start"
            }
           ,"Accessibility":{
              "Value Identifies Row":false
            }
           ,"Source":{
              "Primary Key":false
            }
           ,"Column Filter":{
              "Type":"Default Based on Column Type"
            }
           ,"Enable Users To":{
              "Hide":true
             ,"Sort":true
             ,"Filter":true
             ,"Highlight":true
             ,"Control Break":true
             ,"Aggregate":true
             ,"Compute":true
             ,"Chart":true
             ,"Group By":true
             ,"Pivot":true
            }
           ,"Security":{
              "Escape special characters":true
            }
          }
         ,{
            "id":"14965809628944332799"
           ,"Identification":{
              "Column Name":"TOGGLE_BUILD_OPTION"
             ,"Type":"Plain Text"
            }
           ,"Heading":{
              "Heading":"Status"
             ,"Alignment":"center"
            }
           ,"Single Row View":{
              "Use Column Heading":true
            }
           ,"Layout":{
              "Sequence":4
             ,"Column Alignment":"center"
            }
           ,"Accessibility":{
              "Value Identifies Row":false
            }
           ,"Source":{
              "Primary Key":false
            }
           ,"Column Filter":{
              "Type":"Default Based on Column Type"
            }
           ,"Enable Users To":{
              "Hide":false
             ,"Sort":false
             ,"Filter":false
             ,"Highlight":false
             ,"Control Break":false
             ,"Aggregate":false
             ,"Compute":false
             ,"Chart":false
             ,"Group By":false
             ,"Pivot":false
            }
           ,"Security":{
              "Escape special characters":false
            }
          }
         ,{
            "id":"14965809728412332799"
           ,"Identification":{
              "Column Name":"COMPONENT_COMMENT"
             ,"Type":"Plain Text"
            }
           ,"Heading":{
              "Heading":"Description"
             ,"Alignment":"start"
            }
           ,"Single Row View":{
              "Use Column Heading":true
            }
           ,"Layout":{
              "Sequence":5
             ,"Column Alignment":"start"
            }
           ,"Accessibility":{
              "Value Identifies Row":false
            }
           ,"Source":{
              "Primary Key":false
            }
           ,"Column Filter":{
              "Type":"Default Based on Column Type"
            }
           ,"Enable Users To":{
              "Hide":true
             ,"Sort":true
             ,"Filter":true
             ,"Highlight":true
             ,"Control Break":true
             ,"Aggregate":true
             ,"Compute":true
             ,"Chart":true
             ,"Group By":true
             ,"Pivot":true
            }
           ,"Security":{
              "Escape special characters":true
            }
          }
         ,{
            "id":"14965809838405332799"
           ,"Identification":{
              "Column Name":"UPDATED"
             ,"Type":"Plain Text"
            }
           ,"Heading":{
              "Heading":"Updated"
             ,"Alignment":"start"
            }
           ,"Single Row View":{
              "Use Column Heading":true
            }
           ,"Layout":{
              "Sequence":6
             ,"Column Alignment":"start"
            }
           ,"Accessibility":{
              "Value Identifies Row":false
            }
           ,"Appearance":{
              "Format Mask":"SINCE"
            }
           ,"Source":{
              "Primary Key":false
            }
           ,"Column Filter":{
              "Type":"Default Based on Column Type"
             ,"Date Ranges":"All"
            }
           ,"Enable Users To":{
              "Hide":true
             ,"Sort":true
             ,"Filter":true
             ,"Highlight":true
             ,"Control Break":true
             ,"Aggregate":true
             ,"Compute":true
             ,"Chart":true
             ,"Group By":true
             ,"Pivot":true
            }
           ,"Security":{
              "Escape special characters":true
            }
          }
         ,{
            "id":"14965809917521332799"
           ,"Identification":{
              "Column Name":"UPDATED_BY"
             ,"Type":"Plain Text"
            }
           ,"Heading":{
              "Heading":"Updated By"
             ,"Alignment":"start"
            }
           ,"Single Row View":{
              "Use Column Heading":true
            }
           ,"Layout":{
              "Sequence":7
             ,"Column Alignment":"start"
            }
           ,"Accessibility":{
              "Value Identifies Row":false
            }
           ,"Source":{
              "Primary Key":false
            }
           ,"Column Filter":{
              "Type":"Default Based on Column Type"
            }
           ,"Enable Users To":{
              "Hide":true
             ,"Sort":true
             ,"Filter":true
             ,"Highlight":true
             ,"Control Break":true
             ,"Aggregate":true
             ,"Compute":true
             ,"Chart":true
             ,"Group By":true
             ,"Pivot":true
            }
           ,"Security":{
              "Escape special characters":true
            }
          }
        ]
      }
    }
  ]
 ,"Buttons":[
    {
      "id":"14965810249014332800"
     ,"Identification":{
        "Button Name":"APPLY_CHANGES"
       ,"Label":"Apply Changes"
      }
     ,"Layout":{
        "Sequence":20
       ,"Region":"Build Options (14965809041184332797)"
       ,"Position":"RIGHT_OF_IR_SEARCH_BAR"
       ,"Start New Layout":false
       ,"Start New Row":true
       ,"Column":"Automatic"
       ,"New Column":true
       ,"Column Span":"Automatic"
      }
     ,"Appearance":{
        "Button Template":"Text (14888282487315691892)"
       ,"Hot":true
       ,"Template Options":[
          "#DEFAULT#"
        ]
      }
     ,"Behavior":{
        "Action":"Submit Page"
       ,"Execute Validations":true
       ,"Warn on Unsaved Changes":"Do Not Check"
      }
    }
   ,{
      "id":"14965810434545332801"
     ,"Identification":{
        "Button Name":"RESET_REPORT"
       ,"Label":"Reset"
      }
     ,"Layout":{
        "Sequence":10
       ,"Region":"Build Options (14965809041184332797)"
       ,"Position":"RIGHT_OF_IR_SEARCH_BAR"
       ,"Start New Layout":false
       ,"Start New Row":true
       ,"Column":"Automatic"
       ,"New Column":true
       ,"Column Span":"Automatic"
      }
     ,"Appearance":{
        "Button Template":"Icon (14888281684153691889)"
       ,"Hot":false
       ,"Template Options":[
          "#DEFAULT#"
        ]
       ,"Icon":"fa-undo-alt"
      }
     ,"Behavior":{
        "Action":"Redirect to Page in this Application"
       ,"Target":{
          "url":"f?p=\u0026APP_ID.:11:\u0026SESSION.::\u0026DEBUG.:RP,9,RIR::"
         ,"Page":"11"
         ,"Clear Cache":"RP,9,RIR"
        }
       ,"Warn on Unsaved Changes":"Do Not Check"
      }
    }
  ]
 ,"Processes":[
    {
      "id":"14965811218439332803"
     ,"Identification":{
        "Name":"update"
       ,"Type":"Execute Code"
       ,"Execution Chain":"None"
      }
     ,"Source":{
        "Location":"Local Database"
       ,"Language":"PL\/SQL"
       ,"PL\/SQL Code":"for i in 1..apex_application.g_f01.count loop\n    for c1 in ( select application_id, build_option_name, build_option_status\n                from apex_application_build_options\n                where apex_application.g_f01(i) = build_option_id\n                   and application_Id = :APP_ID) loop\n        if c1.build_option_status != apex_application.g_f03(i) then\n            apex_util.set_build_option_status(  p_application_id =\u003E :APP_ID,\n                                                p_id =\u003E apex_application.g_f01(i),\n                                                p_build_status =\u003E upper(apex_application.g_f03(i)) );\n        end if;\n    end loop;\nend loop;"
      }
     ,"Execution":{
        "Sequence":10
       ,"Point":"Processing"
       ,"Run Process":"Once Per Page Visit (default)"
      }
     ,"Success Message":{
        "Success Message":"Build Status(es) updated."
      }
     ,"Error":{
        "Error Message":"Build Status(es) failed to be updated."
       ,"Display Location":"Inline in Notification"
      }
     ,"Server-side Condition":{
        "When Button Pressed":"APPLY_CHANGES (14965810249014332800)"
      }
    }
  ]
}
