{
  "id":"105"
 ,"Identification":{
    "Name":"Use Case Details"
   ,"Alias":"USE-CASE-DETAILS"
   ,"Title":"Use Case Details"
   ,"Page Group":"Administration (14749179244941290086)"
  }
 ,"Appearance":{
    "Page Mode":"Modal Dialog"
   ,"Dialog Template":"Theme Default"
   ,"Template Options":[
      "#DEFAULT#"
    ]
  }
 ,"Dialog":{
    "Chained":false
  }
 ,"Navigation Menu":{
    "Override User Interface Level":false
  }
 ,"Navigation":{
    "Cursor Focus":"First item on page"
   ,"Warn on Unsaved Changes":false
  }
 ,"HTML Header":{
    "HTML Header":"\u003Cscript language=\"JavaScript\" type=\"text\/javascript\"\u003E\n\u003C!--\n\n htmldb_delete_message=\u0027\"DELETE_CONFIRM_MSG\"\u0027;\n\n\/\/--\u003E\n\u003C\/script\u003E"
  }
 ,"Security":{
    "Authorization Scheme":"ADMINISTRATION RIGHTS (15704753031447651527)"
   ,"Authentication":"Page Requires Authentication"
   ,"Deep Linking":"Application Default"
   ,"Page Access Protection":"Arguments Must Have Checksum"
   ,"Form Auto Complete":"Off"
   ,"Browser Cache":"Application Default"
  }
 ,"Session Management":{
    "Rejoin Sessions":"Application Default"
  }
 ,"Advanced":{
    "Enable duplicate page submissions":"Yes - Enable page to be re-posted"
   ,"Reload on Submit":"Always"
  }
 ,"Server Cache":{
    "Caching":"Disabled"
  }
 ,"Help":{
    "Help Text":"No help is available for this page."
  }
 ,"Configuration":{
    "Build Option":"Customer Use Case (17146729199024533840)"
  }
 ,"Regions":[
    {
      "id":"17155828336017747033"
     ,"Identification":{
        "Title":"Customer Use Case Code"
       ,"Type":"Static Content"
      }
     ,"Layout":{
        "Sequence":10
       ,"Parent Region":"No Parent"
       ,"Position":"BODY"
       ,"Start New Layout":false
       ,"Start New Row":true
       ,"Column":"Automatic"
       ,"New Column":true
       ,"Column Span":"Automatic"
      }
     ,"Appearance":{
        "Template":"Blank with Attributes (14888250988334691823)"
       ,"Template Options":[
          "#DEFAULT#"
        ]
       ,"Render Components":"Above Content"
      }
     ,"Accessibility":{
        "Use Landmark":true
       ,"Landmark Type":"Template Default"
      }
     ,"Advanced":{
        "Region Display Selector":false
       ,"Exclude Title from Translation":false
      }
     ,"Server Cache":{
        "Caching":"Disabled"
      }
     ,"Customization":{
        "Customizable":"Not Customizable By End Users"
      }
     ,"Attributes":{
        "Settings":{
          "Output As":"HTML"
         ,"Expand Shortcuts":false
        }
      }
    }
   ,{
      "id":"17155851295382747045"
     ,"Identification":{
        "Title":"Buttons"
       ,"Type":"Static Content"
      }
     ,"Layout":{
        "Sequence":30
       ,"Parent Region":"No Parent"
       ,"Position":"REGION_POSITION_03"
       ,"Start New Layout":false
       ,"Start New Row":true
       ,"Column":"Automatic"
       ,"New Column":true
       ,"Column Span":"Automatic"
      }
     ,"Appearance":{
        "Template":"Buttons Container (14888251272274691825)"
       ,"Template Options":[
          "#DEFAULT#"
        ]
       ,"Render Components":"Above Content"
      }
     ,"Accessibility":{
        "Use Landmark":true
       ,"Landmark Type":"Template Default"
      }
     ,"Advanced":{
        "Region Display Selector":false
       ,"Exclude Title from Translation":false
      }
     ,"Server Cache":{
        "Caching":"Disabled"
      }
     ,"Customization":{
        "Customizable":"Not Customizable By End Users"
      }
     ,"Attributes":{
        "Settings":{
          "Output As":"HTML"
         ,"Expand Shortcuts":false
        }
      }
    }
   ,{
      "id":"17155853245250747050"
     ,"Identification":{
        "Title":"Audit Information"
       ,"Type":"Static Content"
      }
     ,"Layout":{
        "Sequence":20
       ,"Parent Region":"No Parent"
       ,"Position":"BODY"
       ,"Start New Layout":false
       ,"Start New Row":true
       ,"Column":"Automatic"
       ,"New Column":true
       ,"Column Span":"Automatic"
      }
     ,"Appearance":{
        "Template":"Collapsible (14888261571832691840)"
       ,"Template Options":[
          "#DEFAULT#"
         ,"is-collapsed"
         ,"t-Region--noUI"
         ,"t-Region--scrollBody"
        ]
       ,"Render Components":"Above Content"
      }
     ,"Accessibility":{
        "Use Landmark":true
       ,"Landmark Type":"Template Default"
      }
     ,"Advanced":{
        "Region Display Selector":false
       ,"Exclude Title from Translation":false
      }
     ,"Server-side Condition":{
        "Type":"Item is NOT NULL"
       ,"Item":"P105_ID"
      }
     ,"Server Cache":{
        "Caching":"Disabled"
      }
     ,"Customization":{
        "Customizable":"Not Customizable By End Users"
      }
     ,"Attributes":{
        "Settings":{
          "Output As":"HTML"
         ,"Expand Shortcuts":false
        }
      }
    }
  ]
 ,"Page Items":[
    {
      "id":"17155828684605747036"
     ,"Identification":{
        "Name":"P105_ID"
       ,"Type":"Hidden"
      }
     ,"Settings":{
        "Value Protected":true
      }
     ,"Layout":{
        "Sequence":10
       ,"Region":"Customer Use Case Code (17155828336017747033)"
       ,"Position":"BODY"
      }
     ,"Advanced":{
        "Warn on Unsaved Changes":"Page Default"
      }
     ,"Source":{
        "Type":"Database Column"
       ,"Database Column":"ID"
       ,"Used":"Always, replacing any existing value in session state"
      }
     ,"Session State":{
        "Data Type":"VARCHAR2"
       ,"Storage":"Per Session (Persistent)"
      }
     ,"Security":{
        "Session State Protection":"Checksum Required - Session Level"
       ,"Store value encrypted in session state":false
       ,"Restricted Characters":"All characters can be saved."
      }
    }
   ,{
      "id":"17155829012589747039"
     ,"Identification":{
        "Name":"P105_USE_CASE"
       ,"Type":"Text Field"
      }
     ,"Label":{
        "Label":"Use Case"
       ,"Alignment":"Left"
      }
     ,"Settings":{
        "Subtype":"Text"
       ,"Trim Spaces":"None"
       ,"Text Case":"NO CHANGE"
       ,"Submit when Enter pressed":false
       ,"Disabled":false
      }
     ,"Layout":{
        "Sequence":20
       ,"Region":"Customer Use Case Code (17155828336017747033)"
       ,"Position":"BODY"
       ,"Alignment":"Left"
       ,"Start New Layout":false
       ,"Start New Row":true
       ,"Column":"Automatic"
       ,"New Column":true
       ,"Column Span":"Automatic"
       ,"Label Column Span":"Page Template Default"
      }
     ,"Appearance":{
        "Template":"Required - Floating (295786634453769843)"
       ,"Template Options":[
          "#DEFAULT#"
        ]
       ,"Width":48
      }
     ,"Validation":{
        "Value Required":true
       ,"Maximum Length":60
      }
     ,"Advanced":{
        "Warn on Unsaved Changes":"Page Default"
      }
     ,"Source":{
        "Type":"Database Column"
       ,"Database Column":"USE_CASE"
       ,"Used":"Always, replacing any existing value in session state"
      }
     ,"Session State":{
        "Storage":"Per Session (Persistent)"
      }
     ,"Quick Picks":{
        "Show Quick Picks":false
      }
     ,"Security":{
        "Session State Protection":"Checksum Required - Session Level"
       ,"Store value encrypted in session state":false
       ,"Restricted Characters":"All characters can be saved."
      }
     ,"Help":{
        "Help Text":"A Use Case can be associated with each customer."
      }
    }
   ,{
      "id":"17155829943670747042"
     ,"Identification":{
        "Name":"P105_DESCRIPTION"
       ,"Type":"Textarea"
      }
     ,"Label":{
        "Label":"Description"
       ,"Alignment":"Left"
      }
     ,"Settings":{
        "Resizable":true
       ,"Auto-Height":false
       ,"Character Counter":false
       ,"Trim Spaces":"Leading and Trailing"
      }
     ,"Layout":{
        "Sequence":40
       ,"Region":"Customer Use Case Code (17155828336017747033)"
       ,"Position":"BODY"
       ,"Alignment":"Left"
       ,"Start New Layout":false
       ,"Start New Row":true
       ,"Column":"Automatic"
       ,"New Column":true
       ,"Column Span":"Automatic"
       ,"Label Column Span":"Page Template Default"
      }
     ,"Appearance":{
        "Template":"Optional - Floating (295787000362769848)"
       ,"Template Options":[
          "#DEFAULT#"
        ]
       ,"Width":64
       ,"Height":4
      }
     ,"Validation":{
        "Value Required":false
       ,"Maximum Length":255
      }
     ,"Advanced":{
        "Warn on Unsaved Changes":"Page Default"
      }
     ,"Source":{
        "Type":"Database Column"
       ,"Database Column":"DESCRIPTION"
       ,"Used":"Always, replacing any existing value in session state"
      }
     ,"Session State":{
        "Data Type":"VARCHAR2"
       ,"Storage":"Per Session (Persistent)"
      }
     ,"Quick Picks":{
        "Show Quick Picks":false
      }
     ,"Security":{
        "Session State Protection":"Checksum Required - Session Level"
       ,"Store value encrypted in session state":false
       ,"Restricted Characters":"All characters can be saved."
      }
     ,"Help":{
        "Help Text":"Enter short description."
      }
    }
   ,{
      "id":"17155830871568747043"
     ,"Identification":{
        "Name":"P105_IS_ACTIVE"
       ,"Type":"Checkbox Group"
      }
     ,"Label":{
        "Alignment":"Left"
      }
     ,"Settings":{
        "Number of Columns":1
      }
     ,"Layout":{
        "Sequence":30
       ,"Region":"Customer Use Case Code (17155828336017747033)"
       ,"Position":"BODY"
       ,"Alignment":"Left"
       ,"Start New Layout":false
       ,"Start New Row":false
       ,"Column":"Automatic"
       ,"New Column":true
       ,"Column Span":"Automatic"
       ,"Label Column Span":"Page Template Default"
      }
     ,"Appearance":{
        "Template":"Hidden (14888281412990691885)"
       ,"Template Options":[
          "#DEFAULT#"
        ]
      }
     ,"Validation":{
        "Value Required":false
      }
     ,"List of Values":{
        "Type":"Static Values"
       ,"Static Values":"STATIC2:Active;Y"
       ,"Display Extra Values":false
      }
     ,"Advanced":{
        "Warn on Unsaved Changes":"Page Default"
      }
     ,"Source":{
        "Type":"Database Column"
       ,"Database Column":"IS_ACTIVE"
       ,"Used":"Always, replacing any existing value in session state"
      }
     ,"Default":{
        "Type":"Expression"
       ,"Language":"PL\/SQL"
       ,"PL\/SQL Expression":"case when :P105_ID is null then \u0027Y\u0027 end;"
      }
     ,"Session State":{
        "Storage":"Per Session (Persistent)"
      }
     ,"Security":{
        "Session State Protection":"Checksum Required - Session Level"
       ,"Store value encrypted in session state":false
       ,"Escape special characters":true
       ,"Restricted Characters":"All characters can be saved."
      }
    }
   ,{
      "id":"17155853610683747051"
     ,"Identification":{
        "Name":"P105_CREATED"
       ,"Type":"Display Only"
      }
     ,"Label":{
        "Label":"\u003Cb\u003ECreated On:\u003C\/b\u003E"
       ,"Alignment":"Left"
      }
     ,"Settings":{
        "Format":"Plain Text"
       ,"Based On":"Item Value"
       ,"Show Line Breaks":false
       ,"Send On Page Submit":false
      }
     ,"Layout":{
        "Sequence":50
       ,"Region":"Audit Information (17155853245250747050)"
       ,"Position":"BODY"
       ,"Alignment":"Left"
       ,"Start New Layout":false
       ,"Start New Row":true
       ,"Column":"Automatic"
       ,"New Column":true
       ,"Column Span":"Automatic"
       ,"Label Column Span":"Page Template Default"
      }
     ,"Appearance":{
        "Template":"Optional (14888281543517691887)"
       ,"Template Options":[
          "#DEFAULT#"
        ]
       ,"Format Mask":"\u0026APP_DATE_FORMAT."
      }
     ,"Advanced":{
        "Warn on Unsaved Changes":"Page Default"
      }
     ,"Source":{
        "Type":"Database Column"
       ,"Database Column":"CREATED"
       ,"Used":"Always, replacing any existing value in session state"
      }
     ,"Session State":{
        "Data Type":"VARCHAR2"
       ,"Storage":"Per Session (Persistent)"
      }
     ,"Security":{
        "Session State Protection":"Checksum Required - Session Level"
       ,"Store value encrypted in session state":false
       ,"Restricted Characters":"All characters can be saved."
      }
     ,"Help":{
        "Help Text":"The date on which the Customer Type was created."
      }
    }
   ,{
      "id":"17155854554375747052"
     ,"Identification":{
        "Name":"P105_CREATED_BY"
       ,"Type":"Display Only"
      }
     ,"Label":{
        "Label":"\u003Cb\u003ECreated By:\u003C\/b\u003E"
       ,"Alignment":"Left"
      }
     ,"Settings":{
        "Format":"Plain Text"
       ,"Based On":"Item Value"
       ,"Show Line Breaks":false
       ,"Send On Page Submit":false
      }
     ,"Layout":{
        "Sequence":60
       ,"Region":"Audit Information (17155853245250747050)"
       ,"Position":"BODY"
       ,"Alignment":"Left"
       ,"Start New Layout":false
       ,"Start New Row":true
       ,"Column":"Automatic"
       ,"New Column":true
       ,"Column Span":"Automatic"
       ,"Label Column Span":"Page Template Default"
      }
     ,"Appearance":{
        "Template":"Optional (14888281543517691887)"
       ,"Template Options":[
          "#DEFAULT#"
        ]
      }
     ,"Advanced":{
        "Warn on Unsaved Changes":"Page Default"
      }
     ,"Source":{
        "Type":"Database Column"
       ,"Database Column":"CREATED_BY"
       ,"Used":"Always, replacing any existing value in session state"
      }
     ,"Session State":{
        "Data Type":"VARCHAR2"
       ,"Storage":"Per Session (Persistent)"
      }
     ,"Security":{
        "Session State Protection":"Checksum Required - Session Level"
       ,"Store value encrypted in session state":true
       ,"Restricted Characters":"All characters can be saved."
      }
     ,"Help":{
        "Help Text":"The User who created this Customer Type."
      }
    }
   ,{
      "id":"17155855460395747053"
     ,"Identification":{
        "Name":"P105_UPDATED"
       ,"Type":"Display Only"
      }
     ,"Label":{
        "Label":"\u003Cb\u003EUpdated On:\u003C\/b\u003E"
       ,"Alignment":"Left"
      }
     ,"Settings":{
        "Format":"Plain Text"
       ,"Based On":"Item Value"
       ,"Show Line Breaks":false
       ,"Send On Page Submit":false
      }
     ,"Layout":{
        "Sequence":70
       ,"Region":"Audit Information (17155853245250747050)"
       ,"Position":"BODY"
       ,"Alignment":"Left"
       ,"Start New Layout":false
       ,"Start New Row":true
       ,"Column":"Automatic"
       ,"New Column":true
       ,"Column Span":"Automatic"
       ,"Label Column Span":"Page Template Default"
      }
     ,"Appearance":{
        "Template":"Optional (14888281543517691887)"
       ,"Template Options":[
          "#DEFAULT#"
        ]
       ,"Format Mask":"\u0026APP_DATE_FORMAT."
      }
     ,"Advanced":{
        "Warn on Unsaved Changes":"Page Default"
      }
     ,"Source":{
        "Type":"Database Column"
       ,"Database Column":"UPDATED"
       ,"Used":"Always, replacing any existing value in session state"
      }
     ,"Session State":{
        "Data Type":"VARCHAR2"
       ,"Storage":"Per Session (Persistent)"
      }
     ,"Security":{
        "Session State Protection":"Checksum Required - Session Level"
       ,"Store value encrypted in session state":false
       ,"Restricted Characters":"All characters can be saved."
      }
     ,"Help":{
        "Help Text":"The date on which the Customer Type details was last Updated."
      }
    }
   ,{
      "id":"17155856320720747054"
     ,"Identification":{
        "Name":"P105_UPDATED_BY"
       ,"Type":"Display Only"
      }
     ,"Label":{
        "Label":"\u003Cb\u003EUpdated By:\u003C\/b\u003E"
       ,"Alignment":"Left"
      }
     ,"Settings":{
        "Format":"Plain Text"
       ,"Based On":"Item Value"
       ,"Show Line Breaks":false
       ,"Send On Page Submit":false
      }
     ,"Layout":{
        "Sequence":80
       ,"Region":"Audit Information (17155853245250747050)"
       ,"Position":"BODY"
       ,"Alignment":"Left"
       ,"Start New Layout":false
       ,"Start New Row":true
       ,"Column":"Automatic"
       ,"New Column":true
       ,"Column Span":"Automatic"
       ,"Label Column Span":"Page Template Default"
      }
     ,"Appearance":{
        "Template":"Optional (14888281543517691887)"
       ,"Template Options":[
          "#DEFAULT#"
        ]
      }
     ,"Advanced":{
        "Warn on Unsaved Changes":"Page Default"
      }
     ,"Source":{
        "Type":"Database Column"
       ,"Database Column":"UPDATED_BY"
       ,"Used":"Always, replacing any existing value in session state"
      }
     ,"Session State":{
        "Data Type":"VARCHAR2"
       ,"Storage":"Per Session (Persistent)"
      }
     ,"Security":{
        "Session State Protection":"Checksum Required - Session Level"
       ,"Store value encrypted in session state":true
       ,"Restricted Characters":"All characters can be saved."
      }
     ,"Help":{
        "Help Text":"The User who last updated the Customer Type Details."
      }
    }
  ]
 ,"Buttons":[
    {
      "id":"17155851660744747046"
     ,"Identification":{
        "Button Name":"CANCEL"
       ,"Label":"Cancel"
      }
     ,"Layout":{
        "Sequence":10
       ,"Region":"Buttons (17155851295382747045)"
       ,"Position":"PREVIOUS"
       ,"Start New Layout":false
       ,"Start New Row":true
       ,"Column":"Automatic"
       ,"New Column":true
       ,"Column Span":"Automatic"
      }
     ,"Appearance":{
        "Button Template":"Text (14888282487315691892)"
       ,"Hot":false
       ,"Template Options":[
          "#DEFAULT#"
        ]
      }
     ,"Behavior":{
        "Action":"Redirect to Page in this Application"
       ,"Target":{
          "url":"f?p=\u0026APP_ID.:\u0026LAST_VIEW.:\u0026SESSION.::\u0026DEBUG.:::"
         ,"Page":"\u0026LAST_VIEW."
        }
       ,"Warn on Unsaved Changes":"Do Not Check"
      }
    }
   ,{
      "id":"17155852044692747048"
     ,"Identification":{
        "Button Name":"DELETE"
       ,"Label":"Delete"
      }
     ,"Layout":{
        "Sequence":20
       ,"Region":"Buttons (17155851295382747045)"
       ,"Position":"PREVIOUS"
       ,"Start New Layout":false
       ,"Start New Row":true
       ,"Column":"Automatic"
       ,"New Column":true
       ,"Column Span":"Automatic"
      }
     ,"Appearance":{
        "Button Template":"Text (14888282487315691892)"
       ,"Hot":false
       ,"Template Options":[
          "#DEFAULT#"
         ,"t-Button--danger"
         ,"t-Button--simple"
        ]
      }
     ,"Behavior":{
        "Action":"Redirect to URL"
       ,"Target":"javascript:apex.confirm(htmldb_delete_message,\u0027DELETE\u0027);"
       ,"Execute Validations":true
       ,"Warn on Unsaved Changes":"Do Not Check"
       ,"Database Action":"SQL DELETE action"
      }
     ,"Server-side Condition":{
        "Type":"Item is NOT NULL"
       ,"Item":"P105_ID"
      }
    }
   ,{
      "id":"17155852426075747049"
     ,"Identification":{
        "Button Name":"SAVE"
       ,"Label":"Apply Changes"
      }
     ,"Layout":{
        "Sequence":30
       ,"Region":"Buttons (17155851295382747045)"
       ,"Position":"CREATE"
       ,"Start New Layout":false
       ,"Start New Row":true
       ,"Column":"Automatic"
       ,"New Column":true
       ,"Column Span":"Automatic"
      }
     ,"Appearance":{
        "Button Template":"Text (14888282487315691892)"
       ,"Hot":true
       ,"Template Options":[
          "#DEFAULT#"
         ,"t-Button--gapLeft"
        ]
      }
     ,"Behavior":{
        "Action":"Submit Page"
       ,"Execute Validations":true
       ,"Warn on Unsaved Changes":"Do Not Check"
       ,"Database Action":"SQL UPDATE action"
      }
     ,"Server-side Condition":{
        "Type":"Item is NOT NULL"
       ,"Item":"P105_ID"
      }
    }
   ,{
      "id":"17155852830035747050"
     ,"Identification":{
        "Button Name":"CREATE"
       ,"Label":"Add Use Case Code"
      }
     ,"Layout":{
        "Sequence":40
       ,"Region":"Buttons (17155851295382747045)"
       ,"Position":"CREATE"
       ,"Start New Layout":false
       ,"Start New Row":true
       ,"Column":"Automatic"
       ,"New Column":true
       ,"Column Span":"Automatic"
      }
     ,"Appearance":{
        "Button Template":"Text (14888282487315691892)"
       ,"Hot":true
       ,"Template Options":[
          "#DEFAULT#"
         ,"t-Button--gapLeft"
        ]
      }
     ,"Behavior":{
        "Action":"Submit Page"
       ,"Execute Validations":true
       ,"Warn on Unsaved Changes":"Do Not Check"
       ,"Database Action":"SQL INSERT action"
      }
     ,"Server-side Condition":{
        "Type":"Item is NULL"
       ,"Item":"P105_ID"
      }
    }
  ]
 ,"Validations":[
    {
      "id":"17155857684459747061"
     ,"Identification":{
        "Name":"P105_USE_CASE unique"
      }
     ,"Execution":{
        "Sequence":10
      }
     ,"Validation":{
        "Type":"No Rows returned"
       ,"SQL Query":"select null\nfrom eba_cust_use_case\nwhere upper(use_case) = upper(:P105_TYPE)\n    and (:P105_ID is null or id \u003C\u003E :P105_ID )"
       ,"Always Execute":false
      }
     ,"Error":{
        "Error Message":"#LABEL# already exists."
       ,"Display Location":"Inline with Field and in Notification"
       ,"Associated Item":"P105_USE_CASE (17155829012589747039)"
      }
     ,"Server-side Condition":{
        "Type":"Request is contained in Value"
       ,"Value":"CREATE,SAVE"
      }
    }
   ,{
      "id":"17155858038295747063"
     ,"Identification":{
        "Name":"Check Dependencies"
      }
     ,"Execution":{
        "Sequence":20
      }
     ,"Validation":{
        "Type":"No Rows returned"
       ,"SQL Query":"Select 1 from eba_cust_customers where type_id = :P105_ID and rownum = 1"
       ,"Always Execute":false
      }
     ,"Error":{
        "Error Message":"Cannot Delete this Type, Customers exists with this Type."
       ,"Display Location":"Inline with Field and in Notification"
       ,"Associated Item":"P105_USE_CASE (17155829012589747039)"
      }
     ,"Server-side Condition":{
        "When Button Pressed":"DELETE (17155852044692747048)"
      }
    }
  ]
 ,"Processes":[
    {
      "id":"367410492661965933"
     ,"Identification":{
        "Name":"Close Dialog"
       ,"Type":"Close Dialog"
       ,"Execution Chain":"None"
      }
     ,"Execution":{
        "Sequence":40
       ,"Point":"Processing"
       ,"Run Process":"Once Per Page Visit (default)"
      }
     ,"Error":{
        "Display Location":"Inline in Notification"
      }
    }
   ,{
      "id":"17155858325654747063"
     ,"Identification":{
        "Name":"Fetch Row from EBA_CUST_USE_CASE"
       ,"Type":"Automatic Row Fetch [Legacy]"
       ,"Execution Chain":"None"
      }
     ,"Settings":{
        "Table Owner":"PARSING SCHEMA"
       ,"Table Name":"EBA_CUST_USE_CASE"
       ,"Primary Key Column ":"ID"
       ,"Primary Key Item":"P105_ID"
      }
     ,"Execution":{
        "Sequence":10
       ,"Point":"After Header"
       ,"Run Process":"Once Per Page Visit (default)"
      }
     ,"Error":{
        "Error Message":"Unable to fetch row."
      }
    }
   ,{
      "id":"17155858784350747064"
     ,"Identification":{
        "Name":"Process Row of EBA_CUST_USE_CASE"
       ,"Type":"Automatic Row Processing (DML) [Legacy]"
       ,"Execution Chain":"None"
      }
     ,"Settings":{
        "Table Owner":"PARSING SCHEMA"
       ,"Table Name":"EBA_CUST_USE_CASE"
       ,"Primary Key Column ":"ID"
       ,"Primary Key Item":"P105_ID"
       ,"Lock Row":true
       ,"Supported Operations":"I:U:D"
      }
     ,"Execution":{
        "Sequence":20
       ,"Point":"Processing"
       ,"Run Process":"Once Per Page Visit (default)"
      }
     ,"Success Message":{
        "Success Message":"Action Processed."
      }
     ,"Error":{
        "Error Message":"Unable to process row of table EBA_CUST_TYPE."
       ,"Display Location":"On Error Page"
      }
    }
   ,{
      "id":"17155859116222747065"
     ,"Identification":{
        "Name":"reset page"
       ,"Type":"Clear Session State"
       ,"Execution Chain":"None"
      }
     ,"Settings":{
        "Type":"Clear all Items on the Current Page"
      }
     ,"Execution":{
        "Sequence":30
       ,"Point":"Processing"
       ,"Run Process":"Once Per Page Visit (default)"
      }
     ,"Error":{
        "Display Location":"On Error Page"
      }
     ,"Server-side Condition":{
        "When Button Pressed":"DELETE (17155852044692747048)"
      }
    }
   ,{
      "id":"17155859585317747065"
     ,"Identification":{
        "Name":"Load data"
       ,"Type":"Execute Code"
       ,"Execution Chain":"None"
      }
     ,"Source":{
        "Location":"Local Database"
       ,"Language":"PL\/SQL"
       ,"PL\/SQL Code":"if :REQUEST = \u0027HOME\u0027 then\n   :LAST_VIEW := 100 ;\nelse\n   :LAST_VIEW := 104 ;\nend if;"
      }
     ,"Execution":{
        "Sequence":40
       ,"Point":"Before Header"
       ,"Run Process":"Once Per Page Visit (default)"
      }
    }
  ]
}
