{
  "id":"121"
 ,"Identification":{
    "Name":"Email Log"
   ,"Alias":"EMAIL-LOG"
   ,"Title":"Email Log"
   ,"Page Group":"Administration (14749179244941290086)"
  }
 ,"Appearance":{
    "Page Mode":"Modal Dialog"
   ,"Dialog Template":"Theme Default"
   ,"Template Options":[
      "#DEFAULT#"
     ,"ui-dialog--stretch"
     ,"t-Dialog--noPadding"
    ]
  }
 ,"Dialog":{
    "Chained":true
  }
 ,"Navigation Menu":{
    "Override User Interface Level":false
  }
 ,"Navigation":{
    "Cursor Focus":"Do not focus cursor"
   ,"Warn on Unsaved Changes":false
  }
 ,"Security":{
    "Authorization Scheme":"ADMINISTRATION RIGHTS (15704753031447651527)"
   ,"Authentication":"Page Requires Authentication"
   ,"Deep Linking":"Application Default"
   ,"Page Access Protection":"Arguments Must Have Checksum"
   ,"Form Auto Complete":"On"
   ,"Browser Cache":"Application Default"
  }
 ,"Session Management":{
    "Rejoin Sessions":"Application Default"
  }
 ,"Advanced":{
    "Enable duplicate page submissions":"Yes - Enable page to be re-posted"
   ,"Reload on Submit":"Always"
  }
 ,"Server Cache":{
    "Caching":"Disabled"
  }
 ,"Help":{
    "Help Text":"\u003Cp\u003EUse this Interactive Report to view the log of emails sent from this application. Click the \u003Cstrong\u003EReset\u003C\/strong\u003E button to reset the interactive report. Click the \u003Cstrong\u003EActions\u003C\/strong\u003E button to define the number of rows displayed per page, filter, format, download, and\/or save the interactive report.\u003C\/p\u003E"
  }
 ,"Configuration":{
    "Build Option":"Feedback (18760340844679500439)"
  }
 ,"Regions":[
    {
      "id":"18764378006034437429"
     ,"Identification":{
        "Title":"Status Update Requests"
       ,"Type":"Interactive Report"
      }
     ,"Source":{
        "Location":"Local Database"
       ,"Type":"SQL Query"
       ,"SQL Query":"select email_from, email_to, email_first_to, \n    body_size, created, initcap(replace(email_type,\u0027_\u0027,\u0027 \u0027)) as email_type\nfrom eba_cust_email_log\nwhere created is not null"
      }
     ,"Layout":{
        "Sequence":20
       ,"Parent Region":"No Parent"
       ,"Position":"BODY"
       ,"Start New Layout":false
       ,"Start New Row":true
       ,"Column":"Automatic"
       ,"New Column":true
       ,"Column Span":"Automatic"
      }
     ,"Appearance":{
        "Template":"Interactive Report (14888264240956691843)"
       ,"Template Options":[
          "#DEFAULT#"
         ,"t-IRR-region--noBorders"
        ]
       ,"Render Components":"Above Content"
      }
     ,"Accessibility":{
        "Use Landmark":true
       ,"Landmark Type":"Template Default"
      }
     ,"Advanced":{
        "Region Display Selector":false
       ,"Exclude Title from Translation":false
      }
     ,"Server Cache":{
        "Caching":"Disabled"
      }
     ,"Customization":{
        "Customizable":"Not Customizable By End Users"
      }
     ,"Attributes":{
        "id":"18764378309182437430"
       ,"Link":{
          "Link Column":"Exclude Link Column"
        }
       ,"Appearance":{
          "Show Null Values as":"-"
        }
       ,"Pagination":{
          "Type":"Row Ranges X to Y"
         ,"Display Position":"Bottom - Right"
        }
       ,"Performance":{
          "Lazy Loading":false
         ,"Maximum Rows to Process":10000
        }
       ,"Messages":{
          "When No Data Found":"No sent emails found."
         ,"When More Data Found":"This query returns more than #MAX_ROW_COUNT# rows, please filter your data to ensure complete results."
        }
       ,"Search Bar":{
          "Include Search Bar":true
         ,"Search Field":true
         ,"Finder Drop Down":true
         ,"Reports Select List":true
         ,"Rows Per Page Selector":false
        }
       ,"Actions Menu":{
          "Include Actions Menu":true
         ,"Filter":true
         ,"Select Columns":true
         ,"Rows Per Page":true
         ,"Sort":true
         ,"Control Break":true
         ,"Highlight":true
         ,"Compute":true
         ,"Aggregate":true
         ,"Chart":true
         ,"Group By":true
         ,"Pivot":true
         ,"Flashback":true
         ,"Save Report":true
         ,"Save Public Report":true
         ,"Reset":true
         ,"Help":true
         ,"Download":true
         ,"Subscription":true
        }
       ,"Download":{
          "Formats":[
            "CSV"
           ,"HTML"
          ]
         ,"Send as Email":true
        }
       ,"Heading":{
          "Fixed To":"Page"
        }
       ,"Icon View":{
          "Show":false
        }
       ,"Detail View":{
          "Show":false
        }
       ,"Saved Reports":[
          {
            "id":"18764380814889437446"
           ,"Identification":{
              "Name":"Primary Report"
             ,"Alias":"176783166"
            }
          }
        ]
       ,"Columns":[
          {
            "id":"18764378436940437437"
           ,"Identification":{
              "Column Name":"EMAIL_FROM"
             ,"Type":"Plain Text"
            }
           ,"Heading":{
              "Heading":"Email From"
             ,"Alignment":"start"
            }
           ,"Single Row View":{
              "Use Column Heading":true
            }
           ,"Layout":{
              "Sequence":3
             ,"Column Alignment":"start"
            }
           ,"Accessibility":{
              "Value Identifies Row":false
            }
           ,"Source":{
              "Primary Key":false
            }
           ,"Column Filter":{
              "Type":"Default Based on Column Type"
            }
           ,"Enable Users To":{
              "Hide":true
             ,"Sort":true
             ,"Filter":true
             ,"Highlight":true
             ,"Control Break":true
             ,"Aggregate":true
             ,"Compute":true
             ,"Chart":true
             ,"Group By":true
             ,"Pivot":true
            }
           ,"Security":{
              "Escape special characters":true
            }
          }
         ,{
            "id":"18764378856813437441"
           ,"Identification":{
              "Column Name":"EMAIL_TO"
             ,"Type":"Plain Text"
            }
           ,"Heading":{
              "Heading":"Full Email To List"
             ,"Alignment":"start"
            }
           ,"Single Row View":{
              "Use Column Heading":true
            }
           ,"Layout":{
              "Sequence":5
             ,"Column Alignment":"start"
            }
           ,"Accessibility":{
              "Value Identifies Row":false
            }
           ,"Source":{
              "Primary Key":false
            }
           ,"Column Filter":{
              "Type":"Default Based on Column Type"
            }
           ,"Enable Users To":{
              "Hide":true
             ,"Sort":true
             ,"Filter":true
             ,"Highlight":true
             ,"Control Break":true
             ,"Aggregate":true
             ,"Compute":true
             ,"Chart":true
             ,"Group By":true
             ,"Pivot":true
            }
           ,"Security":{
              "Escape special characters":true
            }
          }
         ,{
            "id":"18764379216575437441"
           ,"Identification":{
              "Column Name":"EMAIL_FIRST_TO"
             ,"Type":"Plain Text"
            }
           ,"Heading":{
              "Heading":"To"
             ,"Alignment":"start"
            }
           ,"Single Row View":{
              "Use Column Heading":true
            }
           ,"Layout":{
              "Sequence":6
             ,"Column Alignment":"start"
            }
           ,"Accessibility":{
              "Value Identifies Row":false
            }
           ,"Source":{
              "Primary Key":false
            }
           ,"Column Filter":{
              "Type":"Default Based on Column Type"
            }
           ,"Enable Users To":{
              "Hide":true
             ,"Sort":true
             ,"Filter":true
             ,"Highlight":true
             ,"Control Break":true
             ,"Aggregate":true
             ,"Compute":true
             ,"Chart":true
             ,"Group By":true
             ,"Pivot":true
            }
           ,"Security":{
              "Escape special characters":true
            }
          }
         ,{
            "id":"18764379685425437442"
           ,"Identification":{
              "Column Name":"CREATED"
             ,"Type":"Plain Text"
            }
           ,"Heading":{
              "Heading":"Update Request"
             ,"Alignment":"start"
            }
           ,"Single Row View":{
              "Use Column Heading":true
            }
           ,"Layout":{
              "Sequence":8
             ,"Column Alignment":"start"
            }
           ,"Accessibility":{
              "Value Identifies Row":false
            }
           ,"Appearance":{
              "Format Mask":"SINCE"
            }
           ,"Source":{
              "Primary Key":false
            }
           ,"Column Filter":{
              "Type":"Default Based on Column Type"
             ,"Date Ranges":"All"
            }
           ,"Enable Users To":{
              "Hide":true
             ,"Sort":true
             ,"Filter":true
             ,"Highlight":true
             ,"Control Break":true
             ,"Aggregate":true
             ,"Compute":true
             ,"Chart":true
             ,"Group By":true
             ,"Pivot":true
            }
           ,"Security":{
              "Escape special characters":true
            }
          }
         ,{
            "id":"18764380108426437442"
           ,"Identification":{
              "Column Name":"BODY_SIZE"
             ,"Type":"Plain Text"
            }
           ,"Heading":{
              "Heading":"Message Length (bytes)"
             ,"Alignment":"end"
            }
           ,"Single Row View":{
              "Use Column Heading":true
            }
           ,"Layout":{
              "Sequence":18
             ,"Column Alignment":"end"
            }
           ,"Accessibility":{
              "Value Identifies Row":false
            }
           ,"Appearance":{
              "Format Mask":"999G999G999G999G999G990"
            }
           ,"Source":{
              "Primary Key":false
            }
           ,"Column Filter":{
              "Type":"Default Based on Column Type"
            }
           ,"Enable Users To":{
              "Hide":true
             ,"Sort":true
             ,"Filter":true
             ,"Highlight":true
             ,"Control Break":true
             ,"Aggregate":true
             ,"Compute":true
             ,"Chart":true
             ,"Group By":true
             ,"Pivot":true
            }
           ,"Security":{
              "Escape special characters":true
            }
          }
         ,{
            "id":"18764380467576437443"
           ,"Identification":{
              "Column Name":"EMAIL_TYPE"
             ,"Type":"Plain Text"
            }
           ,"Heading":{
              "Heading":"Email Type"
             ,"Alignment":"start"
            }
           ,"Single Row View":{
              "Use Column Heading":true
            }
           ,"Layout":{
              "Sequence":28
             ,"Column Alignment":"start"
            }
           ,"Accessibility":{
              "Value Identifies Row":false
            }
           ,"Source":{
              "Primary Key":false
            }
           ,"Column Filter":{
              "Type":"Default Based on Column Type"
            }
           ,"Enable Users To":{
              "Hide":true
             ,"Sort":true
             ,"Filter":true
             ,"Highlight":true
             ,"Control Break":true
             ,"Aggregate":true
             ,"Compute":true
             ,"Chart":true
             ,"Group By":true
             ,"Pivot":true
            }
           ,"Security":{
              "Escape special characters":true
            }
          }
        ]
      }
    }
  ]
 ,"Buttons":[
    {
      "id":"18764391311156437450"
     ,"Identification":{
        "Button Name":"RESET_REPORT"
       ,"Label":"Reset"
      }
     ,"Layout":{
        "Sequence":10
       ,"Region":"Status Update Requests (18764378006034437429)"
       ,"Position":"RIGHT_OF_IR_SEARCH_BAR"
       ,"Start New Layout":false
       ,"Start New Row":true
       ,"Column":"Automatic"
       ,"New Column":true
       ,"Column Span":"Automatic"
      }
     ,"Appearance":{
        "Button Template":"Icon (14888281684153691889)"
       ,"Hot":false
       ,"Template Options":[
          "#DEFAULT#"
        ]
       ,"Icon":"fa-undo-alt"
      }
     ,"Behavior":{
        "Action":"Redirect to Page in this Application"
       ,"Target":{
          "url":"f?p=\u0026APP_ID.:121:\u0026SESSION.::\u0026DEBUG.:56,RIR::"
         ,"Page":"121"
         ,"Clear Cache":"56,RIR"
        }
       ,"Warn on Unsaved Changes":"Do Not Check"
      }
    }
  ]
}
