{
  "id":"100"
 ,"Identification":{
    "Name":"Referenceability"
   ,"Alias":"REFERENCEABILITY2"
   ,"Title":"Referenceability"
   ,"Page Group":"Customers (14749179822908293214)"
  }
 ,"Appearance":{
    "Page Mode":"Normal"
   ,"Page Template":"Theme Default"
   ,"Template Options":[
      "#DEFAULT#"
    ]
  }
 ,"Navigation Menu":{
    "Override User Interface Level":false
  }
 ,"Navigation":{
    "Cursor Focus":"Do not focus cursor"
   ,"Warn on Unsaved Changes":false
  }
 ,"Security":{
    "Authentication":"Page Requires Authentication"
   ,"Deep Linking":"Application Default"
   ,"Page Access Protection":"Arguments Must Have Checksum"
   ,"Form Auto Complete":"On"
   ,"Browser Cache":"Application Default"
  }
 ,"Session Management":{
    "Rejoin Sessions":"Application Default"
  }
 ,"Advanced":{
    "Enable duplicate page submissions":"Yes - Enable page to be re-posted"
   ,"Reload on Submit":"Always"
  }
 ,"Server Cache":{
    "Caching":"Disabled"
  }
 ,"Help":{
    "Help Text":"No help is available for this page."
  }
 ,"Configuration":{
    "Build Option":"Product Referencability (14317412967320277148)"
  }
 ,"Regions":[
    {
      "id":"514455483990996050"
     ,"Identification":{
        "Title":"by Asset Commitment"
       ,"Type":"Chart"
      }
     ,"Source":{
        "Page Items to Submit":[
          "P100_CATEGORY"
         ,"P100_GEO"
        ]
      }
     ,"Layout":{
        "Sequence":40
       ,"Parent Region":"No Parent"
       ,"Position":"BODY"
       ,"Start New Layout":false
       ,"Start New Row":false
       ,"Column":"Automatic"
       ,"New Column":false
       ,"Column Span":"Automatic"
      }
     ,"Appearance":{
        "Template":"Standard (14888264683728691846)"
       ,"Template Options":[
          "#DEFAULT#"
         ,"t-Region--scrollBody"
        ]
       ,"CSS Classes":[
          "scrollable-region"
        ]
       ,"Render Components":"Above Content"
      }
     ,"Accessibility":{
        "Use Landmark":true
       ,"Landmark Type":"Template Default"
      }
     ,"Advanced":{
        "Region Display Selector":true
       ,"Exclude Title from Translation":false
      }
     ,"Security":{
        "Escape special characters":true
      }
     ,"Server Cache":{
        "Caching":"Disabled"
      }
     ,"Customization":{
        "Customizable":"Not Customizable By End Users"
      }
     ,"Attributes":{
        "id":"514455569851996051"
       ,"Chart":{
          "Type":"Bar"
        }
       ,"Appearance":{
          "Orientation":"Vertical"
         ,"Stack":false
        }
       ,"Data Cursor":{
          "Cursor":"Automatic"
         ,"Behavior":"Automatic"
         ,"Dim On Hover":false
        }
       ,"Multi-Series Chart Data":{
          "Fill Gaps in Chart Data":true
         ,"Sort Order":"Label - Ascending"
         ,"Render Gap as Zero":true
        }
       ,"Settings":{
          "Zoom and Scroll":"No"
        }
       ,"Animation":{
          "On Display":"None"
         ,"On Data Change":"None"
        }
       ,"Tooltip":{
          "Show":true
         ,"Show Series Name":false
         ,"Show Group Name":false
         ,"Show Value":true
        }
       ,"Legend":{
          "Show":true
         ,"Position":"Top"
         ,"Hide and Show Behavior":"None"
        }
       ,"Series":[
          {
            "id":"514455701813996052"
           ,"Identification":{
              "Name":"Geography"
            }
           ,"Execution":{
              "Sequence":10
            }
           ,"Source":{
              "Location":"Local Database"
             ,"Type":"SQL Query"
             ,"SQL Query":"select ID,\n    reference_TYPE group_name,\n    (   select count(distinct(pu.customer_id))\n        from eba_cust_product_uses pu\n        where \u0027:\u0027||pu.reference_type_ids||\u0027:\u0027 like \u0027%:\u0027||t.id||\u0027:%\u0027\n    ) cnt\nfrom eba_cust_reference_TYPES t\norder by 2 desc"
            }
           ,"Column Mapping":{
              "Series Name":"GROUP_NAME"
             ,"Label":"GROUP_NAME"
             ,"Value":"CNT"
            }
           ,"Appearance":{
              "Assigned To Y2 Axis":false
            }
           ,"Link":{
              "Type":"Redirect to Page in this Application"
             ,"Target":{
                "url":"f?p=\u0026APP_ID.:122:\u0026SESSION.::\u0026DEBUG.:RP,122,RIR:IR_REFERENCE_TYPE:\u0026GROUP_NAME."
               ,"Page":"122"
               ,"Clear Cache":"RP,122,RIR"
               ,"Values":{
                  "IR_REFERENCE_TYPE":"\u0026GROUP_NAME."
                }
              }
            }
           ,"Label":{
              "Show":false
            }
          }
        ]
       ,"Axes":[
          {
            "id":"514455765435996053"
           ,"Identification":{
              "Name":"x"
             ,"Show Axis":true
            }
           ,"Value":{
              "Format Scaling":"Automatic"
             ,"Baseline Scaling":"Zero"
             ,"Scale":"Linear"
            }
           ,"Major Ticks":{
              "Show":"Yes"
            }
           ,"Minor Ticks":{
              "Show":false
            }
           ,"Tick Label":{
              "Show":true
             ,"Rotation":true
             ,"Position":"Outside"
            }
          }
         ,{
            "id":"514455873884996054"
           ,"Identification":{
              "Name":"y"
             ,"Show Axis":true
            }
           ,"Value":{
              "Format":"Decimal"
             ,"Decimal Places":0
             ,"Format Scaling":"Automatic"
             ,"Baseline Scaling":"Zero"
             ,"Scale":"Linear"
            }
           ,"Appearance":{
              "Position":"Automatic"
            }
           ,"Major Ticks":{
              "Show":"Yes"
            }
           ,"Minor Ticks":{
              "Show":false
            }
           ,"Tick Label":{
              "Show":true
            }
          }
        ]
      }
    }
   ,{
      "id":"514455931154996055"
     ,"Identification":{
        "Title":"by Phase"
       ,"Type":"Chart"
      }
     ,"Source":{
        "Page Items to Submit":[
          "P100_CATEGORY"
         ,"P100_GEO"
        ]
      }
     ,"Layout":{
        "Sequence":60
       ,"Parent Region":"No Parent"
       ,"Position":"BODY"
       ,"Start New Layout":false
       ,"Start New Row":false
       ,"Column":"Automatic"
       ,"New Column":false
       ,"Column Span":"Automatic"
      }
     ,"Appearance":{
        "Template":"Standard (14888264683728691846)"
       ,"Template Options":[
          "#DEFAULT#"
         ,"t-Region--scrollBody"
        ]
       ,"CSS Classes":[
          "scrollable-region"
        ]
       ,"Render Components":"Above Content"
      }
     ,"Accessibility":{
        "Use Landmark":true
       ,"Landmark Type":"Template Default"
      }
     ,"Advanced":{
        "Region Display Selector":true
       ,"Exclude Title from Translation":false
      }
     ,"Security":{
        "Escape special characters":true
      }
     ,"Server Cache":{
        "Caching":"Disabled"
      }
     ,"Customization":{
        "Customizable":"Not Customizable By End Users"
      }
     ,"Attributes":{
        "id":"514456018113996056"
       ,"Chart":{
          "Type":"Bar"
        }
       ,"Appearance":{
          "Orientation":"Vertical"
         ,"Stack":false
        }
       ,"Data Cursor":{
          "Cursor":"Automatic"
         ,"Behavior":"Automatic"
         ,"Dim On Hover":false
        }
       ,"Multi-Series Chart Data":{
          "Fill Gaps in Chart Data":true
         ,"Sort Order":"Label - Ascending"
         ,"Render Gap as Zero":true
        }
       ,"Settings":{
          "Zoom and Scroll":"No"
        }
       ,"Animation":{
          "On Display":"None"
         ,"On Data Change":"None"
        }
       ,"Tooltip":{
          "Show":true
         ,"Show Series Name":false
         ,"Show Group Name":false
         ,"Show Value":true
        }
       ,"Legend":{
          "Show":true
         ,"Position":"Top"
         ,"Hide and Show Behavior":"None"
        }
       ,"Series":[
          {
            "id":"514456156630996057"
           ,"Identification":{
              "Name":"Geography"
            }
           ,"Execution":{
              "Sequence":10
            }
           ,"Source":{
              "Location":"Local Database"
             ,"Type":"SQL Query"
             ,"SQL Query":"select id,\n    status group_name,\n    (   select count(distinct(pu.customer_id))\n        from eba_cust_product_uses pu\n        where pu.reference_status_id = t.id\n    ) cnt\nfrom eba_cust_product_statuses t\norder by status"
            }
           ,"Column Mapping":{
              "Series Name":"GROUP_NAME"
             ,"Label":"GROUP_NAME"
             ,"Value":"CNT"
            }
           ,"Appearance":{
              "Assigned To Y2 Axis":false
            }
           ,"Label":{
              "Show":false
            }
          }
        ]
       ,"Axes":[
          {
            "id":"514456253660996058"
           ,"Identification":{
              "Name":"x"
             ,"Show Axis":true
            }
           ,"Value":{
              "Format Scaling":"Automatic"
             ,"Baseline Scaling":"Zero"
             ,"Scale":"Linear"
            }
           ,"Major Ticks":{
              "Show":"Yes"
            }
           ,"Minor Ticks":{
              "Show":false
            }
           ,"Tick Label":{
              "Show":true
             ,"Rotation":true
             ,"Position":"Outside"
            }
          }
         ,{
            "id":"514456347735996059"
           ,"Identification":{
              "Name":"y"
             ,"Show Axis":true
            }
           ,"Value":{
              "Format":"Decimal"
             ,"Decimal Places":0
             ,"Format Scaling":"Automatic"
             ,"Baseline Scaling":"Zero"
             ,"Scale":"Linear"
            }
           ,"Appearance":{
              "Position":"Automatic"
            }
           ,"Major Ticks":{
              "Show":"Yes"
            }
           ,"Minor Ticks":{
              "Show":false
            }
           ,"Tick Label":{
              "Show":true
            }
          }
        ]
      }
    }
   ,{
      "id":"20275965120859680528"
     ,"Identification":{
        "Title":"Product Summary"
       ,"Type":"Badge List"
      }
     ,"Source":{
        "SQL Query":"select label, nvl(to_number(value,\u0027999G999G990\u0027),0) value, url from (\nwith data as (\n    select count(*) total,\n        count( distinct product_family_id ) families\n    from eba_cust_products p\n--    where (NVL(:P100_CATEGORY,0) = 0 or CATEGORY_ID = :P100_CATEGORY) and\n--          (NVL(:P100_GEO,0) = 0 or :P100_GEO = c.geography_id)\n), rws as (\n    select level r from dual connect by level \u003C 4\n)\nselect rws.r display_order,\n    decode(rws.r, 1, \u0027Products Tracked\u0027,    2, \u0027Product Families\u0027,    3, \u0027Referenceable\u0027)  label,\n    decode(rws.r, 1, data.total, 2, data.families, 3, ( select count(*)\n                                                        from eba_cust_product_uses pu\n                                                        where pu.reference_type_ids is not null ) ) value,\n    decode(rws.r, 1, \u0027f?p=\u0027||:APP_ID||\u0027:44:\u0027||:APP_SESSION||\u0027:::44,RIR:\u0027,\n                  2, \u0027f?p=\u0027||:APP_ID||\u0027:44:\u0027||:APP_SESSION||\u0027:::44,RIR:\u0027,\n                  3, \u0027f?p=\u0027||:APP_ID||\u0027:59:\u0027||:APP_SESSION||\u0027:::44,RIR:\u0027) url\nfrom data, rws\nunion all\nselect 4 display_order,\n\t\u0027Customers\u0027 label,\n\tcount(*) value,\n\tapex_util.prepare_url(\u0027f?p=\u0027||:APP_ID||\u0027:59:\u0027||:APP_SESSION||\u0027:::59,RIR:\u0027) url\nfrom eba_cust_customers\n)\norder by display_order"
       ,"Page Items to Submit":[
          "P100_CATEGORY"
         ,"P100_GEO"
        ]
      }
     ,"Layout":{
        "Sequence":20
       ,"Parent Region":"No Parent"
       ,"Position":"BODY"
       ,"Start New Layout":false
       ,"Start New Row":true
       ,"Column":"Automatic"
       ,"New Column":true
       ,"Column Span":"Automatic"
      }
     ,"Appearance":{
        "Template":"Standard (14888264683728691846)"
       ,"Template Options":[
          "#DEFAULT#"
         ,"t-Region--noPadding"
         ,"t-Region--hideHeader"
         ,"t-Region--hiddenOverflow"
        ]
       ,"Render Components":"Above Content"
      }
     ,"Accessibility":{
        "Use Landmark":true
       ,"Landmark Type":"Template Default"
      }
     ,"Advanced":{
        "Region Display Selector":false
       ,"Exclude Title from Translation":false
      }
     ,"Security":{
        "Escape special characters":true
      }
     ,"Server Cache":{
        "Caching":"Disabled"
      }
     ,"Customization":{
        "Customizable":"Not Customizable By End Users"
      }
     ,"Attributes":{
        "Settings":{
          "Badge Style":"Default"
         ,"Value":"VALUE"
         ,"Bottom Label":"LABEL"
         ,"Link Target":"\u0026URL."
         ,"Layout":"4 columns"
         ,"Color":"No"
        }
      }
    }
   ,{
      "id":"20275965439126680537"
     ,"Identification":{
        "Title":"Button Bar"
       ,"Type":"Static Content"
      }
     ,"Layout":{
        "Sequence":10
       ,"Parent Region":"No Parent"
       ,"Position":"BODY"
       ,"Start New Layout":false
       ,"Start New Row":true
       ,"Column":"Automatic"
       ,"New Column":true
       ,"Column Span":"Automatic"
      }
     ,"Appearance":{
        "Template":"Buttons Container (14888251272274691825)"
       ,"Template Options":[
          "#DEFAULT#"
         ,"t-ButtonRegion--noPadding"
         ,"t-ButtonRegion--noUI"
        ]
       ,"Render Components":"Above Content"
      }
     ,"Accessibility":{
        "Use Landmark":true
       ,"Landmark Type":"Template Default"
      }
     ,"Advanced":{
        "Region Display Selector":false
       ,"Exclude Title from Translation":false
      }
     ,"Server-side Condition":{
        "Type":"Never"
      }
     ,"Server Cache":{
        "Caching":"Disabled"
      }
     ,"Customization":{
        "Customizable":"Not Customizable By End Users"
      }
     ,"Attributes":{
        "Settings":{
          "Output As":"HTML"
         ,"Expand Shortcuts":false
        }
      }
    }
   ,{
      "id":"20275966697771680540"
     ,"Identification":{
        "Title":"Region Display Selector"
       ,"Type":"Region Display Selector"
      }
     ,"Layout":{
        "Sequence":25
       ,"Parent Region":"No Parent"
       ,"Position":"BODY"
       ,"Start New Layout":false
       ,"Start New Row":true
       ,"Column":"Automatic"
       ,"New Column":true
       ,"Column Span":"Automatic"
      }
     ,"Appearance":{
        "Template":"None"
       ,"Render Components":"Above Content"
      }
     ,"Advanced":{
        "Exclude Title from Translation":false
      }
     ,"Server Cache":{
        "Caching":"Disabled"
      }
     ,"Customization":{
        "Customizable":"Not Customizable By End Users"
      }
     ,"Attributes":{
        "Settings":{
          "Mode":"View Single Region"
         ,"Display Region Icons":false
         ,"Include \u0027Show All\u0027":true
         ,"Remember Selection":"No"
        }
      }
    }
   ,{
      "id":"20275967821788680543"
     ,"Identification":{
        "Title":"by Internal Contact"
       ,"Type":"HTML 5 Bar Chart"
      }
     ,"Source":{
        "SQL Query":"select internal_contact,\n    count(*) customers\nfrom eba_cust_product_uses\nwhere internal_contact is not null\ngroup by internal_contact\norder by lower(internal_contact)"
      }
     ,"Layout":{
        "Sequence":70
       ,"Parent Region":"No Parent"
       ,"Position":"BODY"
       ,"Start New Layout":false
       ,"Start New Row":true
       ,"Column":"Automatic"
       ,"New Column":true
       ,"Column Span":"Automatic"
      }
     ,"Appearance":{
        "Template":"Standard (14888264683728691846)"
       ,"Template Options":[
          "#DEFAULT#"
         ,"t-Region--scrollBody"
        ]
       ,"Render Components":"Above Content"
      }
     ,"Accessibility":{
        "Use Landmark":true
       ,"Landmark Type":"Template Default"
      }
     ,"Advanced":{
        "Region Display Selector":true
       ,"Exclude Title from Translation":false
      }
     ,"Security":{
        "Escape special characters":true
      }
     ,"Server Cache":{
        "Caching":"Disabled"
      }
     ,"Customization":{
        "Customizable":"Not Customizable By End Users"
      }
     ,"Attributes":{
        "Settings":{
          "Label Column":"INTERNAL_CONTACT"
         ,"Value Column":"CUSTOMERS"
         ,"Label Link Target":{
            "url":"f?p=\u0026APP_ID.:122:\u0026SESSION.::\u0026DEBUG.:RP,RIR,122:IREQ_REF_RECRUITMENT_OWNER:\u0026INTERNAL_CONTACT."
           ,"Page":"122"
           ,"Clear Cache":"RP,RIR,122"
           ,"Values":{
              "IREQ_REF_RECRUITMENT_OWNER":"\u0026INTERNAL_CONTACT."
            }
          }
         ,"Value Link Target":{
            "url":"f?p=\u0026APP_ID.:122:\u0026SESSION.::\u0026DEBUG.:RP,RIR,122:IREQ_REF_RECRUITMENT_OWNER:\u0026INTERNAL_CONTACT."
           ,"Page":"122"
           ,"Clear Cache":"RP,RIR,122"
           ,"Values":{
              "IREQ_REF_RECRUITMENT_OWNER":"\u0026INTERNAL_CONTACT."
            }
          }
         ,"Value Display":"Value"
         ,"Bar Width Calculation":"Absolute"
         ,"Display Type":"Text Chart"
         ,"Text Position":"Inline"
         ,"Color Scheme":"Theme Colors"
         ,"Maximum Rows":50
         ,"Message When No Data Found":"No data found."
        }
      }
    }
   ,{
      "id":"20275968256735680544"
     ,"Identification":{
        "Title":"Breadcrumb"
       ,"Type":"Breadcrumb"
      }
     ,"Source":{
        "Breadcrumb":"Breadcrumb (17869143586620226407)"
      }
     ,"Layout":{
        "Sequence":40
       ,"Parent Region":"No Parent"
       ,"Position":"REGION_POSITION_01"
       ,"Start New Layout":false
       ,"Start New Row":true
       ,"Column":"Automatic"
       ,"New Column":true
       ,"Column Span":"Automatic"
      }
     ,"Appearance":{
        "Template":"Title Bar (14888267217215691848)"
       ,"Template Options":[
          "#DEFAULT#"
         ,"t-BreadcrumbRegion--useBreadcrumbTitle"
        ]
       ,"Render Components":"Above Content"
      }
     ,"Accessibility":{
        "Use Landmark":true
       ,"Landmark Type":"Template Default"
      }
     ,"Advanced":{
        "Region Display Selector":false
       ,"Exclude Title from Translation":false
      }
     ,"Server Cache":{
        "Caching":"Disabled"
      }
     ,"Customization":{
        "Customizable":"Not Customizable By End Users"
      }
     ,"Attributes":{
        "Appearance":{
          "Breadcrumb Template":"Breadcrumb (14888282717314691893)"
         ,"Template Options":[
            "#DEFAULT#"
          ]
        }
      }
    }
  ]
 ,"Page Items":[
    {
      "id":"20275965837618680537"
     ,"Identification":{
        "Name":"P100_CATEGORY"
       ,"Type":"Select List"
      }
     ,"Label":{
        "Label":"Category"
       ,"Alignment":"Left"
      }
     ,"Settings":{
        "Page Action on Selection":"None"
       ,"Allow Multi Selection":false
      }
     ,"Layout":{
        "Sequence":10
       ,"Region":"Button Bar (20275965439126680537)"
       ,"Position":"BODY"
       ,"Alignment":"Left"
       ,"Start New Layout":false
       ,"Start New Row":true
       ,"Column":"Automatic"
       ,"New Column":true
       ,"Column Span":"Automatic"
       ,"Label Column Span":"Page Template Default"
      }
     ,"Appearance":{
        "Template":"Optional (14888281543517691887)"
       ,"Template Options":[
          "#DEFAULT#"
        ]
       ,"Height":1
      }
     ,"Validation":{
        "Value Required":false
      }
     ,"List of Values":{
        "Type":"Shared Component"
       ,"List of Values":"CAT (14893788503901989125)"
       ,"Display Extra Values":true
       ,"Display Null Value":true
       ,"Null Display Value":"- All -"
       ,"Null Return Value":"0"
      }
     ,"Advanced":{
        "Warn on Unsaved Changes":"Page Default"
      }
     ,"Source":{
        "Type":"Static Value"
       ,"Static Value":"0"
       ,"Used":"Only when current value in session state is null"
      }
     ,"Default":{
        "Type":"Static"
       ,"Static Value":"0"
      }
     ,"Session State":{
        "Storage":"Per Session (Persistent)"
      }
     ,"Quick Picks":{
        "Show Quick Picks":false
      }
     ,"Security":{
        "Session State Protection":"Unrestricted"
       ,"Store value encrypted in session state":false
       ,"Restricted Characters":"All characters can be saved."
      }
    }
   ,{
      "id":"20275966253583680540"
     ,"Identification":{
        "Name":"P100_GEO"
       ,"Type":"Select List"
      }
     ,"Label":{
        "Label":"Geography"
       ,"Alignment":"Left"
      }
     ,"Settings":{
        "Page Action on Selection":"None"
       ,"Allow Multi Selection":false
      }
     ,"Layout":{
        "Sequence":20
       ,"Region":"Button Bar (20275965439126680537)"
       ,"Position":"BODY"
       ,"Alignment":"Left"
       ,"Start New Layout":false
       ,"Start New Row":false
       ,"Column":"Automatic"
       ,"New Column":true
       ,"Column Span":"Automatic"
       ,"Label Column Span":"Page Template Default"
      }
     ,"Appearance":{
        "Template":"Optional (14888281543517691887)"
       ,"Template Options":[
          "#DEFAULT#"
        ]
       ,"Height":1
      }
     ,"Validation":{
        "Value Required":false
      }
     ,"List of Values":{
        "Type":"Shared Component"
       ,"List of Values":"GEOGRAPHY (14893785263994968434)"
       ,"Display Extra Values":true
       ,"Display Null Value":true
       ,"Null Display Value":"- All - "
       ,"Null Return Value":"0"
      }
     ,"Advanced":{
        "Warn on Unsaved Changes":"Page Default"
      }
     ,"Source":{
        "Type":"Null"
       ,"Used":"Only when current value in session state is null"
      }
     ,"Session State":{
        "Storage":"Per Session (Persistent)"
      }
     ,"Quick Picks":{
        "Show Quick Picks":false
      }
     ,"Security":{
        "Session State Protection":"Unrestricted"
       ,"Store value encrypted in session state":false
       ,"Restricted Characters":"All characters can be saved."
      }
    }
  ]
 ,"Buttons":[
    {
      "id":"20275968636225680544"
     ,"Identification":{
        "Button Name":"RESET_REPORT"
       ,"Label":"Reset"
      }
     ,"Layout":{
        "Sequence":1000
       ,"Region":"Breadcrumb (20275968256735680544)"
       ,"Position":"CREATE"
       ,"Start New Layout":false
       ,"Start New Row":true
       ,"Column":"Automatic"
       ,"New Column":true
       ,"Column Span":"Automatic"
      }
     ,"Appearance":{
        "Button Template":"Text with Icon (14888281958145691891)"
       ,"Hot":false
       ,"Template Options":[
          "#DEFAULT#"
         ,"t-Button--iconLeft"
        ]
       ,"Icon":"fa-undo-alt"
      }
     ,"Behavior":{
        "Action":"Redirect to Page in this Application"
       ,"Target":{
          "url":"f?p=\u0026APP_ID.:\u0026APP_PAGE_ID.:\u0026SESSION.::\u0026DEBUG.:RP,\u0026APP_PAGE_ID.,RIR::"
         ,"Page":"\u0026APP_PAGE_ID."
         ,"Clear Cache":"RP,\u0026APP_PAGE_ID.,RIR"
        }
       ,"Warn on Unsaved Changes":"Do Not Check"
      }
    }
  ]
 ,"Dynamic Actions":[
    {
      "id":"20275969373365680550"
     ,"Identification":{
        "Name":"geo"
      }
     ,"Execution":{
        "Sequence":20
      }
     ,"When":{
        "Event":"EVENT.EVENT.BROWSER.CHANGE"
       ,"Selection Type":"Item(s)"
       ,"Item(s)":[
          "P100_GEO"
        ]
      }
     ,"Execution":{
        "Event Scope":"Static"
       ,"Type":"Immediate"
      }
     ,"Actions":[
        {
          "id":"20275970860942680554"
         ,"Identification":{
            "Action":"Refresh"
          }
         ,"Affected Elements":{
            "Selection Type":"Region"
           ,"Region":"by Internal Contact (20275967821788680543)"
          }
         ,"Execution":{
            "Sequence":30
           ,"Event":"geo (20275969373365680550)"
           ,"Fire When Event Result Is":"True"
           ,"Fire on Initialization":false
          }
        }
       ,{
          "id":"20275971348796680555"
         ,"Identification":{
            "Action":"Refresh"
          }
         ,"Affected Elements":{
            "Selection Type":"Region"
           ,"Region":"Product Summary (20275965120859680528)"
          }
         ,"Execution":{
            "Sequence":40
           ,"Event":"geo (20275969373365680550)"
           ,"Fire When Event Result Is":"True"
           ,"Fire on Initialization":false
          }
        }
      ]
    }
   ,{
      "id":"20275971711655680555"
     ,"Identification":{
        "Name":"cat"
      }
     ,"Execution":{
        "Sequence":10
      }
     ,"When":{
        "Event":"EVENT.EVENT.BROWSER.CHANGE"
       ,"Selection Type":"Item(s)"
       ,"Item(s)":[
          "P100_CATEGORY"
        ]
      }
     ,"Execution":{
        "Event Scope":"Static"
       ,"Type":"Immediate"
      }
     ,"Actions":[
        {
          "id":"20275973275965680556"
         ,"Identification":{
            "Action":"Refresh"
          }
         ,"Affected Elements":{
            "Selection Type":"Region"
           ,"Region":"by Internal Contact (20275967821788680543)"
          }
         ,"Execution":{
            "Sequence":30
           ,"Event":"cat (20275971711655680555)"
           ,"Fire When Event Result Is":"True"
           ,"Fire on Initialization":false
          }
        }
       ,{
          "id":"20275973749965680556"
         ,"Identification":{
            "Action":"Refresh"
          }
         ,"Affected Elements":{
            "Selection Type":"Region"
           ,"Region":"Product Summary (20275965120859680528)"
          }
         ,"Execution":{
            "Sequence":40
           ,"Event":"cat (20275971711655680555)"
           ,"Fire When Event Result Is":"True"
           ,"Fire on Initialization":false
          }
        }
      ]
    }
  ]
}
