{
  "id":"192"
 ,"Identification":{
    "Name":"New User Details"
   ,"Alias":"NEW-USER-DETAILS"
   ,"Title":"New User Details"
  }
 ,"Appearance":{
    "Page Mode":"Modal Dialog"
   ,"Dialog Template":"Modal Dialog (14888237770834691803)"
   ,"Template Options":[
      "#DEFAULT#"
    ]
  }
 ,"Dialog":{
    "Chained":true
  }
 ,"Navigation Menu":{
    "Override User Interface Level":false
  }
 ,"Navigation":{
    "Cursor Focus":"First item on page"
   ,"Warn on Unsaved Changes":false
  }
 ,"JavaScript":{
    "Function and Global Variable Declaration":"var htmldb_delete_message=\u0027\"DELETE_CONFIRM_MSG\"\u0027;"
  }
 ,"Security":{
    "Authorization Scheme":"ADMINISTRATION RIGHTS (15704753031447651527)"
   ,"Authentication":"Page Requires Authentication"
   ,"Deep Linking":"Application Default"
   ,"Page Access Protection":"Arguments Must Have Checksum"
   ,"Form Auto Complete":"Off"
   ,"Browser Cache":"Application Default"
  }
 ,"Session Management":{
    "Rejoin Sessions":"Application Default"
  }
 ,"Advanced":{
    "Enable duplicate page submissions":"Yes - Enable page to be re-posted"
   ,"Reload on Submit":"Always"
  }
 ,"Server Cache":{
    "Caching":"Disabled"
  }
 ,"Help":{
    "Help Text":"No help is available for this page."
  }
 ,"Regions":[
    {
      "id":"3158269349879280675"
     ,"Identification":{
        "Title":"Buttons"
       ,"Type":"Static Content"
      }
     ,"Layout":{
        "Sequence":30
       ,"Parent Region":"No Parent"
       ,"Position":"REGION_POSITION_03"
       ,"Start New Layout":false
       ,"Start New Row":true
       ,"Column":"Automatic"
       ,"New Column":true
       ,"Column Span":"Automatic"
      }
     ,"Appearance":{
        "Template":"Buttons Container (14888251272274691825)"
       ,"Template Options":[
          "#DEFAULT#"
        ]
       ,"Render Components":"Above Content"
      }
     ,"Accessibility":{
        "Use Landmark":true
       ,"Landmark Type":"Template Default"
      }
     ,"Advanced":{
        "Region Display Selector":true
       ,"Exclude Title from Translation":false
      }
     ,"Server Cache":{
        "Caching":"Disabled"
      }
     ,"Customization":{
        "Customizable":"Not Customizable By End Users"
      }
     ,"Attributes":{
        "Settings":{
          "Output As":"HTML"
         ,"Expand Shortcuts":false
        }
      }
    }
   ,{
      "id":"5935530818816222077"
     ,"Identification":{
        "Title":"Information"
       ,"Type":"PL\/SQL Dynamic Content [Legacy]"
      }
     ,"Source":{
        "PL\/SQL Code":"htp.prn(replace(\n    apex_lang.message(\u0027ACCESS_CONTROL_INFO\u0027),\n    \u0027#IMAGE_PREFIX\u0027||\u0027#\u0027,\n    :image_prefix));"
      }
     ,"Layout":{
        "Sequence":10
       ,"Parent Region":"No Parent"
       ,"Position":"REGION_POSITION_01"
       ,"Start New Layout":false
       ,"Start New Row":true
       ,"Column":"Automatic"
       ,"New Column":true
       ,"Column Span":"Automatic"
      }
     ,"Appearance":{
        "Template":"Standard (14888264683728691846)"
       ,"Template Options":[
          "#DEFAULT#"
         ,"t-Region--hideHeader"
         ,"t-Region--noBorder"
         ,"t-Region--hiddenOverflow"
        ]
       ,"Render Components":"Above Content"
      }
     ,"Accessibility":{
        "Use Landmark":true
       ,"Landmark Type":"Template Default"
      }
     ,"Advanced":{
        "Region Display Selector":false
       ,"Exclude Title from Translation":true
      }
     ,"Server Cache":{
        "Caching":"Disabled"
      }
     ,"Customization":{
        "Customizable":"Not Customizable By End Users"
      }
    }
   ,{
      "id":"5935531025396224006"
     ,"Identification":{
        "Title":"Form Items"
       ,"Type":"Static Content"
      }
     ,"Layout":{
        "Sequence":20
       ,"Parent Region":"User Details (7039109521329997885)"
       ,"Position":"SUB_REGIONS"
       ,"Start New Layout":false
       ,"Start New Row":true
       ,"Column":"Automatic"
       ,"New Column":true
       ,"Column Span":"Automatic"
      }
     ,"Appearance":{
        "Template":"Blank with Attributes (14888250988334691823)"
       ,"Render Components":"Above Content"
      }
     ,"Accessibility":{
        "Use Landmark":true
       ,"Landmark Type":"Template Default"
      }
     ,"Advanced":{
        "Region Display Selector":false
       ,"Exclude Title from Translation":false
      }
     ,"Server Cache":{
        "Caching":"Disabled"
      }
     ,"Customization":{
        "Customizable":"Not Customizable By End Users"
      }
     ,"Attributes":{
        "Settings":{
          "Output As":"HTML"
         ,"Expand Shortcuts":false
        }
      }
    }
   ,{
      "id":"7039109521329997885"
     ,"Identification":{
        "Title":"User Details"
       ,"Type":"Static Content"
      }
     ,"Layout":{
        "Sequence":20
       ,"Parent Region":"No Parent"
       ,"Position":"BODY"
       ,"Start New Layout":false
       ,"Start New Row":true
       ,"Column":"Automatic"
       ,"New Column":true
       ,"Column Span":"Automatic"
      }
     ,"Appearance":{
        "Template":"Standard (14888264683728691846)"
       ,"Template Options":[
          "#DEFAULT#"
         ,"t-Region--hideHeader"
         ,"t-Region--noBorder"
         ,"t-Region--scrollBody"
        ]
       ,"Render Components":"Above Content"
      }
     ,"Accessibility":{
        "Use Landmark":true
       ,"Landmark Type":"Template Default"
      }
     ,"Advanced":{
        "Region Display Selector":false
       ,"Exclude Title from Translation":false
      }
     ,"Server Cache":{
        "Caching":"Disabled"
      }
     ,"Customization":{
        "Customizable":"Not Customizable By End Users"
      }
     ,"Attributes":{
        "Settings":{
          "Output As":"HTML"
         ,"Expand Shortcuts":false
        }
      }
    }
  ]
 ,"Page Items":[
    {
      "id":"1192996410954518142"
     ,"Identification":{
        "Name":"P192_USERNAME"
       ,"Type":"Text Field"
      }
     ,"Label":{
        "Label":"Username"
       ,"Alignment":"Left"
      }
     ,"Settings":{
        "Subtype":"Text"
       ,"Trim Spaces":"None"
       ,"Text Case":"NO CHANGE"
       ,"Submit when Enter pressed":false
       ,"Disabled":false
      }
     ,"Layout":{
        "Sequence":20
       ,"Region":"Form Items (5935531025396224006)"
       ,"Position":"BODY"
       ,"Alignment":"Left"
       ,"Start New Layout":false
       ,"Start New Row":true
       ,"Column":"Automatic"
       ,"New Column":true
       ,"Column Span":"Automatic"
       ,"Label Column Span":"Page Template Default"
      }
     ,"Appearance":{
        "Template":"Required (14888281618892691888)"
       ,"Template Options":[
          "#DEFAULT#"
        ]
       ,"Width":64
      }
     ,"Validation":{
        "Value Required":true
       ,"Maximum Length":255
      }
     ,"Advanced":{
        "Warn on Unsaved Changes":"Page Default"
      }
     ,"Source":{
        "Type":"Null"
       ,"Used":"Only when current value in session state is null"
      }
     ,"Session State":{
        "Storage":"Per Session (Persistent)"
      }
     ,"Quick Picks":{
        "Show Quick Picks":false
      }
     ,"Read Only":{
        "Type":"Expression"
       ,"Language":"PL\/SQL"
       ,"PL\/SQL Expression":":P192_SEQUENCE is not null and lower(:APP_USER) = lower(:P192_USERNAME)"
      }
     ,"Security":{
        "Session State Protection":"Unrestricted"
       ,"Store value encrypted in session state":true
       ,"Restricted Characters":"Blocklist HTML command characters (\u003C\u003E\")"
      }
     ,"Help":{
        "Help Text":"The username assigned by this user."
      }
    }
   ,{
      "id":"1192997251357518142"
     ,"Identification":{
        "Name":"P192_ACCESS_LEVEL_ID"
       ,"Type":"Radio Group"
      }
     ,"Label":{
        "Label":"Access Level"
       ,"Alignment":"Left"
      }
     ,"Settings":{
        "Number of Columns":1
       ,"Page Action on Selection":"None"
      }
     ,"Layout":{
        "Sequence":30
       ,"Region":"Form Items (5935531025396224006)"
       ,"Position":"BODY"
       ,"Alignment":"Left"
       ,"Start New Layout":false
       ,"Start New Row":true
       ,"Column":"Automatic"
       ,"New Column":true
       ,"Column Span":"Automatic"
       ,"Label Column Span":"Page Template Default"
      }
     ,"Appearance":{
        "Template":"Required (14888281618892691888)"
       ,"Template Options":[
          "#DEFAULT#"
        ]
      }
     ,"Validation":{
        "Value Required":true
      }
     ,"List of Values":{
        "Type":"Shared Component"
       ,"List of Values":"ACCESS_LEVELS (15719670033206442554)"
       ,"Display Extra Values":true
       ,"Display Null Value":false
      }
     ,"Advanced":{
        "Warn on Unsaved Changes":"Page Default"
      }
     ,"Source":{
        "Type":"Null"
       ,"Used":"Only when current value in session state is null"
      }
     ,"Default":{
        "Type":"Static"
       ,"Static Value":"2"
      }
     ,"Session State":{
        "Storage":"Per Session (Persistent)"
      }
     ,"Read Only":{
        "Type":"Expression"
       ,"Language":"PL\/SQL"
       ,"PL\/SQL Expression":":P192_SEQUENCE is not null and lower(:APP_USER) = lower(:P192_USERNAME)"
      }
     ,"Security":{
        "Session State Protection":"Unrestricted"
       ,"Store value encrypted in session state":false
       ,"Escape special characters":true
       ,"Restricted Characters":"Blocklist HTML command characters (\u003C\u003E\")"
      }
     ,"Help":{
        "Help Text":"The access level assigned to this user."
      }
    }
   ,{
      "id":"1192998192376518143"
     ,"Identification":{
        "Name":"P192_SEQUENCE"
       ,"Type":"Hidden"
      }
     ,"Settings":{
        "Value Protected":true
      }
     ,"Layout":{
        "Sequence":40
       ,"Region":"Form Items (5935531025396224006)"
       ,"Position":"BODY"
      }
     ,"Advanced":{
        "Warn on Unsaved Changes":"Page Default"
      }
     ,"Source":{
        "Type":"Null"
       ,"Used":"Only when current value in session state is null"
      }
     ,"Session State":{
        "Data Type":"VARCHAR2"
       ,"Storage":"Per Session (Persistent)"
      }
     ,"Security":{
        "Session State Protection":"Checksum Required - Session Level"
       ,"Store value encrypted in session state":false
       ,"Restricted Characters":"All characters can be saved."
      }
    }
  ]
 ,"Buttons":[
    {
      "id":"1192998862260518144"
     ,"Identification":{
        "Button Name":"CANCEL"
       ,"Label":"Cancel"
      }
     ,"Layout":{
        "Sequence":40
       ,"Region":"Buttons (3158269349879280675)"
       ,"Position":"PREVIOUS"
       ,"Start New Layout":false
       ,"Start New Row":true
       ,"Column":"Automatic"
       ,"New Column":true
       ,"Column Span":"Automatic"
      }
     ,"Appearance":{
        "Button Template":"Text (14888282487315691892)"
       ,"Hot":false
       ,"Template Options":[
          "#DEFAULT#"
        ]
      }
     ,"Behavior":{
        "Action":"Defined by Dynamic Action"
       ,"Execute Validations":true
      }
    }
   ,{
      "id":"1192999255246518144"
     ,"Identification":{
        "Button Name":"DELETE"
       ,"Label":"Delete"
      }
     ,"Layout":{
        "Sequence":50
       ,"Region":"Buttons (3158269349879280675)"
       ,"Position":"EDIT"
       ,"Start New Layout":false
       ,"Start New Row":true
       ,"Column":"Automatic"
       ,"New Column":true
       ,"Column Span":"Automatic"
      }
     ,"Appearance":{
        "Button Template":"Text (14888282487315691892)"
       ,"Hot":false
       ,"Template Options":[
          "#DEFAULT#"
         ,"t-Button--simple"
         ,"t-Button--danger"
        ]
      }
     ,"Behavior":{
        "Action":"Redirect to URL"
       ,"Target":"javascript:apex.confirm(htmldb_delete_message,\u0027DELETE\u0027);"
       ,"Execute Validations":false
       ,"Warn on Unsaved Changes":"Do Not Check"
      }
     ,"Server-side Condition":{
        "Type":"Expression"
       ,"Language":"PL\/SQL"
       ,"PL\/SQL Expression":":P192_SEQUENCE is not null and lower(:APP_USER) != lower(:P192_USERNAME)"
      }
    }
   ,{
      "id":"1192999694387518144"
     ,"Identification":{
        "Button Name":"SAVE"
       ,"Label":"Apply Changes"
      }
     ,"Layout":{
        "Sequence":20
       ,"Region":"Buttons (3158269349879280675)"
       ,"Position":"EDIT"
       ,"Start New Layout":false
       ,"Start New Row":true
       ,"Column":"Automatic"
       ,"New Column":true
       ,"Column Span":"Automatic"
      }
     ,"Appearance":{
        "Button Template":"Text (14888282487315691892)"
       ,"Hot":true
       ,"Template Options":[
          "#DEFAULT#"
         ,"t-Button--gapLeft"
        ]
      }
     ,"Behavior":{
        "Action":"Submit Page"
       ,"Execute Validations":true
       ,"Warn on Unsaved Changes":"Do Not Check"
      }
     ,"Server-side Condition":{
        "Type":"Item is NOT NULL"
       ,"Item":"P192_SEQUENCE"
      }
    }
   ,{
      "id":"1193000106176518145"
     ,"Identification":{
        "Button Name":"CREATE_AGAIN"
       ,"Label":"Add and Add Another"
      }
     ,"Layout":{
        "Sequence":10
       ,"Region":"Buttons (3158269349879280675)"
       ,"Position":"CREATE"
       ,"Start New Layout":false
       ,"Start New Row":true
       ,"Column":"Automatic"
       ,"New Column":true
       ,"Column Span":"Automatic"
      }
     ,"Appearance":{
        "Button Template":"Text (14888282487315691892)"
       ,"Hot":false
       ,"Template Options":[
          "#DEFAULT#"
        ]
      }
     ,"Behavior":{
        "Action":"Submit Page"
       ,"Execute Validations":true
       ,"Warn on Unsaved Changes":"Do Not Check"
      }
     ,"Server-side Condition":{
        "Type":"Item is NULL"
       ,"Item":"P192_SEQUENCE"
      }
    }
   ,{
      "id":"1193000458692518145"
     ,"Identification":{
        "Button Name":"CREATE"
       ,"Label":"Add User"
      }
     ,"Layout":{
        "Sequence":30
       ,"Region":"Buttons (3158269349879280675)"
       ,"Position":"CREATE"
       ,"Start New Layout":false
       ,"Start New Row":true
       ,"Column":"Automatic"
       ,"New Column":true
       ,"Column Span":"Automatic"
      }
     ,"Appearance":{
        "Button Template":"Text (14888282487315691892)"
       ,"Hot":true
       ,"Template Options":[
          "#DEFAULT#"
         ,"t-Button--gapLeft"
        ]
      }
     ,"Behavior":{
        "Action":"Submit Page"
       ,"Execute Validations":true
       ,"Warn on Unsaved Changes":"Do Not Check"
      }
     ,"Server-side Condition":{
        "Type":"Item is NULL"
       ,"Item":"P192_SEQUENCE"
      }
    }
  ]
 ,"Dynamic Actions":[
    {
      "id":"1193004078852518149"
     ,"Identification":{
        "Name":"Close Dialog"
      }
     ,"Execution":{
        "Sequence":10
      }
     ,"When":{
        "Event":"EVENT.EVENT.BROWSER.CLICK"
       ,"Selection Type":"Button"
       ,"Button":"CANCEL (1192998862260518144)"
      }
     ,"Execution":{
        "Event Scope":"Static"
       ,"Type":"Immediate"
      }
     ,"Actions":[
        {
          "id":"1193004587909518149"
         ,"Identification":{
            "Action":"Close Dialog"
          }
         ,"Execution":{
            "Sequence":10
           ,"Event":"Close Dialog (1193004078852518149)"
           ,"Fire When Event Result Is":"True"
           ,"Fire on Initialization":false
          }
        }
      ]
    }
  ]
 ,"Validations":[
    {
      "id":"1193000985948518146"
     ,"Identification":{
        "Name":"Username is unique"
      }
     ,"Execution":{
        "Sequence":40
      }
     ,"Validation":{
        "Type":"No Rows returned"
       ,"SQL Query":"select\n    null\nfrom\n    apex_collections\nwhere\n    collection_name = \u0027NEW_USERS\u0027\nand\n    lower(c001) = lower(:P192_USERNAME)\nand\n    :P192_SEQUENCE is null;"
       ,"Always Execute":false
      }
     ,"Error":{
        "Error Message":"This username has already been added. Please enter a unique username."
       ,"Display Location":"Inline with Field and in Notification"
       ,"Associated Item":"P192_USERNAME (1192996410954518142)"
      }
    }
   ,{
      "id":"1193001324777518146"
     ,"Identification":{
        "Name":"P192_USERNAME Email is Valid"
      }
     ,"Execution":{
        "Sequence":30
      }
     ,"Validation":{
        "Type":"Item matches Regular Expression"
       ,"Item":"P192_USERNAME"
       ,"Regular Expression":"^[-!#$%\u0026\u0027\u0027\u0027\u0027*+\/0-9=?A-Z^_a-z{|}~](\u005C.?[-!#$%\u0026\u0027\u0027\u0027\u0027*+\/0-9=?A-Z^_a-z{|}~])*@(-?[a-zA-Z0-9+])+(\u005C.(-?[a-zA-Z0-9+])*)+$"
       ,"Always Execute":false
      }
     ,"Error":{
        "Error Message":"Username is not in a valid email address format. Please note the application\u0027s username format below."
       ,"Display Location":"Inline with Field and in Notification"
       ,"Associated Item":"P192_USERNAME (1192996410954518142)"
      }
     ,"Server-side Condition":{
        "Type":"Expression"
       ,"Language":"PL\/SQL"
       ,"PL\/SQL Expression":"eba_cust_fw.get_preference_value (\u0027USERNAME_FORMAT\u0027) = \u0027EMAIL\u0027"
      }
    }
   ,{
      "id":"1193001765265518146"
     ,"Identification":{
        "Name":"cannot update yourself"
      }
     ,"Execution":{
        "Sequence":10
      }
     ,"Validation":{
        "Type":"No Rows returned"
       ,"SQL Query":"select 1\n  from eba_cust_users\n where upper(username) = :APP_USER\n   and upper(username) = upper(:P192_USERNAME)"
       ,"Always Execute":false
      }
     ,"Error":{
        "Error Message":"You cannot update your own record."
       ,"Display Location":"Inline in Notification"
      }
     ,"Server-side Condition":{
        "When Button Pressed":"SAVE (1192999694387518144)"
      }
    }
  ]
 ,"Processes":[
    {
      "id":"1193002049239518147"
     ,"Identification":{
        "Name":"Add User to Collection"
       ,"Type":"Execute Code"
       ,"Execution Chain":"None"
      }
     ,"Source":{
        "Location":"Local Database"
       ,"Language":"PL\/SQL"
       ,"PL\/SQL Code":"apex_collection.add_member(\n    p_collection_name =\u003E \u0027NEW_USERS\u0027,\n    p_c001            =\u003E lower(:P192_USERNAME),\n    p_n001            =\u003E :P192_ACCESS_LEVEL_ID);"
      }
     ,"Execution":{
        "Sequence":10
       ,"Point":"Processing"
       ,"Run Process":"Once Per Page Visit (default)"
      }
     ,"Success Message":{
        "Success Message":"\u0026P192_USERNAME. added successfully."
      }
     ,"Error":{
        "Display Location":"Inline in Notification"
      }
     ,"Server-side Condition":{
        "Type":"Request is contained in Value"
       ,"Value":"CREATE,CREATE_AGAIN"
      }
    }
   ,{
      "id":"1193002465852518147"
     ,"Identification":{
        "Name":"Close Dialog"
       ,"Type":"Close Dialog"
       ,"Execution Chain":"None"
      }
     ,"Execution":{
        "Sequence":40
       ,"Point":"Processing"
       ,"Run Process":"Once Per Page Visit (default)"
      }
     ,"Error":{
        "Display Location":"Inline in Notification"
      }
     ,"Server-side Condition":{
        "Type":"Request is contained in Value"
       ,"Value":"CREATE,SAVE,DELETE"
      }
    }
   ,{
      "id":"1193002836739518147"
     ,"Identification":{
        "Name":"Remove User from Collection"
       ,"Type":"Execute Code"
       ,"Execution Chain":"None"
      }
     ,"Source":{
        "Location":"Local Database"
       ,"Language":"PL\/SQL"
       ,"PL\/SQL Code":"apex_collection.delete_member(p_collection_name =\u003E \u0027NEW_USERS\u0027, p_seq =\u003E :P192_SEQUENCE);"
      }
     ,"Execution":{
        "Sequence":30
       ,"Point":"Processing"
       ,"Run Process":"Once Per Page Visit (default)"
      }
     ,"Error":{
        "Display Location":"Inline in Notification"
      }
     ,"Server-side Condition":{
        "When Button Pressed":"DELETE (1192999255246518144)"
      }
    }
   ,{
      "id":"1193003252358518148"
     ,"Identification":{
        "Name":"Update User in Collection"
       ,"Type":"Execute Code"
       ,"Execution Chain":"None"
      }
     ,"Source":{
        "Location":"Local Database"
       ,"Language":"PL\/SQL"
       ,"PL\/SQL Code":"apex_collection.update_member(\n    p_collection_name =\u003E \u0027NEW_USERS\u0027,\n    p_c001            =\u003E lower(:P192_USERNAME),\n    p_n001            =\u003E :P192_ACCESS_LEVEL_ID,\n    p_seq             =\u003E :P192_SEQUENCE);"
      }
     ,"Execution":{
        "Sequence":20
       ,"Point":"Processing"
       ,"Run Process":"Once Per Page Visit (default)"
      }
     ,"Error":{
        "Display Location":"Inline in Notification"
      }
     ,"Server-side Condition":{
        "When Button Pressed":"SAVE (1192999694387518144)"
      }
    }
   ,{
      "id":"1193003682146518148"
     ,"Identification":{
        "Name":"reset page"
       ,"Type":"Clear Session State"
       ,"Execution Chain":"None"
      }
     ,"Settings":{
        "Type":"Clear all Items on the Current Page"
      }
     ,"Execution":{
        "Sequence":50
       ,"Point":"Processing"
       ,"Run Process":"Once Per Page Visit (default)"
      }
     ,"Error":{
        "Display Location":"Inline in Notification"
      }
     ,"Server-side Condition":{
        "When Button Pressed":"CREATE_AGAIN (1193000106176518145)"
      }
    }
  ]
 ,"Branches":[
    {
      "id":"1193005072547518150"
     ,"Identification":{
        "Name":"Add and Add Another"
      }
     ,"Execution":{
        "Sequence":10
       ,"Point":"After Processing"
      }
     ,"Behavior":{
        "Type":"Page or URL (Redirect)"
       ,"Target":{
          "url":"f?p=\u0026APP_ID.:\u0026APP_PAGE_ID.:\u0026SESSION.::\u0026DEBUG.:\u0026APP_PAGE_ID.::\u0026success_msg=#SUCCESS_MSG#"
         ,"Page":"\u0026APP_PAGE_ID."
         ,"Clear Cache":"\u0026APP_PAGE_ID."
        }
      }
     ,"Server-side Condition":{
        "When Button Pressed":"CREATE_AGAIN (1193000106176518145)"
      }
    }
  ]
}
