{
  "id":"119"
 ,"Identification":{
    "Name":"Review Feedback"
   ,"Alias":"REVIEW-FEEDBACK"
   ,"Title":"Review Feedback"
   ,"Page Group":"Administration (14749179244941290086)"
  }
 ,"Appearance":{
    "Page Mode":"Modal Dialog"
   ,"Dialog Template":"Theme Default"
   ,"Template Options":[
      "#DEFAULT#"
     ,"ui-dialog--stretch"
     ,"t-Dialog--noPadding"
    ]
  }
 ,"Dialog":{
    "Chained":false
  }
 ,"Navigation Menu":{
    "Override User Interface Level":false
  }
 ,"Navigation":{
    "Cursor Focus":"Do not focus cursor"
   ,"Warn on Unsaved Changes":false
  }
 ,"Security":{
    "Authorization Scheme":"ADMINISTRATION RIGHTS (15704753031447651527)"
   ,"Authentication":"Page Requires Authentication"
   ,"Deep Linking":"Application Default"
   ,"Page Access Protection":"Arguments Must Have Checksum"
   ,"Form Auto Complete":"On"
   ,"Browser Cache":"Application Default"
  }
 ,"Session Management":{
    "Rejoin Sessions":"Application Default"
  }
 ,"Advanced":{
    "Enable duplicate page submissions":"Yes - Enable page to be re-posted"
   ,"Reload on Submit":"Always"
  }
 ,"Server Cache":{
    "Caching":"Disabled"
  }
 ,"Help":{
    "Help Text":"\u003Cp\u003EAll user-provided feedback can be reviewed and managed here. If \u003Ca href=\"f?p=\u0026APP_ID.:28:\u0026APP_SESSION.\"\u003Efeedback recipients\u003C\/a\u003E have been defined then feedback submissions will also be emailed to the email addresses in the feedback recipients list. Click the \u003Cstrong\u003EReset\u003C\/strong\u003E button to reset the interactive report. Click the \u003Cstrong\u003EActions\u003C\/strong\u003E button to define the number of rows displayed per page, filter, format, download, and\/or save the interactive report.\u003C\/p\u003E"
  }
 ,"Configuration":{
    "Build Option":"Feedback (18760340844679500439)"
  }
 ,"Regions":[
    {
      "id":"18760723717851574094"
     ,"Identification":{
        "Title":"Feedback"
       ,"Type":"Interactive Report"
      }
     ,"Source":{
        "Location":"Local Database"
       ,"Type":"SQL Query"
       ,"SQL Query":"select ID,\n       APPLICATION_ID,\n       PAGE_ID,\n       FEEDBACK,\n       RESPONSE,\n       TYPE_ID,\n       STATUS,\n       CREATED,\n       CREATED_BY,\n       UPDATED,\n       UPDATED_BY\n  from EBA_CUST_FEEDBACK"
      }
     ,"Layout":{
        "Sequence":20
       ,"Parent Region":"No Parent"
       ,"Position":"BODY"
       ,"Start New Layout":false
       ,"Start New Row":true
       ,"Column":"Automatic"
       ,"New Column":true
       ,"Column Span":"Automatic"
      }
     ,"Appearance":{
        "Template":"Interactive Report (14888264240956691843)"
       ,"Template Options":[
          "#DEFAULT#"
         ,"t-IRR-region--noBorders"
        ]
       ,"Render Components":"Above Content"
      }
     ,"Accessibility":{
        "Use Landmark":true
       ,"Landmark Type":"Template Default"
      }
     ,"Advanced":{
        "Region Display Selector":false
       ,"Exclude Title from Translation":false
      }
     ,"Server Cache":{
        "Caching":"Disabled"
      }
     ,"Customization":{
        "Customizable":"Not Customizable By End Users"
      }
     ,"Attributes":{
        "id":"18760724096838574097"
       ,"Link":{
          "Link Column":"Exclude Link Column"
        }
       ,"Appearance":{
          "Show Null Values as":"-"
        }
       ,"Pagination":{
          "Type":"Row Ranges X to Y"
         ,"Display Position":"Bottom - Right"
        }
       ,"Performance":{
          "Lazy Loading":false
         ,"Maximum Rows to Process":1000000
        }
       ,"Messages":{
          "When No Data Found":"No feedback submissions found."
         ,"When More Data Found":"The maximum row count for this report is #MAX_ROW_COUNT# rows.  Please apply a filter to reduce the number of records in your query."
        }
       ,"Search Bar":{
          "Include Search Bar":true
         ,"Search Field":true
         ,"Finder Drop Down":true
         ,"Reports Select List":true
         ,"Rows Per Page Selector":false
        }
       ,"Actions Menu":{
          "Include Actions Menu":true
         ,"Filter":true
         ,"Select Columns":true
         ,"Rows Per Page":true
         ,"Sort":true
         ,"Control Break":true
         ,"Highlight":true
         ,"Compute":true
         ,"Aggregate":true
         ,"Chart":true
         ,"Group By":true
         ,"Pivot":true
         ,"Flashback":true
         ,"Save Report":true
         ,"Save Public Report":false
         ,"Reset":true
         ,"Help":true
         ,"Download":true
         ,"Subscription":false
        }
       ,"Download":{
          "Formats":[
            "CSV"
           ,"HTML"
           ,"Excel"
           ,"PDF"
          ]
         ,"Send as Email":true
        }
       ,"Heading":{
          "Fixed To":"Page"
        }
       ,"Icon View":{
          "Show":false
        }
       ,"Detail View":{
          "Show":false
        }
       ,"Advanced":{
          "Email From Address":"\u0026P203_EMAIL_FROM_ADDRESS."
        }
       ,"Saved Reports":[
          {
            "id":"18760728514392574117"
           ,"Identification":{
              "Name":"Primary Report"
             ,"Alias":"176746643"
            }
          }
        ]
       ,"Columns":[
          {
            "id":"149258994209514997"
           ,"Identification":{
              "Column Name":"STATUS"
             ,"Type":"Plain Text (based on List of Values)"
            }
           ,"List of Values":{
              "List of Values":"FEEDBACK STATUSES (18760732513670574180)"
            }
           ,"Heading":{
              "Heading":"Status"
             ,"Alignment":"start"
            }
           ,"Single Row View":{
              "Use Column Heading":true
            }
           ,"Layout":{
              "Sequence":21
             ,"Column Alignment":"start"
            }
           ,"Accessibility":{
              "Value Identifies Row":false
            }
           ,"Source":{
              "Primary Key":false
            }
           ,"Column Filter":{
              "Type":"Use Named List of Values to Filter Exact Match"
            }
           ,"Enable Users To":{
              "Hide":true
             ,"Sort":true
             ,"Filter":true
             ,"Highlight":true
             ,"Control Break":true
             ,"Aggregate":true
             ,"Compute":true
             ,"Chart":true
             ,"Group By":true
             ,"Pivot":true
            }
          }
         ,{
            "id":"149259042696514998"
           ,"Identification":{
              "Column Name":"TYPE_ID"
             ,"Type":"Plain Text (based on List of Values)"
            }
           ,"List of Values":{
              "List of Values":"FEEDBACK TYPES (18759788739499379691)"
            }
           ,"Heading":{
              "Heading":"Type"
             ,"Alignment":"start"
            }
           ,"Single Row View":{
              "Use Column Heading":true
            }
           ,"Layout":{
              "Sequence":31
             ,"Column Alignment":"start"
            }
           ,"Accessibility":{
              "Value Identifies Row":false
            }
           ,"Source":{
              "Primary Key":false
            }
           ,"Column Filter":{
              "Type":"Use Named List of Values to Filter Exact Match"
            }
           ,"Enable Users To":{
              "Hide":true
             ,"Sort":true
             ,"Filter":true
             ,"Highlight":true
             ,"Control Break":true
             ,"Aggregate":true
             ,"Compute":true
             ,"Chart":true
             ,"Group By":true
             ,"Pivot":true
            }
          }
         ,{
            "id":"149259224373514999"
           ,"Identification":{
              "Column Name":"RESPONSE"
             ,"Type":"Plain Text"
            }
           ,"Heading":{
              "Heading":"Response"
             ,"Alignment":"start"
            }
           ,"Single Row View":{
              "Use Column Heading":true
            }
           ,"Layout":{
              "Sequence":41
             ,"Column Alignment":"start"
            }
           ,"Accessibility":{
              "Value Identifies Row":false
            }
           ,"Source":{
              "Primary Key":false
            }
           ,"Column Filter":{
              "Type":"Default Based on Column Type"
            }
           ,"Enable Users To":{
              "Hide":true
             ,"Sort":true
             ,"Filter":true
             ,"Highlight":true
             ,"Control Break":true
             ,"Aggregate":true
             ,"Compute":true
             ,"Chart":true
             ,"Group By":true
             ,"Pivot":true
            }
           ,"Security":{
              "Escape special characters":true
            }
          }
         ,{
            "id":"149259287319515000"
           ,"Identification":{
              "Column Name":"FEEDBACK"
             ,"Type":"Plain Text"
            }
           ,"Heading":{
              "Heading":"Feedback"
             ,"Alignment":"start"
            }
           ,"Single Row View":{
              "Use Column Heading":true
            }
           ,"Layout":{
              "Sequence":51
             ,"Column Alignment":"start"
            }
           ,"Accessibility":{
              "Value Identifies Row":false
            }
           ,"Source":{
              "Primary Key":false
            }
           ,"Column Filter":{
              "Type":"Default Based on Column Type"
            }
           ,"Enable Users To":{
              "Hide":true
             ,"Sort":true
             ,"Filter":true
             ,"Highlight":true
             ,"Control Break":true
             ,"Aggregate":true
             ,"Compute":true
             ,"Chart":true
             ,"Group By":true
             ,"Pivot":true
            }
           ,"Security":{
              "Escape special characters":true
            }
          }
         ,{
            "id":"18760724183878574103"
           ,"Identification":{
              "Column Name":"ID"
             ,"Type":"Link"
            }
           ,"Heading":{
              "Heading":"\u003Cspan class=\"u-VisuallyHidden\"\u003EEdit\u003C\/span\u003E"
             ,"Alignment":"center"
            }
           ,"Single Row View":{
              "Use Column Heading":true
            }
           ,"Layout":{
              "Sequence":1
             ,"Column Alignment":"center"
            }
           ,"Accessibility":{
              "Value Identifies Row":false
            }
           ,"Link":{
              "Target":{
                "url":"f?p=\u0026APP_ID.:120:\u0026SESSION.::\u0026DEBUG.:RP,204:P120_ID:#ID#"
               ,"Page":"120"
               ,"Clear Cache":"RP,204"
               ,"Values":{
                  "P120_ID":"#ID#"
                }
              }
             ,"Link Text":"\u003Cimg src=\"#IMAGE_PREFIX#app_ui\/img\/icons\/apex-edit-pencil.png\" class=\"apex-edit-pencil\" alt=\"\"\u003E"
            }
           ,"Source":{
              "Primary Key":false
            }
           ,"Column Filter":{
              "Type":"Default Based on Column Type"
            }
           ,"Enable Users To":{
              "Hide":false
             ,"Sort":true
             ,"Filter":false
             ,"Highlight":false
             ,"Control Break":false
             ,"Aggregate":false
             ,"Compute":false
             ,"Chart":false
             ,"Group By":false
             ,"Pivot":false
            }
           ,"Security":{
              "Escape special characters":true
            }
          }
         ,{
            "id":"18760724544486574105"
           ,"Identification":{
              "Column Name":"APPLICATION_ID"
             ,"Type":"Plain Text"
            }
           ,"Heading":{
              "Heading":"Application ID"
             ,"Alignment":"end"
            }
           ,"Single Row View":{
              "Use Column Heading":true
            }
           ,"Layout":{
              "Sequence":2
             ,"Column Alignment":"end"
            }
           ,"Accessibility":{
              "Value Identifies Row":false
            }
           ,"Source":{
              "Primary Key":false
            }
           ,"Column Filter":{
              "Type":"Default Based on Column Type"
            }
           ,"Enable Users To":{
              "Hide":true
             ,"Sort":true
             ,"Filter":true
             ,"Highlight":true
             ,"Control Break":true
             ,"Aggregate":true
             ,"Compute":true
             ,"Chart":true
             ,"Group By":true
             ,"Pivot":true
            }
           ,"Security":{
              "Escape special characters":true
            }
          }
         ,{
            "id":"18760724981632574106"
           ,"Identification":{
              "Column Name":"PAGE_ID"
             ,"Type":"Plain Text"
            }
           ,"Heading":{
              "Heading":"Page"
             ,"Alignment":"end"
            }
           ,"Single Row View":{
              "Use Column Heading":true
            }
           ,"Layout":{
              "Sequence":3
             ,"Column Alignment":"end"
            }
           ,"Accessibility":{
              "Value Identifies Row":false
            }
           ,"Source":{
              "Primary Key":false
            }
           ,"Column Filter":{
              "Type":"Default Based on Column Type"
            }
           ,"Enable Users To":{
              "Hide":true
             ,"Sort":true
             ,"Filter":true
             ,"Highlight":true
             ,"Control Break":true
             ,"Aggregate":true
             ,"Compute":true
             ,"Chart":true
             ,"Group By":true
             ,"Pivot":true
            }
           ,"Security":{
              "Escape special characters":true
            }
          }
         ,{
            "id":"18760727008362574111"
           ,"Identification":{
              "Column Name":"CREATED"
             ,"Type":"Plain Text"
            }
           ,"Heading":{
              "Heading":"Created"
             ,"Alignment":"start"
            }
           ,"Single Row View":{
              "Use Column Heading":true
            }
           ,"Layout":{
              "Sequence":8
             ,"Column Alignment":"start"
            }
           ,"Accessibility":{
              "Value Identifies Row":false
            }
           ,"Appearance":{
              "Format Mask":"SINCE"
            }
           ,"Source":{
              "Primary Key":false
            }
           ,"Column Filter":{
              "Type":"Default Based on Column Type"
             ,"Date Ranges":"All"
            }
           ,"Enable Users To":{
              "Hide":true
             ,"Sort":true
             ,"Filter":true
             ,"Highlight":true
             ,"Control Break":true
             ,"Aggregate":true
             ,"Compute":true
             ,"Chart":true
             ,"Group By":true
             ,"Pivot":true
            }
           ,"Security":{
              "Escape special characters":true
            }
          }
         ,{
            "id":"18760727382523574112"
           ,"Identification":{
              "Column Name":"CREATED_BY"
             ,"Type":"Plain Text"
            }
           ,"Heading":{
              "Heading":"Created By"
             ,"Alignment":"start"
            }
           ,"Single Row View":{
              "Use Column Heading":true
            }
           ,"Layout":{
              "Sequence":9
             ,"Column Alignment":"start"
            }
           ,"Accessibility":{
              "Value Identifies Row":false
            }
           ,"Source":{
              "Primary Key":false
            }
           ,"Column Filter":{
              "Type":"Default Based on Column Type"
            }
           ,"Enable Users To":{
              "Hide":true
             ,"Sort":true
             ,"Filter":true
             ,"Highlight":true
             ,"Control Break":true
             ,"Aggregate":true
             ,"Compute":true
             ,"Chart":true
             ,"Group By":true
             ,"Pivot":true
            }
           ,"Security":{
              "Escape special characters":true
            }
          }
         ,{
            "id":"18760727748653574114"
           ,"Identification":{
              "Column Name":"UPDATED"
             ,"Type":"Plain Text"
            }
           ,"Heading":{
              "Heading":"Updated"
             ,"Alignment":"start"
            }
           ,"Single Row View":{
              "Use Column Heading":true
            }
           ,"Layout":{
              "Sequence":10
             ,"Column Alignment":"start"
            }
           ,"Accessibility":{
              "Value Identifies Row":false
            }
           ,"Appearance":{
              "Format Mask":"SINCE"
            }
           ,"Source":{
              "Primary Key":false
            }
           ,"Column Filter":{
              "Type":"Default Based on Column Type"
             ,"Date Ranges":"All"
            }
           ,"Enable Users To":{
              "Hide":true
             ,"Sort":true
             ,"Filter":true
             ,"Highlight":true
             ,"Control Break":true
             ,"Aggregate":true
             ,"Compute":true
             ,"Chart":true
             ,"Group By":true
             ,"Pivot":true
            }
           ,"Security":{
              "Escape special characters":true
            }
          }
         ,{
            "id":"18760728164415574114"
           ,"Identification":{
              "Column Name":"UPDATED_BY"
             ,"Type":"Plain Text"
            }
           ,"Heading":{
              "Heading":"Updated By"
             ,"Alignment":"start"
            }
           ,"Single Row View":{
              "Use Column Heading":true
            }
           ,"Layout":{
              "Sequence":11
             ,"Column Alignment":"start"
            }
           ,"Accessibility":{
              "Value Identifies Row":false
            }
           ,"Source":{
              "Primary Key":false
            }
           ,"Column Filter":{
              "Type":"Default Based on Column Type"
            }
           ,"Enable Users To":{
              "Hide":true
             ,"Sort":true
             ,"Filter":true
             ,"Highlight":true
             ,"Control Break":true
             ,"Aggregate":true
             ,"Compute":true
             ,"Chart":true
             ,"Group By":true
             ,"Pivot":true
            }
           ,"Security":{
              "Escape special characters":true
            }
          }
        ]
       ,"Printing":{
          "Output":{
            "View File As":"Attachment"
          }
         ,"Page":{
            "Size":"Letter"
           ,"Orientation":"Landscape"
           ,"Units":"Inches"
           ,"Width":11
           ,"Height":8.5
           ,"Border Width":0.5
           ,"Border Color":"#666666"
          }
         ,"Page Header":{
            "Font":"Helvetica"
           ,"Font Weight":"Normal"
           ,"Font Size":12
           ,"Font Color":"#000000"
           ,"Alignment":"center"
          }
         ,"Column Headings":{
            "Font":"Helvetica"
           ,"Font Weight":"Bold"
           ,"Font Size":10
           ,"Font Color":"#000000"
           ,"Background Color":"#EEEEEE"
          }
         ,"Columns":{
            "Font":"Helvetica"
           ,"Font Weight":"Normal"
           ,"Font Size":10
           ,"Font Color":"#000000"
           ,"Background Color":"#FFFFFF"
          }
         ,"Page Footer":{
            "Font":"Helvetica"
           ,"Font Weight":"Normal"
           ,"Font Size":12
           ,"Font Color":"#000000"
           ,"Alignment":"center"
          }
        }
      }
    }
  ]
 ,"Page Items":[
    {
      "id":"18760729779142574133"
     ,"Identification":{
        "Name":"P119_EMAIL_FROM_ADDRESS"
       ,"Type":"Hidden"
      }
     ,"Settings":{
        "Value Protected":true
      }
     ,"Layout":{
        "Sequence":10
       ,"Region":"Feedback (18760723717851574094)"
       ,"Position":"BODY"
      }
     ,"Advanced":{
        "Warn on Unsaved Changes":"Page Default"
      }
     ,"Source":{
        "Type":"Null"
       ,"Used":"Only when current value in session state is null"
      }
     ,"Session State":{
        "Data Type":"VARCHAR2"
       ,"Storage":"Per Session (Persistent)"
      }
     ,"Security":{
        "Session State Protection":"Checksum Required - Session Level"
       ,"Store value encrypted in session state":true
       ,"Restricted Characters":"All characters can be saved."
      }
    }
  ]
 ,"Buttons":[
    {
      "id":"18760729100651574124"
     ,"Identification":{
        "Button Name":"RESET"
       ,"Label":"Reset"
      }
     ,"Layout":{
        "Sequence":10
       ,"Region":"Feedback (18760723717851574094)"
       ,"Position":"RIGHT_OF_IR_SEARCH_BAR"
       ,"Start New Layout":false
       ,"Start New Row":true
       ,"Column":"Automatic"
       ,"New Column":true
       ,"Column Span":"Automatic"
      }
     ,"Appearance":{
        "Button Template":"Icon (14888281684153691889)"
       ,"Hot":false
       ,"Template Options":[
          "#DEFAULT#"
        ]
       ,"Icon":"fa-undo-alt"
      }
     ,"Behavior":{
        "Action":"Redirect to Page in this Application"
       ,"Target":{
          "url":"f?p=\u0026APP_ID.:\u0026APP_PAGE_ID.:\u0026SESSION.::\u0026DEBUG.:RP,\u0026APP_PAGE_ID.,RIR::"
         ,"Page":"\u0026APP_PAGE_ID."
         ,"Clear Cache":"RP,\u0026APP_PAGE_ID.,RIR"
        }
       ,"Warn on Unsaved Changes":"Do Not Check"
      }
    }
  ]
 ,"Dynamic Actions":[
    {
      "id":"18760731533301574161"
     ,"Identification":{
        "Name":"Refresh on close after edit"
      }
     ,"Execution":{
        "Sequence":10
      }
     ,"When":{
        "Event":"EVENT.EVENT.FAMEWORK.APEXAFTERCLOSEDIALOG"
       ,"Selection Type":"Region"
       ,"Region":"Feedback (18760723717851574094)"
      }
     ,"Execution":{
        "Event Scope":"Static"
       ,"Type":"Immediate"
      }
     ,"Actions":[
        {
          "id":"18760732186783574168"
         ,"Identification":{
            "Action":"Refresh"
          }
         ,"Affected Elements":{
            "Selection Type":"Region"
           ,"Region":"Feedback (18760723717851574094)"
          }
         ,"Execution":{
            "Sequence":10
           ,"Event":"Refresh on close after edit (18760731533301574161)"
           ,"Fire When Event Result Is":"True"
           ,"Fire on Initialization":false
          }
        }
      ]
    }
  ]
}
