{
  "id":"118"
 ,"Identification":{
    "Name":"Feedback"
   ,"Alias":"FEEDBACK"
   ,"Title":"Feedback"
   ,"Page Group":"Help (14749179548750291138)"
  }
 ,"Appearance":{
    "Page Mode":"Modal Dialog"
   ,"Dialog Template":"Theme Default"
   ,"Template Options":[
      "#DEFAULT#"
    ]
  }
 ,"Dialog":{
    "Chained":true
  }
 ,"Navigation Menu":{
    "Override User Interface Level":false
  }
 ,"Navigation":{
    "Cursor Focus":"First item on page"
   ,"Warn on Unsaved Changes":false
  }
 ,"Security":{
    "Authentication":"Page Is Public"
  }
 ,"Advanced":{
    "Enable Meta Tags":false
  }
 ,"Security":{
    "Deep Linking":"Application Default"
   ,"Page Access Protection":"Arguments Must Have Checksum"
   ,"Form Auto Complete":"Off"
   ,"Browser Cache":"Application Default"
  }
 ,"Session Management":{
    "Rejoin Sessions":"Application Default"
  }
 ,"Advanced":{
    "Enable duplicate page submissions":"Yes - Enable page to be re-posted"
   ,"Reload on Submit":"Always"
  }
 ,"Server Cache":{
    "Caching":"Disabled"
  }
 ,"Configuration":{
    "Build Option":"Feedback (18760340844679500439)"
  }
 ,"Comments":{
    "Comments":"This page was generated by the feedback wizard"
  }
 ,"Regions":[
    {
      "id":"18759770711434379648"
     ,"Identification":{
        "Title":"Buttons"
       ,"Type":"Static Content"
      }
     ,"Layout":{
        "Sequence":10
       ,"Parent Region":"No Parent"
       ,"Position":"REGION_POSITION_03"
       ,"Start New Layout":false
       ,"Start New Row":true
       ,"Column":"Automatic"
       ,"New Column":true
       ,"Column Span":"Automatic"
      }
     ,"Appearance":{
        "Template":"Buttons Container (14888251272274691825)"
       ,"Template Options":[
          "#DEFAULT#"
        ]
       ,"Render Components":"Above Content"
      }
     ,"Accessibility":{
        "Use Landmark":true
       ,"Landmark Type":"Template Default"
      }
     ,"Advanced":{
        "Region Display Selector":true
       ,"Exclude Title from Translation":false
      }
     ,"Server Cache":{
        "Caching":"Disabled"
      }
     ,"Customization":{
        "Customizable":"Not Customizable By End Users"
      }
     ,"Attributes":{
        "Settings":{
          "Output As":"HTML"
         ,"Expand Shortcuts":false
        }
      }
    }
   ,{
      "id":"18759782406267379655"
     ,"Identification":{
        "Title":"Feedback"
       ,"Type":"Static Content"
      }
     ,"Layout":{
        "Sequence":10
       ,"Parent Region":"No Parent"
       ,"Position":"BODY"
       ,"Start New Layout":false
       ,"Start New Row":true
       ,"Column":"Automatic"
       ,"New Column":true
       ,"Column Span":"Automatic"
      }
     ,"Appearance":{
        "Template":"Standard (14888264683728691846)"
       ,"Template Options":[
          "#DEFAULT#"
         ,"t-Region--hideHeader"
         ,"t-Region--noUI"
         ,"t-Region--hiddenOverflow"
        ]
       ,"Render Components":"Above Content"
      }
     ,"Accessibility":{
        "Use Landmark":true
       ,"Landmark Type":"Template Default"
      }
     ,"Advanced":{
        "Region Display Selector":false
       ,"Exclude Title from Translation":false
      }
     ,"Server Cache":{
        "Caching":"Disabled"
      }
     ,"Customization":{
        "Customizable":"Not Customizable By End Users"
      }
     ,"Attributes":{
        "Settings":{
          "Output As":"HTML"
         ,"Expand Shortcuts":false
        }
      }
    }
  ]
 ,"Page Items":[
    {
      "id":"18759782791955379655"
     ,"Identification":{
        "Name":"P118_APPLICATION_ID"
       ,"Type":"Hidden"
      }
     ,"Settings":{
        "Value Protected":true
      }
     ,"Layout":{
        "Sequence":10
       ,"Region":"Feedback (18759782406267379655)"
       ,"Position":"BODY"
      }
     ,"Advanced":{
        "Warn on Unsaved Changes":"Page Default"
      }
     ,"Source":{
        "Type":"Null"
       ,"Used":"Always, replacing any existing value in session state"
      }
     ,"Session State":{
        "Data Type":"VARCHAR2"
       ,"Storage":"Per Session (Persistent)"
      }
     ,"Security":{
        "Session State Protection":"Checksum Required - Session Level"
       ,"Store value encrypted in session state":false
       ,"Restricted Characters":"All characters can be saved."
      }
     ,"Help":{
        "Help Text":"Identifies Application."
      }
    }
   ,{
      "id":"18759783677602379662"
     ,"Identification":{
        "Name":"P118_PAGE_ID"
       ,"Type":"Display Only"
      }
     ,"Label":{
        "Label":"Page:"
       ,"Alignment":"Left"
      }
     ,"Settings":{
        "Format":"Plain Text"
       ,"Based On":"Display Value of List of Values"
       ,"Show Line Breaks":false
       ,"Send On Page Submit":true
      }
     ,"Layout":{
        "Sequence":20
       ,"Region":"Feedback (18759782406267379655)"
       ,"Position":"BODY"
       ,"Alignment":"Left"
       ,"Start New Layout":false
       ,"Start New Row":true
       ,"Column":"Automatic"
       ,"New Column":true
       ,"Column Span":"Automatic"
       ,"Label Column Span":"Page Template Default"
      }
     ,"Appearance":{
        "Template":"Required (14888281618892691888)"
       ,"Template Options":[
          "#DEFAULT#"
        ]
      }
     ,"List of Values":{
        "Type":"SQL Query"
       ,"SQL Query":"select page_id || \u0027. \u0027 || replace(page_name, :APPLICATION_TITLE, null) d, page_id v from apex_application_pages where page_id = :P118_PAGE_ID and application_id = :P118_APPLICATION_ID"
       ,"Display Extra Values":true
      }
     ,"Advanced":{
        "Custom Attributes":[
          "class=\"fielddatabold\""
        ]
       ,"Warn on Unsaved Changes":"Page Default"
      }
     ,"Source":{
        "Type":"Null"
       ,"Used":"Always, replacing any existing value in session state"
      }
     ,"Session State":{
        "Data Type":"VARCHAR2"
       ,"Storage":"Per Session (Persistent)"
      }
     ,"Security":{
        "Session State Protection":"Checksum Required - Session Level"
       ,"Store value encrypted in session state":false
       ,"Restricted Characters":"All characters can be saved."
      }
     ,"Help":{
        "Help Text":"Identifies page within application."
      }
    }
   ,{
      "id":"18759784540608379666"
     ,"Identification":{
        "Name":"P118_FEEDBACK_TYPE"
       ,"Type":"Select List"
      }
     ,"Label":{
        "Label":"Feedback Type"
       ,"Alignment":"Left"
      }
     ,"Settings":{
        "Page Action on Selection":"None"
       ,"Allow Multi Selection":false
      }
     ,"Layout":{
        "Sequence":30
       ,"Region":"Feedback (18759782406267379655)"
       ,"Position":"BODY"
       ,"Alignment":"Left"
       ,"Start New Layout":false
       ,"Start New Row":true
       ,"Column":"Automatic"
       ,"New Column":true
       ,"Column Span":"Automatic"
       ,"Label Column Span":"Page Template Default"
      }
     ,"Appearance":{
        "Template":"Required (14888281618892691888)"
       ,"Template Options":[
          "#DEFAULT#"
        ]
      }
     ,"Validation":{
        "Value Required":true
      }
     ,"List of Values":{
        "Type":"Shared Component"
       ,"List of Values":"FEEDBACK TYPES (18759788739499379691)"
       ,"Display Extra Values":false
       ,"Display Null Value":false
      }
     ,"Advanced":{
        "Warn on Unsaved Changes":"Page Default"
      }
     ,"Source":{
        "Type":"Static Value"
       ,"Static Value":"1"
       ,"Used":"Always, replacing any existing value in session state"
      }
     ,"Session State":{
        "Storage":"Per Session (Persistent)"
      }
     ,"Quick Picks":{
        "Show Quick Picks":false
      }
     ,"Security":{
        "Session State Protection":"Unrestricted"
       ,"Store value encrypted in session state":false
       ,"Restricted Characters":"All characters can be saved."
      }
     ,"Help":{
        "Help Text":"Please identify the type of feedback you are providing."
      }
    }
   ,{
      "id":"18759785437073379667"
     ,"Identification":{
        "Name":"P118_FEEDBACK"
       ,"Type":"Textarea"
      }
     ,"Label":{
        "Label":"Feedback"
       ,"Alignment":"Left"
      }
     ,"Settings":{
        "Resizable":false
       ,"Auto-Height":false
       ,"Character Counter":false
       ,"Trim Spaces":"None"
      }
     ,"Layout":{
        "Sequence":40
       ,"Region":"Feedback (18759782406267379655)"
       ,"Position":"BODY"
       ,"Alignment":"Left"
       ,"Start New Layout":false
       ,"Start New Row":true
       ,"Column":"2"
       ,"New Column":true
       ,"Column Span":"Automatic"
       ,"Label Column Span":"Page Template Default"
      }
     ,"Appearance":{
        "Template":"Required - Above (15050274892834028685)"
       ,"Template Options":[
          "#DEFAULT#"
         ,"t-Form-fieldContainer--stretchInputs"
        ]
       ,"Width":64
       ,"Height":4
      }
     ,"Validation":{
        "Value Required":true
       ,"Maximum Length":4000
      }
     ,"Advanced":{
        "Warn on Unsaved Changes":"Page Default"
      }
     ,"Source":{
        "Type":"Null"
       ,"Used":"Always, replacing any existing value in session state"
      }
     ,"Session State":{
        "Data Type":"VARCHAR2"
       ,"Storage":"Per Session (Persistent)"
      }
     ,"Quick Picks":{
        "Show Quick Picks":false
      }
     ,"Security":{
        "Session State Protection":"Unrestricted"
       ,"Store value encrypted in session state":false
       ,"Restricted Characters":"All characters can be saved."
      }
     ,"Help":{
        "Help Text":"Enter your feedback and press the submit feedback button."
      }
    }
  ]
 ,"Buttons":[
    {
      "id":"18759771154219379650"
     ,"Identification":{
        "Button Name":"CANCEL"
       ,"Label":"Cancel"
      }
     ,"Layout":{
        "Sequence":10
       ,"Region":"Buttons (18759770711434379648)"
       ,"Position":"EDIT"
       ,"Start New Layout":false
       ,"Start New Row":true
       ,"Column":"Automatic"
       ,"New Column":true
       ,"Column Span":"Automatic"
      }
     ,"Appearance":{
        "Button Template":"Text (14888282487315691892)"
       ,"Hot":false
       ,"Template Options":[
          "#DEFAULT#"
        ]
      }
     ,"Behavior":{
        "Action":"Submit Page"
       ,"Execute Validations":false
       ,"Warn on Unsaved Changes":"Do Not Check"
      }
    }
   ,{
      "id":"18759781585086379653"
     ,"Identification":{
        "Button Name":"SUBMIT"
       ,"Label":"Submit Feedback"
      }
     ,"Layout":{
        "Sequence":20
       ,"Region":"Buttons (18759770711434379648)"
       ,"Position":"CREATE"
       ,"Start New Layout":false
       ,"Start New Row":true
       ,"Column":"Automatic"
       ,"New Column":true
       ,"Column Span":"Automatic"
      }
     ,"Appearance":{
        "Button Template":"Text (14888282487315691892)"
       ,"Hot":true
       ,"Template Options":[
          "#DEFAULT#"
         ,"t-Button--gapLeft"
        ]
      }
     ,"Behavior":{
        "Action":"Submit Page"
       ,"Execute Validations":true
       ,"Warn on Unsaved Changes":"Do Not Check"
      }
    }
  ]
 ,"Dynamic Actions":[
    {
      "id":"18759787813825379683"
     ,"Identification":{
        "Name":"Remove APP_TITLE from page titles"
      }
     ,"Execution":{
        "Sequence":10
      }
     ,"When":{
        "Event":"EVENT.EVENT.BROWSER.READY"
      }
     ,"Execution":{
        "Event Scope":"Dynamic"
      }
     ,"Actions":[
        {
          "id":"18759788400108379685"
         ,"Identification":{
            "Action":"Execute JavaScript Code"
          }
         ,"Settings":{
            "Code":"this.affectedElements.html(this.affectedElements.html().replace(\u0027\u0026amp;APPLICATION_TITLE.\u0027,\u0027\u0027));\n\/\/console.log(\u0027Page Title = \u0027 + this.affectedElements.html());"
          }
         ,"Affected Elements":{
            "Selection Type":"jQuery Selector"
           ,"jQuery Selector":"#P118_PAGE_ID_DISPLAY"
          }
         ,"Execution":{
            "Sequence":10
           ,"Event":"Remove APP_TITLE from page titles (18759787813825379683)"
           ,"Fire When Event Result Is":"True"
           ,"Fire on Initialization":true
          }
        }
      ]
    }
  ]
 ,"Processes":[
    {
      "id":"18759787082909379682"
     ,"Identification":{
        "Name":"Submit Feedback"
       ,"Type":"Execute Code"
       ,"Execution Chain":"None"
      }
     ,"Source":{
        "Location":"Local Database"
       ,"Language":"PL\/SQL"
       ,"PL\/SQL Code":"insert into eba_cust_feedback\n(application_id, page_id, feedback, type_id, status)\nvalues\n(:P118_APPLICATION_ID, :P118_PAGE_ID, :P118_FEEDBACK, :P118_FEEDBACK_TYPE, \u0027OPEN\u0027);\n\n-- Send an email to the feedback recipients\n-- if no feedback recipients have been defined - no email will be sent\neba_cust_email.send_feedback_email\n(\n    p_app_id        =\u003E :APP_ID,\n    p_page_id       =\u003E :P118_PAGE_ID,\n    p_submitter     =\u003E :APP_USER,\n    p_feedback_type =\u003E case :P118_FEEDBACK_TYPE \n                           when \u00271\u0027 then \u0027General Comment\u0027\n                           when \u00272\u0027 then \u0027Enhancement Request\u0027\n                           when \u00273\u0027 then \u0027Bug\u0027\n                           else \u0027Feedback\u0027\n                       end,\n    p_feedback      =\u003E apex_escape.html(:P118_FEEDBACK)\n);"
      }
     ,"Execution":{
        "Sequence":20
       ,"Point":"Processing"
       ,"Run Process":"Once Per Page Visit (default)"
      }
     ,"Success Message":{
        "Success Message":"Your feedback has been sent successfully. Thanks for sharing this feedback!"
      }
     ,"Error":{
        "Display Location":"Inline in Notification"
      }
     ,"Server-side Condition":{
        "When Button Pressed":"SUBMIT (18759781585086379653)"
      }
    }
   ,{
      "id":"18759787476875379682"
     ,"Identification":{
        "Name":"Close Dialog"
       ,"Type":"Close Dialog"
       ,"Execution Chain":"None"
      }
     ,"Execution":{
        "Sequence":30
       ,"Point":"Processing"
       ,"Run Process":"Once Per Page Visit (default)"
      }
     ,"Error":{
        "Display Location":"Inline in Notification"
      }
    }
  ]
}
