{
  "id":"1001"
 ,"Identification":{
    "Name":"Page Help Dialog"
   ,"Alias":"PAGE-HELP-DIALOG"
   ,"Title":"Help"
  }
 ,"Appearance":{
    "Page Mode":"Modal Dialog"
   ,"Dialog Template":"Modal Dialog (14888237770834691803)"
   ,"Template Options":[
      "#DEFAULT#"
    ]
  }
 ,"Dialog":{
    "Chained":true
  }
 ,"Navigation Menu":{
    "Override User Interface Level":false
  }
 ,"Navigation":{
    "Cursor Focus":"Do not focus cursor"
   ,"Warn on Unsaved Changes":true
  }
 ,"Security":{
    "Authentication":"Page Requires Authentication"
   ,"Deep Linking":"Application Default"
   ,"Page Access Protection":"Arguments Must Have Checksum"
   ,"Form Auto Complete":"Off"
   ,"Browser Cache":"Application Default"
  }
 ,"Session Management":{
    "Rejoin Sessions":"Application Default"
  }
 ,"Advanced":{
    "Enable duplicate page submissions":"Yes - Enable page to be re-posted"
   ,"Reload on Submit":"Only for Success"
  }
 ,"Server Cache":{
    "Caching":"Disabled"
  }
 ,"Regions":[
    {
      "id":"2785494661794456300"
     ,"Identification":{
        "Title":"Buttons"
       ,"Type":"Static Content"
      }
     ,"Layout":{
        "Sequence":10
       ,"Parent Region":"No Parent"
       ,"Position":"REGION_POSITION_03"
       ,"Start New Layout":false
       ,"Start New Row":true
       ,"Column":"Automatic"
       ,"New Column":true
       ,"Column Span":"Automatic"
      }
     ,"Appearance":{
        "Template":"Buttons Container (14888251272274691825)"
       ,"Template Options":[
          "#DEFAULT#"
         ,"t-ButtonRegion--slimPadding"
        ]
       ,"Render Components":"Above Content"
      }
     ,"Accessibility":{
        "Use Landmark":true
       ,"Landmark Type":"Template Default"
      }
     ,"Advanced":{
        "Region Display Selector":true
       ,"Exclude Title from Translation":false
      }
     ,"Server Cache":{
        "Caching":"Disabled"
      }
     ,"Customization":{
        "Customizable":"Not Customizable By End Users"
      }
     ,"Attributes":{
        "Settings":{
          "Output As":"HTML"
         ,"Expand Shortcuts":false
        }
      }
    }
   ,{
      "id":"2785494881928456302"
     ,"Identification":{
        "Title":"About this Page"
       ,"Type":"PL\/SQL Dynamic Content [Legacy]"
      }
     ,"Source":{
        "PL\/SQL Code":"for c1 in \n(\n    select page_title, help_text \n      from apex_application_pages\n     where page_id = :P1001_PAGE_ID \n       and application_id = :APP_ID\n)\nloop\n    if c1.help_text is null then\n        sys.htp.p(\u0027No help is available for this page.\u0027);\n    else\n        if substr(c1.help_text, 1, 3) != \u0027\u003Cp\u003E\u0027 then\n            sys.htp.p(\u0027\u003Cp\u003E\u0027);\n        end if;\n\n        sys.htp.p(apex_application.do_substitutions(c1.help_text, \u0027ESC\u0027));\n\n        if substr(trim(c1.help_text), -4) != \u0027\u003C\/p\u003E\u0027 then\n            sys.htp.p(\u0027\u003C\/p\u003E\u0027);\n        end if;\n    end if;\nend loop;"
      }
     ,"Layout":{
        "Sequence":10
       ,"Parent Region":"No Parent"
       ,"Position":"BODY"
       ,"Start New Layout":false
       ,"Start New Row":true
       ,"Column":"Automatic"
       ,"New Column":true
       ,"Column Span":"Automatic"
      }
     ,"Appearance":{
        "Template":"Blank with Attributes (14888250988334691823)"
       ,"Template Options":[
          "#DEFAULT#"
        ]
       ,"Render Components":"Above Content"
      }
     ,"Accessibility":{
        "Use Landmark":true
       ,"Landmark Type":"Template Default"
      }
     ,"Advanced":{
        "Region Display Selector":true
       ,"Exclude Title from Translation":false
      }
     ,"Server Cache":{
        "Caching":"Disabled"
      }
     ,"Customization":{
        "Customizable":"Not Customizable By End Users"
      }
    }
  ]
 ,"Page Items":[
    {
      "id":"1445595529763171715"
     ,"Identification":{
        "Name":"P1001_PAGE_ID"
       ,"Type":"Hidden"
      }
     ,"Settings":{
        "Value Protected":true
      }
     ,"Layout":{
        "Sequence":10
       ,"Region":"About this Page (2785494881928456302)"
       ,"Position":"BODY"
      }
     ,"Advanced":{
        "Warn on Unsaved Changes":"Page Default"
      }
     ,"Source":{
        "Type":"Null"
       ,"Used":"Only when current value in session state is null"
      }
     ,"Session State":{
        "Data Type":"VARCHAR2"
       ,"Storage":"Per Session (Persistent)"
      }
     ,"Security":{
        "Session State Protection":"Checksum Required - Session Level"
       ,"Store value encrypted in session state":false
       ,"Restricted Characters":"All characters can be saved."
      }
    }
  ]
 ,"Buttons":[
    {
      "id":"1445594989582171708"
     ,"Identification":{
        "Button Name":"ABOUT_THIS_APP"
       ,"Label":"Learn More about \u0026APP_TITLE."
      }
     ,"Layout":{
        "Sequence":10
       ,"Region":"Buttons (2785494661794456300)"
       ,"Position":"PREVIOUS"
       ,"Start New Layout":false
       ,"Start New Row":true
       ,"Column":"Automatic"
       ,"New Column":true
       ,"Column Span":"Automatic"
      }
     ,"Appearance":{
        "Button Template":"Text (14888282487315691892)"
       ,"Hot":false
       ,"Template Options":[
          "#DEFAULT#"
         ,"t-Button--small"
         ,"t-Button--link"
        ]
      }
     ,"Behavior":{
        "Action":"Redirect to Page in this Application"
       ,"Target":{
          "url":"f?p=\u0026APP_ID.:HELP:\u0026SESSION.::\u0026DEBUG.:RP::"
         ,"Page":"HELP"
         ,"Clear Cache":"RP"
        }
       ,"Warn on Unsaved Changes":"Do Not Check"
      }
    }
  ]
}
