{
  "id":"9999"
 ,"Identification":{
    "Name":"Image Download"
   ,"Alias":"IMAGE"
   ,"Title":"Image Download"
   ,"Page Group":"Customers (14749179822908293214)"
  }
 ,"Appearance":{
    "Page Mode":"Normal"
   ,"Page Template":"Theme Default"
   ,"Template Options":[
      "#DEFAULT#"
    ]
  }
 ,"Navigation Menu":{
    "Override User Interface Level":false
  }
 ,"Navigation":{
    "Cursor Focus":"Do not focus cursor"
   ,"Warn on Unsaved Changes":false
  }
 ,"Security":{
    "Authentication":"Page Is Public"
  }
 ,"Advanced":{
    "Enable Meta Tags":false
  }
 ,"Security":{
    "Deep Linking":"Application Default"
   ,"Page Access Protection":"Arguments Must Have Checksum"
   ,"Form Auto Complete":"On"
   ,"Browser Cache":"Application Default"
  }
 ,"Session Management":{
    "Rejoin Sessions":"Application Default"
  }
 ,"Advanced":{
    "Enable duplicate page submissions":"Yes - Enable page to be re-posted"
   ,"Reload on Submit":"Always"
  }
 ,"Server Cache":{
    "Caching":"Disabled"
  }
 ,"Help":{
    "Help Text":"No help is available for this page."
  }
 ,"Comments":{
    "Comments":"This page is only used as a placeholder for calling the get image URL on demand process."
  }
}
