[
  {
    "id":"13799618844228479"
   ,"Identification":{
      "Name":"Breadcrumb"
    }
   ,"Entries":[
      {
        "id":"13799844213228479"
       ,"Identification":{
          "Name":"Home"
         ,"Page Number":"1"
        }
       ,"Execution":{
          "Sequence":10
        }
       ,"Link":{
          "Target":{
            "url":"f?p=\u0026APP_ID.:1:\u0026APP_SESSION.::\u0026DEBUG."
           ,"Page":"1"
          }
        }
      }
     ,{
        "id":"18097126900524216"
       ,"Identification":{
          "Name":"MD 1"
         ,"Page Number":"5"
        }
       ,"Execution":{
          "Sequence":10
        }
       ,"Link":{
          "Target":{
            "url":"f?p=\u0026APP_ID.:5:\u0026APP_SESSION.::\u0026DEBUG.:::"
           ,"Page":"5"
          }
        }
      }
     ,{
        "id":"18126187903544225"
       ,"Identification":{
          "Name":"MD2"
         ,"Page Number":"7"
        }
       ,"Execution":{
          "Sequence":10
        }
       ,"Link":{
          "Target":{
            "url":"f?p=\u0026APP_ID.:7:\u0026APP_SESSION.::\u0026DEBUG.:::"
           ,"Page":"7"
          }
        }
      }
     ,{
        "id":"18173561922563205"
       ,"Identification":{
          "Name":"MD3"
         ,"Page Number":"11"
        }
       ,"Execution":{
          "Sequence":10
        }
       ,"Link":{
          "Target":{
            "url":"f?p=\u0026APP_ID.:11:\u0026APP_SESSION.::\u0026DEBUG.:::"
           ,"Page":"11"
          }
        }
      }
     ,{
        "id":"18174757265563206"
       ,"Identification":{
          "Name":"EMPS"
         ,"Page Number":"12"
        }
       ,"Execution":{
          "Sequence":10
        }
       ,"Appearance":{
          "Parent Entry":"MD3 (18173561922563205)"
        }
       ,"Link":{
          "Target":{
            "url":"f?p=\u0026APP_ID.:12:\u0026APP_SESSION.::\u0026DEBUG.:::"
           ,"Page":"12"
          }
        }
      }
     ,{
        "id":"18190795160680586"
       ,"Identification":{
          "Name":"SEMP"
         ,"Page Number":"13"
        }
       ,"Execution":{
          "Sequence":10
        }
       ,"Link":{
          "Target":{
            "url":"f?p=\u0026APP_ID.:13:\u0026APP_SESSION.::\u0026DEBUG.:::"
           ,"Page":"13"
          }
        }
      }
     ,{
        "id":"37676872470530448"
       ,"Identification":{
          "Name":"print excel"
         ,"Page Number":"4"
        }
       ,"Execution":{
          "Sequence":10
        }
       ,"Link":{
          "Target":{
            "url":"f?p=\u0026APP_ID.:4:\u0026APP_SESSION.::\u0026DEBUG.:::"
           ,"Page":"4"
          }
        }
      }
    ]
  }
]
