[
  {
    "id":"19397450169175161"
   ,"Identification":{
      "Name":"1"
    }
   ,"Settings":{
      "Subject":"1"
     ,"Priority":"3-Medium"
    }
   ,"Deadline":{
      "Due On Type":"None"
    }
   ,"Source":{
      "Table Owner":"Parsing Schema"
    }
   ,"Advanced":{
      "Static ID":"1"
    }
   ,"Parameters":[
      {
        "id":"19398581073179351"
       ,"Identification":{
          "Static ID":"45"
        }
       ,"Label":{
          "Label":"45"
        }
       ,"Value":{
          "Data Type":"String"
         ,"Required":true
        }
       ,"Advanced":{
          "Show on Task Details":true
        }
      }
    ]
   ,"Participants":[
      {
        "id":"19398178995179347"
       ,"Identification":{
          "Type":"Potential Owner"
        }
       ,"Value":{
          "Type":"SQL Query"
         ,"SQL Query":"select 1 from dual"
        }
      }
    ]
  }
]
