[
  {
    "id":"51581955191528360"
   ,"Identification":{
      "Name":"Media List"
    }
  }
 ,{
    "id":"639781969548414301"
   ,"Identification":{
      "Name":"Content Row"
    }
  }
 ,{
    "id":"830406945665689869"
   ,"Identification":{
      "Name":"Contextual Info"
    }
  }
 ,{
    "id":"13628279727725206304"
   ,"Identification":{
      "Name":"Timeline"
    }
  }
 ,{
    "id":"14888268738355691853"
   ,"Identification":{
      "Name":"Badge List"
    }
  }
 ,{
    "id":"14888270963898691857"
   ,"Identification":{
      "Name":"Comments"
    }
  }
 ,{
    "id":"14888271076302691858"
   ,"Identification":{
      "Name":"Search Results"
    }
  }
 ,{
    "id":"14888271344395691859"
   ,"Identification":{
      "Name":"Standard"
    }
  }
 ,{
    "id":"14888273059962691863"
   ,"Identification":{
      "Name":"Value Attribute Pairs - Row"
    }
  }
 ,{
    "id":"14888273239684691865"
   ,"Identification":{
      "Name":"Value Attribute Pairs - Column"
    }
  }
 ,{
    "id":"14904021707502102923"
   ,"Identification":{
      "Name":"Alerts"
    }
  }
 ,{
    "id":"15050272951605028665"
   ,"Identification":{
      "Name":"Cards"
    }
  }
]
