[
  {
    "id":"295786634453769843"
   ,"Identification":{
      "Name":"Required - Floating"
    }
  }
 ,{
    "id":"295787000362769848"
   ,"Identification":{
      "Name":"Optional - Floating"
    }
  }
 ,{
    "id":"14888281412990691885"
   ,"Identification":{
      "Name":"Hidden"
    }
  }
 ,{
    "id":"14888281543517691887"
   ,"Identification":{
      "Name":"Optional"
    }
  }
 ,{
    "id":"14888281618892691888"
   ,"Identification":{
      "Name":"Required"
    }
  }
 ,{
    "id":"15050274849633028680"
   ,"Identification":{
      "Name":"Optional - Above"
    }
  }
 ,{
    "id":"15050274892834028685"
   ,"Identification":{
      "Name":"Required - Above"
    }
  }
]
