[
  {
    "id":"51541778103528328"
   ,"Identification":{
      "Name":"Top Navigation Tabs"
    }
  }
 ,{
    "id":"596102564941565622"
   ,"Identification":{
      "Name":"Top Navigation Mega Menu"
    }
  }
 ,{
    "id":"14888274427917691867"
   ,"Identification":{
      "Name":"Badge List"
    }
  }
 ,{
    "id":"14888276470713691870"
   ,"Identification":{
      "Name":"Links List"
    }
  }
 ,{
    "id":"14888277784007691872"
   ,"Identification":{
      "Name":"Media List"
    }
  }
 ,{
    "id":"14888279475934691875"
   ,"Identification":{
      "Name":"Menu Bar"
    }
  }
 ,{
    "id":"14888279674944691877"
   ,"Identification":{
      "Name":"Top Navigation Menu"
    }
  }
 ,{
    "id":"14888280312781691881"
   ,"Identification":{
      "Name":"Navigation Bar"
    }
  }
 ,{
    "id":"14888280526311691882"
   ,"Identification":{
      "Name":"Side Navigation Menu"
    }
  }
 ,{
    "id":"14888280721200691884"
   ,"Identification":{
      "Name":"Wizard Progress"
    }
  }
 ,{
    "id":"14893769891379894135"
   ,"Identification":{
      "Name":"Cards"
    }
  }
 ,{
    "id":"15305287121403114674"
   ,"Identification":{
      "Name":"Tabs"
    }
  }
 ,{
    "id":"15545363547971904904"
   ,"Identification":{
      "Name":"Menu Popup"
    }
  }
]
