[
  {
    "id":"331640336581686499"
   ,"Identification":{
      "Name":"Drawer"
    }
  }
 ,{
    "id":"14888221571271691783"
   ,"Identification":{
      "Name":"Standard"
    }
  }
 ,{
    "id":"14888224114215691787"
   ,"Identification":{
      "Name":"Left Side Column"
    }
  }
 ,{
    "id":"14888227243379691792"
   ,"Identification":{
      "Name":"Left and Right Side Columns"
    }
  }
 ,{
    "id":"14888230737466691795"
   ,"Identification":{
      "Name":"Login"
    }
  }
 ,{
    "id":"14888234264824691800"
   ,"Identification":{
      "Name":"Marquee"
    }
  }
 ,{
    "id":"14888237770834691803"
   ,"Identification":{
      "Name":"Modal Dialog"
    }
  }
 ,{
    "id":"14888244658896691813"
   ,"Identification":{
      "Name":"Right Side Column"
    }
  }
 ,{
    "id":"14888247760247691816"
   ,"Identification":{
      "Name":"Wizard Modal Dialog"
    }
  }
 ,{
    "id":"15050224004758028507"
   ,"Identification":{
      "Name":"Minimal (No Navigation)"
    }
  }
]
