[
  {
    "id":"156717065420851759"
   ,"Identification":{
      "Name":"Inline Popup"
    }
  }
 ,{
    "id":"331836676732686159"
   ,"Identification":{
      "Name":"Inline Drawer"
    }
  }
 ,{
    "id":"386582265255644989"
   ,"Identification":{
      "Name":"Search Results Container"
    }
  }
 ,{
    "id":"386586613743644992"
   ,"Identification":{
      "Name":"Item Container"
    }
  }
 ,{
    "id":"546957603157172373"
   ,"Identification":{
      "Name":"Image"
    }
  }
 ,{
    "id":"725126743519434115"
   ,"Identification":{
      "Name":"Cards Container"
    }
  }
 ,{
    "id":"1086415015402412832"
   ,"Identification":{
      "Name":"Content Block"
    }
  }
 ,{
    "id":"1959782175155506082"
   ,"Identification":{
      "Name":"Blank with Attributes (No Grid)"
    }
  }
 ,{
    "id":"14888249258257691818"
   ,"Identification":{
      "Name":"Alert"
    }
  }
 ,{
    "id":"14888250988334691823"
   ,"Identification":{
      "Name":"Blank with Attributes"
    }
  }
 ,{
    "id":"14888251272274691825"
   ,"Identification":{
      "Name":"Buttons Container"
    }
  }
 ,{
    "id":"14888257145853691829"
   ,"Identification":{
      "Name":"Carousel Container"
    }
  }
 ,{
    "id":"14888259977059691836"
   ,"Identification":{
      "Name":"Inline Dialog"
    }
  }
 ,{
    "id":"14888260989426691838"
   ,"Identification":{
      "Name":"Hero"
    }
  }
 ,{
    "id":"14888261571832691840"
   ,"Identification":{
      "Name":"Collapsible"
    }
  }
 ,{
    "id":"14888264240956691843"
   ,"Identification":{
      "Name":"Interactive Report"
    }
  }
 ,{
    "id":"14888264529685691845"
   ,"Identification":{
      "Name":"Login"
    }
  }
 ,{
    "id":"14888264683728691846"
   ,"Identification":{
      "Name":"Standard"
    }
  }
 ,{
    "id":"14888267217215691848"
   ,"Identification":{
      "Name":"Title Bar"
    }
  }
 ,{
    "id":"14888267911512691851"
   ,"Identification":{
      "Name":"Wizard Container"
    }
  }
 ,{
    "id":"15264792264344749312"
   ,"Identification":{
      "Name":"Tabs Container"
    }
  }
]
