[
  {
    "id":"13861691915228555"
   ,"Identification":{
      "Name":"Alerts"
    }
  }
 ,{
    "id":"13861863424228558"
   ,"Identification":{
      "Name":"Badge List"
    }
  }
 ,{
    "id":"13865818960228560"
   ,"Identification":{
      "Name":"Comments"
    }
  }
 ,{
    "id":"13867246297228563"
   ,"Identification":{
      "Name":"Media List"
    }
  }
 ,{
    "id":"13870299168228566"
   ,"Identification":{
      "Name":"Standard"
    }
  }
 ,{
    "id":"13872886463228567"
   ,"Identification":{
      "Name":"Value Attribute Pairs - Column"
    }
  }
 ,{
    "id":"13874818615228568"
   ,"Identification":{
      "Name":"Value Attribute Pairs - Row"
    }
  }
 ,{
    "id":"13876663374228570"
   ,"Identification":{
      "Name":"Timeline"
    }
  }
 ,{
    "id":"13877007836228571"
   ,"Identification":{
      "Name":"Cards"
    }
  }
 ,{
    "id":"13882201863228574"
   ,"Identification":{
      "Name":"Search Results"
    }
  }
]
