[
  {
    "id":"13904682159228592"
   ,"Identification":{
      "Name":"Hidden"
    }
  }
 ,{
    "id":"13904744926228594"
   ,"Identification":{
      "Name":"Optional"
    }
  }
 ,{
    "id":"13904878658228594"
   ,"Identification":{
      "Name":"Optional - Above"
    }
  }
 ,{
    "id":"13904959950228594"
   ,"Identification":{
      "Name":"Optional - Floating"
    }
  }
 ,{
    "id":"13905066464228594"
   ,"Identification":{
      "Name":"Required"
    }
  }
 ,{
    "id":"13905107133228594"
   ,"Identification":{
      "Name":"Required - Above"
    }
  }
 ,{
    "id":"13905292022228594"
   ,"Identification":{
      "Name":"Required - Floating"
    }
  }
]
