[
  {
    "id":"13882460332228575"
   ,"Identification":{
      "Name":"Badge List"
    }
  }
 ,{
    "id":"13886401194228581"
   ,"Identification":{
      "Name":"Cards"
    }
  }
 ,{
    "id":"13892045090228583"
   ,"Identification":{
      "Name":"Media List"
    }
  }
 ,{
    "id":"13894827067228585"
   ,"Identification":{
      "Name":"Navigation Bar"
    }
  }
 ,{
    "id":"13895098978228585"
   ,"Identification":{
      "Name":"Side Navigation Menu"
    }
  }
 ,{
    "id":"13896076289228586"
   ,"Identification":{
      "Name":"Top Navigation Menu"
    }
  }
 ,{
    "id":"13897043785228587"
   ,"Identification":{
      "Name":"Links List"
    }
  }
 ,{
    "id":"13898615575228588"
   ,"Identification":{
      "Name":"Menu Bar"
    }
  }
 ,{
    "id":"13899680281228589"
   ,"Identification":{
      "Name":"Top Navigation Tabs"
    }
  }
 ,{
    "id":"13901212297228590"
   ,"Identification":{
      "Name":"Wizard Progress"
    }
  }
 ,{
    "id":"13902600573228591"
   ,"Identification":{
      "Name":"Menu Popup"
    }
  }
 ,{
    "id":"13903099682228591"
   ,"Identification":{
      "Name":"Tabs"
    }
  }
]
