[
  {
    "id":"13800427332228497"
   ,"Identification":{
      "Name":"Left Side Column"
    }
  }
 ,{
    "id":"13803231672228510"
   ,"Identification":{
      "Name":"Left and Right Side Columns"
    }
  }
 ,{
    "id":"13806305238228511"
   ,"Identification":{
      "Name":"Login"
    }
  }
 ,{
    "id":"13807164969228512"
   ,"Identification":{
      "Name":"Marquee"
    }
  }
 ,{
    "id":"13810299494228514"
   ,"Identification":{
      "Name":"Modal Dialog"
    }
  }
 ,{
    "id":"13811779684228515"
   ,"Identification":{
      "Name":"Right Side Column"
    }
  }
 ,{
    "id":"13814501384228516"
   ,"Identification":{
      "Name":"Wizard Modal Dialog"
    }
  }
 ,{
    "id":"13816041540228517"
   ,"Identification":{
      "Name":"Standard"
    }
  }
 ,{
    "id":"13818574140228518"
   ,"Identification":{
      "Name":"Minimal (No Navigation)"
    }
  }
]
