[
  {
    "id":"13821067731228522"
   ,"Identification":{
      "Name":"Alert"
    }
  }
 ,{
    "id":"13824791288228531"
   ,"Identification":{
      "Name":"Blank with Attributes"
    }
  }
 ,{
    "id":"13824907704228531"
   ,"Identification":{
      "Name":"Blank with Attributes (No Grid)"
    }
  }
 ,{
    "id":"13825796555228531"
   ,"Identification":{
      "Name":"Buttons Container"
    }
  }
 ,{
    "id":"13827980312228533"
   ,"Identification":{
      "Name":"Carousel Container"
    }
  }
 ,{
    "id":"13835117606228537"
   ,"Identification":{
      "Name":"Collapsible"
    }
  }
 ,{
    "id":"13840571406228540"
   ,"Identification":{
      "Name":"Content Block"
    }
  }
 ,{
    "id":"13842561190228543"
   ,"Identification":{
      "Name":"Hero"
    }
  }
 ,{
    "id":"13844603874228543"
   ,"Identification":{
      "Name":"Inline Dialog"
    }
  }
 ,{
    "id":"13846964090228544"
   ,"Identification":{
      "Name":"Inline Popup"
    }
  }
 ,{
    "id":"13848872653228545"
   ,"Identification":{
      "Name":"Interactive Report"
    }
  }
 ,{
    "id":"13849480466228546"
   ,"Identification":{
      "Name":"Login"
    }
  }
 ,{
    "id":"13849955699228546"
   ,"Identification":{
      "Name":"Standard"
    }
  }
 ,{
    "id":"13856782478228549"
   ,"Identification":{
      "Name":"Tabs Container"
    }
  }
 ,{
    "id":"13859311033228553"
   ,"Identification":{
      "Name":"Title Bar"
    }
  }
 ,{
    "id":"13860381099228553"
   ,"Identification":{
      "Name":"Wizard Container"
    }
  }
]
